csv_line,id,type,score,chinese,requirement,status,chinese_vs_requirement,requirement_vs_code,code_refs,recommendation
2,ACACIA_BUTTON,block,1,金合欢木按钮,,consistent,中文显示“金合欢木按钮”与 ID（Material.ACACIA_BUTTON）一致。作为 block 类型目标，requirement 为空符合系统设计规范（物品收集类任务由 Material ID 驱动）。,Game.runPer5Tick 每 5 tick 轮询 checkRedInventory / checkBlueInventory，检查在线队员背包与队伍共享箱是否持有 Material.ACACIA_BUTTON。该材质在 Paper 26.2 Material 枚举中存在，代码逻辑与静态结构一致。,"src/main/java/top/lqsnow/blockracing/managers/Game.java (checkRedInventory/checkBlueInventory), src/main/java/top/lqsnow/blockracing/managers/Block.java (loadTargets)",无
3,ACACIA_DOOR,block,1,金合欢木门,,consistent,中文显示“金合欢木门”与 ID（Material.ACACIA_DOOR）一致。作为 block 类型目标，requirement 为空符合系统设计规范（物品收集类任务由 Material ID 驱动）。,Game.runPer5Tick 每 5 tick 轮询 checkRedInventory / checkBlueInventory，检查在线队员背包与队伍共享箱是否持有 Material.ACACIA_DOOR。该材质在 Paper 26.2 Material 枚举中存在，代码逻辑与静态结构一致。,"src/main/java/top/lqsnow/blockracing/managers/Game.java (checkRedInventory/checkBlueInventory), src/main/java/top/lqsnow/blockracing/managers/Block.java (loadTargets)",无
4,ACACIA_FENCE,block,1,金合欢木栅栏,,consistent,中文显示“金合欢木栅栏”与 ID（Material.ACACIA_FENCE）一致。作为 block 类型目标，requirement 为空符合系统设计规范（物品收集类任务由 Material ID 驱动）。,Game.runPer5Tick 每 5 tick 轮询 checkRedInventory / checkBlueInventory，检查在线队员背包与队伍共享箱是否持有 Material.ACACIA_FENCE。该材质在 Paper 26.2 Material 枚举中存在，代码逻辑与静态结构一致。,"src/main/java/top/lqsnow/blockracing/managers/Game.java (checkRedInventory/checkBlueInventory), src/main/java/top/lqsnow/blockracing/managers/Block.java (loadTargets)",无
5,ACACIA_FENCE_GATE,block,1,金合欢木栅栏门,,consistent,中文显示“金合欢木栅栏门”与 ID（Material.ACACIA_FENCE_GATE）一致。作为 block 类型目标，requirement 为空符合系统设计规范（物品收集类任务由 Material ID 驱动）。,Game.runPer5Tick 每 5 tick 轮询 checkRedInventory / checkBlueInventory，检查在线队员背包与队伍共享箱是否持有 Material.ACACIA_FENCE_GATE。该材质在 Paper 26.2 Material 枚举中存在，代码逻辑与静态结构一致。,"src/main/java/top/lqsnow/blockracing/managers/Game.java (checkRedInventory/checkBlueInventory), src/main/java/top/lqsnow/blockracing/managers/Block.java (loadTargets)",无
6,ACACIA_HANGING_SIGN,block,1,悬挂式金合欢木告示牌,,consistent,中文显示“悬挂式金合欢木告示牌”与 ID（Material.ACACIA_HANGING_SIGN）一致。作为 block 类型目标，requirement 为空符合系统设计规范（物品收集类任务由 Material ID 驱动）。,Game.runPer5Tick 每 5 tick 轮询 checkRedInventory / checkBlueInventory，检查在线队员背包与队伍共享箱是否持有 Material.ACACIA_HANGING_SIGN。该材质在 Paper 26.2 Material 枚举中存在，代码逻辑与静态结构一致。,"src/main/java/top/lqsnow/blockracing/managers/Game.java (checkRedInventory/checkBlueInventory), src/main/java/top/lqsnow/blockracing/managers/Block.java (loadTargets)",无
7,ACACIA_LEAVES,block,1,金合欢树叶,,consistent,中文显示“金合欢树叶”与 ID（Material.ACACIA_LEAVES）一致。作为 block 类型目标，requirement 为空符合系统设计规范（物品收集类任务由 Material ID 驱动）。,Game.runPer5Tick 每 5 tick 轮询 checkRedInventory / checkBlueInventory，检查在线队员背包与队伍共享箱是否持有 Material.ACACIA_LEAVES。该材质在 Paper 26.2 Material 枚举中存在，代码逻辑与静态结构一致。,"src/main/java/top/lqsnow/blockracing/managers/Game.java (checkRedInventory/checkBlueInventory), src/main/java/top/lqsnow/blockracing/managers/Block.java (loadTargets)",无
8,ACACIA_LOG,block,1,金合欢原木,,consistent,中文显示“金合欢原木”与 ID（Material.ACACIA_LOG）一致。作为 block 类型目标，requirement 为空符合系统设计规范（物品收集类任务由 Material ID 驱动）。,Game.runPer5Tick 每 5 tick 轮询 checkRedInventory / checkBlueInventory，检查在线队员背包与队伍共享箱是否持有 Material.ACACIA_LOG。该材质在 Paper 26.2 Material 枚举中存在，代码逻辑与静态结构一致。,"src/main/java/top/lqsnow/blockracing/managers/Game.java (checkRedInventory/checkBlueInventory), src/main/java/top/lqsnow/blockracing/managers/Block.java (loadTargets)",无
9,ACACIA_PLANKS,block,1,金合欢木板,,consistent,中文显示“金合欢木板”与 ID（Material.ACACIA_PLANKS）一致。作为 block 类型目标，requirement 为空符合系统设计规范（物品收集类任务由 Material ID 驱动）。,Game.runPer5Tick 每 5 tick 轮询 checkRedInventory / checkBlueInventory，检查在线队员背包与队伍共享箱是否持有 Material.ACACIA_PLANKS。该材质在 Paper 26.2 Material 枚举中存在，代码逻辑与静态结构一致。,"src/main/java/top/lqsnow/blockracing/managers/Game.java (checkRedInventory/checkBlueInventory), src/main/java/top/lqsnow/blockracing/managers/Block.java (loadTargets)",无
10,ACACIA_PRESSURE_PLATE,block,1,金合欢木压力板,,consistent,中文显示“金合欢木压力板”与 ID（Material.ACACIA_PRESSURE_PLATE）一致。作为 block 类型目标，requirement 为空符合系统设计规范（物品收集类任务由 Material ID 驱动）。,Game.runPer5Tick 每 5 tick 轮询 checkRedInventory / checkBlueInventory，检查在线队员背包与队伍共享箱是否持有 Material.ACACIA_PRESSURE_PLATE。该材质在 Paper 26.2 Material 枚举中存在，代码逻辑与静态结构一致。,"src/main/java/top/lqsnow/blockracing/managers/Game.java (checkRedInventory/checkBlueInventory), src/main/java/top/lqsnow/blockracing/managers/Block.java (loadTargets)",无
11,ACACIA_SAPLING,block,1,金合欢树苗,,consistent,中文显示“金合欢树苗”与 ID（Material.ACACIA_SAPLING）一致。作为 block 类型目标，requirement 为空符合系统设计规范（物品收集类任务由 Material ID 驱动）。,Game.runPer5Tick 每 5 tick 轮询 checkRedInventory / checkBlueInventory，检查在线队员背包与队伍共享箱是否持有 Material.ACACIA_SAPLING。该材质在 Paper 26.2 Material 枚举中存在，代码逻辑与静态结构一致。,"src/main/java/top/lqsnow/blockracing/managers/Game.java (checkRedInventory/checkBlueInventory), src/main/java/top/lqsnow/blockracing/managers/Block.java (loadTargets)",无
12,ACACIA_SIGN,block,1,金合欢木告示牌,,consistent,中文显示“金合欢木告示牌”与 ID（Material.ACACIA_SIGN）一致。作为 block 类型目标，requirement 为空符合系统设计规范（物品收集类任务由 Material ID 驱动）。,Game.runPer5Tick 每 5 tick 轮询 checkRedInventory / checkBlueInventory，检查在线队员背包与队伍共享箱是否持有 Material.ACACIA_SIGN。该材质在 Paper 26.2 Material 枚举中存在，代码逻辑与静态结构一致。,"src/main/java/top/lqsnow/blockracing/managers/Game.java (checkRedInventory/checkBlueInventory), src/main/java/top/lqsnow/blockracing/managers/Block.java (loadTargets)",无
13,ACACIA_SLAB,block,1,金合欢木台阶,,consistent,中文显示“金合欢木台阶”与 ID（Material.ACACIA_SLAB）一致。作为 block 类型目标，requirement 为空符合系统设计规范（物品收集类任务由 Material ID 驱动）。,Game.runPer5Tick 每 5 tick 轮询 checkRedInventory / checkBlueInventory，检查在线队员背包与队伍共享箱是否持有 Material.ACACIA_SLAB。该材质在 Paper 26.2 Material 枚举中存在，代码逻辑与静态结构一致。,"src/main/java/top/lqsnow/blockracing/managers/Game.java (checkRedInventory/checkBlueInventory), src/main/java/top/lqsnow/blockracing/managers/Block.java (loadTargets)",无
14,ACACIA_STAIRS,block,1,金合欢木楼梯,,consistent,中文显示“金合欢木楼梯”与 ID（Material.ACACIA_STAIRS）一致。作为 block 类型目标，requirement 为空符合系统设计规范（物品收集类任务由 Material ID 驱动）。,Game.runPer5Tick 每 5 tick 轮询 checkRedInventory / checkBlueInventory，检查在线队员背包与队伍共享箱是否持有 Material.ACACIA_STAIRS。该材质在 Paper 26.2 Material 枚举中存在，代码逻辑与静态结构一致。,"src/main/java/top/lqsnow/blockracing/managers/Game.java (checkRedInventory/checkBlueInventory), src/main/java/top/lqsnow/blockracing/managers/Block.java (loadTargets)",无
15,ACACIA_TRAPDOOR,block,1,金合欢木活板门,,consistent,中文显示“金合欢木活板门”与 ID（Material.ACACIA_TRAPDOOR）一致。作为 block 类型目标，requirement 为空符合系统设计规范（物品收集类任务由 Material ID 驱动）。,Game.runPer5Tick 每 5 tick 轮询 checkRedInventory / checkBlueInventory，检查在线队员背包与队伍共享箱是否持有 Material.ACACIA_TRAPDOOR。该材质在 Paper 26.2 Material 枚举中存在，代码逻辑与静态结构一致。,"src/main/java/top/lqsnow/blockracing/managers/Game.java (checkRedInventory/checkBlueInventory), src/main/java/top/lqsnow/blockracing/managers/Block.java (loadTargets)",无
16,ACACIA_WOOD,block,1,金合欢木,,consistent,中文显示“金合欢木”与 ID（Material.ACACIA_WOOD）一致。作为 block 类型目标，requirement 为空符合系统设计规范（物品收集类任务由 Material ID 驱动）。,Game.runPer5Tick 每 5 tick 轮询 checkRedInventory / checkBlueInventory，检查在线队员背包与队伍共享箱是否持有 Material.ACACIA_WOOD。该材质在 Paper 26.2 Material 枚举中存在，代码逻辑与静态结构一致。,"src/main/java/top/lqsnow/blockracing/managers/Game.java (checkRedInventory/checkBlueInventory), src/main/java/top/lqsnow/blockracing/managers/Block.java (loadTargets)",无
17,ACTIVATOR_RAIL,block,1,激活铁轨,,consistent,中文显示“激活铁轨”与 ID（Material.ACTIVATOR_RAIL）一致。作为 block 类型目标，requirement 为空符合系统设计规范（物品收集类任务由 Material ID 驱动）。,Game.runPer5Tick 每 5 tick 轮询 checkRedInventory / checkBlueInventory，检查在线队员背包与队伍共享箱是否持有 Material.ACTIVATOR_RAIL。该材质在 Paper 26.2 Material 枚举中存在，代码逻辑与静态结构一致。,"src/main/java/top/lqsnow/blockracing/managers/Game.java (checkRedInventory/checkBlueInventory), src/main/java/top/lqsnow/blockracing/managers/Block.java (loadTargets)",无
18,ALLIUM,block,1,绒球葱,,consistent,中文显示“绒球葱”与 ID（Material.ALLIUM）一致。作为 block 类型目标，requirement 为空符合系统设计规范（物品收集类任务由 Material ID 驱动）。,Game.runPer5Tick 每 5 tick 轮询 checkRedInventory / checkBlueInventory，检查在线队员背包与队伍共享箱是否持有 Material.ALLIUM。该材质在 Paper 26.2 Material 枚举中存在，代码逻辑与静态结构一致。,"src/main/java/top/lqsnow/blockracing/managers/Game.java (checkRedInventory/checkBlueInventory), src/main/java/top/lqsnow/blockracing/managers/Block.java (loadTargets)",无
19,ANDESITE,block,1,安山岩,,consistent,中文显示“安山岩”与 ID（Material.ANDESITE）一致。作为 block 类型目标，requirement 为空符合系统设计规范（物品收集类任务由 Material ID 驱动）。,Game.runPer5Tick 每 5 tick 轮询 checkRedInventory / checkBlueInventory，检查在线队员背包与队伍共享箱是否持有 Material.ANDESITE。该材质在 Paper 26.2 Material 枚举中存在，代码逻辑与静态结构一致。,"src/main/java/top/lqsnow/blockracing/managers/Game.java (checkRedInventory/checkBlueInventory), src/main/java/top/lqsnow/blockracing/managers/Block.java (loadTargets)",无
20,ANDESITE_SLAB,block,1,安山岩台阶,,consistent,中文显示“安山岩台阶”与 ID（Material.ANDESITE_SLAB）一致。作为 block 类型目标，requirement 为空符合系统设计规范（物品收集类任务由 Material ID 驱动）。,Game.runPer5Tick 每 5 tick 轮询 checkRedInventory / checkBlueInventory，检查在线队员背包与队伍共享箱是否持有 Material.ANDESITE_SLAB。该材质在 Paper 26.2 Material 枚举中存在，代码逻辑与静态结构一致。,"src/main/java/top/lqsnow/blockracing/managers/Game.java (checkRedInventory/checkBlueInventory), src/main/java/top/lqsnow/blockracing/managers/Block.java (loadTargets)",无
21,ANDESITE_STAIRS,block,1,安山岩楼梯,,consistent,中文显示“安山岩楼梯”与 ID（Material.ANDESITE_STAIRS）一致。作为 block 类型目标，requirement 为空符合系统设计规范（物品收集类任务由 Material ID 驱动）。,Game.runPer5Tick 每 5 tick 轮询 checkRedInventory / checkBlueInventory，检查在线队员背包与队伍共享箱是否持有 Material.ANDESITE_STAIRS。该材质在 Paper 26.2 Material 枚举中存在，代码逻辑与静态结构一致。,"src/main/java/top/lqsnow/blockracing/managers/Game.java (checkRedInventory/checkBlueInventory), src/main/java/top/lqsnow/blockracing/managers/Block.java (loadTargets)",无
22,ANDESITE_WALL,block,1,安山岩墙,,consistent,中文显示“安山岩墙”与 ID（Material.ANDESITE_WALL）一致。作为 block 类型目标，requirement 为空符合系统设计规范（物品收集类任务由 Material ID 驱动）。,Game.runPer5Tick 每 5 tick 轮询 checkRedInventory / checkBlueInventory，检查在线队员背包与队伍共享箱是否持有 Material.ANDESITE_WALL。该材质在 Paper 26.2 Material 枚举中存在，代码逻辑与静态结构一致。,"src/main/java/top/lqsnow/blockracing/managers/Game.java (checkRedInventory/checkBlueInventory), src/main/java/top/lqsnow/blockracing/managers/Block.java (loadTargets)",无
23,AZALEA,block,1,杜鹃花丛,,consistent,中文显示“杜鹃花丛”与 ID（Material.AZALEA）一致。作为 block 类型目标，requirement 为空符合系统设计规范（物品收集类任务由 Material ID 驱动）。,Game.runPer5Tick 每 5 tick 轮询 checkRedInventory / checkBlueInventory，检查在线队员背包与队伍共享箱是否持有 Material.AZALEA。该材质在 Paper 26.2 Material 枚举中存在，代码逻辑与静态结构一致。,"src/main/java/top/lqsnow/blockracing/managers/Game.java (checkRedInventory/checkBlueInventory), src/main/java/top/lqsnow/blockracing/managers/Block.java (loadTargets)",无
24,AZALEA_LEAVES,block,1,杜鹃树叶,,consistent,中文显示“杜鹃树叶”与 ID（Material.AZALEA_LEAVES）一致。作为 block 类型目标，requirement 为空符合系统设计规范（物品收集类任务由 Material ID 驱动）。,Game.runPer5Tick 每 5 tick 轮询 checkRedInventory / checkBlueInventory，检查在线队员背包与队伍共享箱是否持有 Material.AZALEA_LEAVES。该材质在 Paper 26.2 Material 枚举中存在，代码逻辑与静态结构一致。,"src/main/java/top/lqsnow/blockracing/managers/Game.java (checkRedInventory/checkBlueInventory), src/main/java/top/lqsnow/blockracing/managers/Block.java (loadTargets)",无
25,AZURE_BLUET,block,1,蓝花美耳草,,consistent,中文显示“蓝花美耳草”与 ID（Material.AZURE_BLUET）一致。作为 block 类型目标，requirement 为空符合系统设计规范（物品收集类任务由 Material ID 驱动）。,Game.runPer5Tick 每 5 tick 轮询 checkRedInventory / checkBlueInventory，检查在线队员背包与队伍共享箱是否持有 Material.AZURE_BLUET。该材质在 Paper 26.2 Material 枚举中存在，代码逻辑与静态结构一致。,"src/main/java/top/lqsnow/blockracing/managers/Game.java (checkRedInventory/checkBlueInventory), src/main/java/top/lqsnow/blockracing/managers/Block.java (loadTargets)",无
26,BAMBOO_BLOCK,block,1,竹块,,consistent,中文显示“竹块”与 ID（Material.BAMBOO_BLOCK）一致。作为 block 类型目标，requirement 为空符合系统设计规范（物品收集类任务由 Material ID 驱动）。,Game.runPer5Tick 每 5 tick 轮询 checkRedInventory / checkBlueInventory，检查在线队员背包与队伍共享箱是否持有 Material.BAMBOO_BLOCK。该材质在 Paper 26.2 Material 枚举中存在，代码逻辑与静态结构一致。,"src/main/java/top/lqsnow/blockracing/managers/Game.java (checkRedInventory/checkBlueInventory), src/main/java/top/lqsnow/blockracing/managers/Block.java (loadTargets)",无
27,BAMBOO_BUTTON,block,1,竹按钮,,consistent,中文显示“竹按钮”与 ID（Material.BAMBOO_BUTTON）一致。作为 block 类型目标，requirement 为空符合系统设计规范（物品收集类任务由 Material ID 驱动）。,Game.runPer5Tick 每 5 tick 轮询 checkRedInventory / checkBlueInventory，检查在线队员背包与队伍共享箱是否持有 Material.BAMBOO_BUTTON。该材质在 Paper 26.2 Material 枚举中存在，代码逻辑与静态结构一致。,"src/main/java/top/lqsnow/blockracing/managers/Game.java (checkRedInventory/checkBlueInventory), src/main/java/top/lqsnow/blockracing/managers/Block.java (loadTargets)",无
28,BAMBOO_DOOR,block,1,竹门,,consistent,中文显示“竹门”与 ID（Material.BAMBOO_DOOR）一致。作为 block 类型目标，requirement 为空符合系统设计规范（物品收集类任务由 Material ID 驱动）。,Game.runPer5Tick 每 5 tick 轮询 checkRedInventory / checkBlueInventory，检查在线队员背包与队伍共享箱是否持有 Material.BAMBOO_DOOR。该材质在 Paper 26.2 Material 枚举中存在，代码逻辑与静态结构一致。,"src/main/java/top/lqsnow/blockracing/managers/Game.java (checkRedInventory/checkBlueInventory), src/main/java/top/lqsnow/blockracing/managers/Block.java (loadTargets)",无
29,BAMBOO_FENCE,block,1,竹栅栏,,consistent,中文显示“竹栅栏”与 ID（Material.BAMBOO_FENCE）一致。作为 block 类型目标，requirement 为空符合系统设计规范（物品收集类任务由 Material ID 驱动）。,Game.runPer5Tick 每 5 tick 轮询 checkRedInventory / checkBlueInventory，检查在线队员背包与队伍共享箱是否持有 Material.BAMBOO_FENCE。该材质在 Paper 26.2 Material 枚举中存在，代码逻辑与静态结构一致。,"src/main/java/top/lqsnow/blockracing/managers/Game.java (checkRedInventory/checkBlueInventory), src/main/java/top/lqsnow/blockracing/managers/Block.java (loadTargets)",无
30,BAMBOO_FENCE_GATE,block,1,竹栅栏门,,consistent,中文显示“竹栅栏门”与 ID（Material.BAMBOO_FENCE_GATE）一致。作为 block 类型目标，requirement 为空符合系统设计规范（物品收集类任务由 Material ID 驱动）。,Game.runPer5Tick 每 5 tick 轮询 checkRedInventory / checkBlueInventory，检查在线队员背包与队伍共享箱是否持有 Material.BAMBOO_FENCE_GATE。该材质在 Paper 26.2 Material 枚举中存在，代码逻辑与静态结构一致。,"src/main/java/top/lqsnow/blockracing/managers/Game.java (checkRedInventory/checkBlueInventory), src/main/java/top/lqsnow/blockracing/managers/Block.java (loadTargets)",无
31,BAMBOO_HANGING_SIGN,block,1,悬挂式竹告示牌,,consistent,中文显示“悬挂式竹告示牌”与 ID（Material.BAMBOO_HANGING_SIGN）一致。作为 block 类型目标，requirement 为空符合系统设计规范（物品收集类任务由 Material ID 驱动）。,Game.runPer5Tick 每 5 tick 轮询 checkRedInventory / checkBlueInventory，检查在线队员背包与队伍共享箱是否持有 Material.BAMBOO_HANGING_SIGN。该材质在 Paper 26.2 Material 枚举中存在，代码逻辑与静态结构一致。,"src/main/java/top/lqsnow/blockracing/managers/Game.java (checkRedInventory/checkBlueInventory), src/main/java/top/lqsnow/blockracing/managers/Block.java (loadTargets)",无
32,BAMBOO_MOSAIC,block,1,竹马赛克,,consistent,中文显示“竹马赛克”与 ID（Material.BAMBOO_MOSAIC）一致。作为 block 类型目标，requirement 为空符合系统设计规范（物品收集类任务由 Material ID 驱动）。,Game.runPer5Tick 每 5 tick 轮询 checkRedInventory / checkBlueInventory，检查在线队员背包与队伍共享箱是否持有 Material.BAMBOO_MOSAIC。该材质在 Paper 26.2 Material 枚举中存在，代码逻辑与静态结构一致。,"src/main/java/top/lqsnow/blockracing/managers/Game.java (checkRedInventory/checkBlueInventory), src/main/java/top/lqsnow/blockracing/managers/Block.java (loadTargets)",无
33,BAMBOO_MOSAIC_SLAB,block,1,竹马赛克台阶,,consistent,中文显示“竹马赛克台阶”与 ID（Material.BAMBOO_MOSAIC_SLAB）一致。作为 block 类型目标，requirement 为空符合系统设计规范（物品收集类任务由 Material ID 驱动）。,Game.runPer5Tick 每 5 tick 轮询 checkRedInventory / checkBlueInventory，检查在线队员背包与队伍共享箱是否持有 Material.BAMBOO_MOSAIC_SLAB。该材质在 Paper 26.2 Material 枚举中存在，代码逻辑与静态结构一致。,"src/main/java/top/lqsnow/blockracing/managers/Game.java (checkRedInventory/checkBlueInventory), src/main/java/top/lqsnow/blockracing/managers/Block.java (loadTargets)",无
34,BAMBOO_MOSAIC_STAIRS,block,1,竹马赛克楼梯,,consistent,中文显示“竹马赛克楼梯”与 ID（Material.BAMBOO_MOSAIC_STAIRS）一致。作为 block 类型目标，requirement 为空符合系统设计规范（物品收集类任务由 Material ID 驱动）。,Game.runPer5Tick 每 5 tick 轮询 checkRedInventory / checkBlueInventory，检查在线队员背包与队伍共享箱是否持有 Material.BAMBOO_MOSAIC_STAIRS。该材质在 Paper 26.2 Material 枚举中存在，代码逻辑与静态结构一致。,"src/main/java/top/lqsnow/blockracing/managers/Game.java (checkRedInventory/checkBlueInventory), src/main/java/top/lqsnow/blockracing/managers/Block.java (loadTargets)",无
35,BAMBOO_PLANKS,block,1,竹板,,consistent,中文显示“竹板”与 ID（Material.BAMBOO_PLANKS）一致。作为 block 类型目标，requirement 为空符合系统设计规范（物品收集类任务由 Material ID 驱动）。,Game.runPer5Tick 每 5 tick 轮询 checkRedInventory / checkBlueInventory，检查在线队员背包与队伍共享箱是否持有 Material.BAMBOO_PLANKS。该材质在 Paper 26.2 Material 枚举中存在，代码逻辑与静态结构一致。,"src/main/java/top/lqsnow/blockracing/managers/Game.java (checkRedInventory/checkBlueInventory), src/main/java/top/lqsnow/blockracing/managers/Block.java (loadTargets)",无
36,BAMBOO_PRESSURE_PLATE,block,1,竹压力板,,consistent,中文显示“竹压力板”与 ID（Material.BAMBOO_PRESSURE_PLATE）一致。作为 block 类型目标，requirement 为空符合系统设计规范（物品收集类任务由 Material ID 驱动）。,Game.runPer5Tick 每 5 tick 轮询 checkRedInventory / checkBlueInventory，检查在线队员背包与队伍共享箱是否持有 Material.BAMBOO_PRESSURE_PLATE。该材质在 Paper 26.2 Material 枚举中存在，代码逻辑与静态结构一致。,"src/main/java/top/lqsnow/blockracing/managers/Game.java (checkRedInventory/checkBlueInventory), src/main/java/top/lqsnow/blockracing/managers/Block.java (loadTargets)",无
37,BAMBOO_SIGN,block,1,竹告示牌,,consistent,中文显示“竹告示牌”与 ID（Material.BAMBOO_SIGN）一致。作为 block 类型目标，requirement 为空符合系统设计规范（物品收集类任务由 Material ID 驱动）。,Game.runPer5Tick 每 5 tick 轮询 checkRedInventory / checkBlueInventory，检查在线队员背包与队伍共享箱是否持有 Material.BAMBOO_SIGN。该材质在 Paper 26.2 Material 枚举中存在，代码逻辑与静态结构一致。,"src/main/java/top/lqsnow/blockracing/managers/Game.java (checkRedInventory/checkBlueInventory), src/main/java/top/lqsnow/blockracing/managers/Block.java (loadTargets)",无
38,BAMBOO_SLAB,block,1,竹台阶,,consistent,中文显示“竹台阶”与 ID（Material.BAMBOO_SLAB）一致。作为 block 类型目标，requirement 为空符合系统设计规范（物品收集类任务由 Material ID 驱动）。,Game.runPer5Tick 每 5 tick 轮询 checkRedInventory / checkBlueInventory，检查在线队员背包与队伍共享箱是否持有 Material.BAMBOO_SLAB。该材质在 Paper 26.2 Material 枚举中存在，代码逻辑与静态结构一致。,"src/main/java/top/lqsnow/blockracing/managers/Game.java (checkRedInventory/checkBlueInventory), src/main/java/top/lqsnow/blockracing/managers/Block.java (loadTargets)",无
39,BAMBOO_STAIRS,block,1,竹楼梯,,consistent,中文显示“竹楼梯”与 ID（Material.BAMBOO_STAIRS）一致。作为 block 类型目标，requirement 为空符合系统设计规范（物品收集类任务由 Material ID 驱动）。,Game.runPer5Tick 每 5 tick 轮询 checkRedInventory / checkBlueInventory，检查在线队员背包与队伍共享箱是否持有 Material.BAMBOO_STAIRS。该材质在 Paper 26.2 Material 枚举中存在，代码逻辑与静态结构一致。,"src/main/java/top/lqsnow/blockracing/managers/Game.java (checkRedInventory/checkBlueInventory), src/main/java/top/lqsnow/blockracing/managers/Block.java (loadTargets)",无
40,BAMBOO_TRAPDOOR,block,1,竹活板门,,consistent,中文显示“竹活板门”与 ID（Material.BAMBOO_TRAPDOOR）一致。作为 block 类型目标，requirement 为空符合系统设计规范（物品收集类任务由 Material ID 驱动）。,Game.runPer5Tick 每 5 tick 轮询 checkRedInventory / checkBlueInventory，检查在线队员背包与队伍共享箱是否持有 Material.BAMBOO_TRAPDOOR。该材质在 Paper 26.2 Material 枚举中存在，代码逻辑与静态结构一致。,"src/main/java/top/lqsnow/blockracing/managers/Game.java (checkRedInventory/checkBlueInventory), src/main/java/top/lqsnow/blockracing/managers/Block.java (loadTargets)",无
41,BARREL,block,1,木桶,,consistent,中文显示“木桶”与 ID（Material.BARREL）一致。作为 block 类型目标，requirement 为空符合系统设计规范（物品收集类任务由 Material ID 驱动）。,Game.runPer5Tick 每 5 tick 轮询 checkRedInventory / checkBlueInventory，检查在线队员背包与队伍共享箱是否持有 Material.BARREL。该材质在 Paper 26.2 Material 枚举中存在，代码逻辑与静态结构一致。,"src/main/java/top/lqsnow/blockracing/managers/Game.java (checkRedInventory/checkBlueInventory), src/main/java/top/lqsnow/blockracing/managers/Block.java (loadTargets)",无
42,BASALT,block,1,玄武岩,,consistent,中文显示“玄武岩”与 ID（Material.BASALT）一致。作为 block 类型目标，requirement 为空符合系统设计规范（物品收集类任务由 Material ID 驱动）。,Game.runPer5Tick 每 5 tick 轮询 checkRedInventory / checkBlueInventory，检查在线队员背包与队伍共享箱是否持有 Material.BASALT。该材质在 Paper 26.2 Material 枚举中存在，代码逻辑与静态结构一致。,"src/main/java/top/lqsnow/blockracing/managers/Game.java (checkRedInventory/checkBlueInventory), src/main/java/top/lqsnow/blockracing/managers/Block.java (loadTargets)",无
43,BELL,block,1,钟,,consistent,中文显示“钟”与 ID（Material.BELL）一致。作为 block 类型目标，requirement 为空符合系统设计规范（物品收集类任务由 Material ID 驱动）。,Game.runPer5Tick 每 5 tick 轮询 checkRedInventory / checkBlueInventory，检查在线队员背包与队伍共享箱是否持有 Material.BELL。该材质在 Paper 26.2 Material 枚举中存在，代码逻辑与静态结构一致。,"src/main/java/top/lqsnow/blockracing/managers/Game.java (checkRedInventory/checkBlueInventory), src/main/java/top/lqsnow/blockracing/managers/Block.java (loadTargets)",无
44,BIG_DRIPLEAF,block,1,大型垂滴叶,,consistent,中文显示“大型垂滴叶”与 ID（Material.BIG_DRIPLEAF）一致。作为 block 类型目标，requirement 为空符合系统设计规范（物品收集类任务由 Material ID 驱动）。,Game.runPer5Tick 每 5 tick 轮询 checkRedInventory / checkBlueInventory，检查在线队员背包与队伍共享箱是否持有 Material.BIG_DRIPLEAF。该材质在 Paper 26.2 Material 枚举中存在，代码逻辑与静态结构一致。,"src/main/java/top/lqsnow/blockracing/managers/Game.java (checkRedInventory/checkBlueInventory), src/main/java/top/lqsnow/blockracing/managers/Block.java (loadTargets)",无
45,BIRCH_BUTTON,block,1,白桦木按钮,,consistent,中文显示“白桦木按钮”与 ID（Material.BIRCH_BUTTON）一致。作为 block 类型目标，requirement 为空符合系统设计规范（物品收集类任务由 Material ID 驱动）。,Game.runPer5Tick 每 5 tick 轮询 checkRedInventory / checkBlueInventory，检查在线队员背包与队伍共享箱是否持有 Material.BIRCH_BUTTON。该材质在 Paper 26.2 Material 枚举中存在，代码逻辑与静态结构一致。,"src/main/java/top/lqsnow/blockracing/managers/Game.java (checkRedInventory/checkBlueInventory), src/main/java/top/lqsnow/blockracing/managers/Block.java (loadTargets)",无
46,BIRCH_DOOR,block,1,白桦木门,,consistent,中文显示“白桦木门”与 ID（Material.BIRCH_DOOR）一致。作为 block 类型目标，requirement 为空符合系统设计规范（物品收集类任务由 Material ID 驱动）。,Game.runPer5Tick 每 5 tick 轮询 checkRedInventory / checkBlueInventory，检查在线队员背包与队伍共享箱是否持有 Material.BIRCH_DOOR。该材质在 Paper 26.2 Material 枚举中存在，代码逻辑与静态结构一致。,"src/main/java/top/lqsnow/blockracing/managers/Game.java (checkRedInventory/checkBlueInventory), src/main/java/top/lqsnow/blockracing/managers/Block.java (loadTargets)",无
47,BIRCH_FENCE,block,1,白桦木栅栏,,consistent,中文显示“白桦木栅栏”与 ID（Material.BIRCH_FENCE）一致。作为 block 类型目标，requirement 为空符合系统设计规范（物品收集类任务由 Material ID 驱动）。,Game.runPer5Tick 每 5 tick 轮询 checkRedInventory / checkBlueInventory，检查在线队员背包与队伍共享箱是否持有 Material.BIRCH_FENCE。该材质在 Paper 26.2 Material 枚举中存在，代码逻辑与静态结构一致。,"src/main/java/top/lqsnow/blockracing/managers/Game.java (checkRedInventory/checkBlueInventory), src/main/java/top/lqsnow/blockracing/managers/Block.java (loadTargets)",无
48,BIRCH_FENCE_GATE,block,1,白桦木栅栏门,,consistent,中文显示“白桦木栅栏门”与 ID（Material.BIRCH_FENCE_GATE）一致。作为 block 类型目标，requirement 为空符合系统设计规范（物品收集类任务由 Material ID 驱动）。,Game.runPer5Tick 每 5 tick 轮询 checkRedInventory / checkBlueInventory，检查在线队员背包与队伍共享箱是否持有 Material.BIRCH_FENCE_GATE。该材质在 Paper 26.2 Material 枚举中存在，代码逻辑与静态结构一致。,"src/main/java/top/lqsnow/blockracing/managers/Game.java (checkRedInventory/checkBlueInventory), src/main/java/top/lqsnow/blockracing/managers/Block.java (loadTargets)",无
49,BIRCH_LEAVES,block,1,白桦树叶,,consistent,中文显示“白桦树叶”与 ID（Material.BIRCH_LEAVES）一致。作为 block 类型目标，requirement 为空符合系统设计规范（物品收集类任务由 Material ID 驱动）。,Game.runPer5Tick 每 5 tick 轮询 checkRedInventory / checkBlueInventory，检查在线队员背包与队伍共享箱是否持有 Material.BIRCH_LEAVES。该材质在 Paper 26.2 Material 枚举中存在，代码逻辑与静态结构一致。,"src/main/java/top/lqsnow/blockracing/managers/Game.java (checkRedInventory/checkBlueInventory), src/main/java/top/lqsnow/blockracing/managers/Block.java (loadTargets)",无
50,BIRCH_LOG,block,1,白桦原木,,consistent,中文显示“白桦原木”与 ID（Material.BIRCH_LOG）一致。作为 block 类型目标，requirement 为空符合系统设计规范（物品收集类任务由 Material ID 驱动）。,Game.runPer5Tick 每 5 tick 轮询 checkRedInventory / checkBlueInventory，检查在线队员背包与队伍共享箱是否持有 Material.BIRCH_LOG。该材质在 Paper 26.2 Material 枚举中存在，代码逻辑与静态结构一致。,"src/main/java/top/lqsnow/blockracing/managers/Game.java (checkRedInventory/checkBlueInventory), src/main/java/top/lqsnow/blockracing/managers/Block.java (loadTargets)",无
51,BIRCH_PLANKS,block,1,白桦木板,,consistent,中文显示“白桦木板”与 ID（Material.BIRCH_PLANKS）一致。作为 block 类型目标，requirement 为空符合系统设计规范（物品收集类任务由 Material ID 驱动）。,Game.runPer5Tick 每 5 tick 轮询 checkRedInventory / checkBlueInventory，检查在线队员背包与队伍共享箱是否持有 Material.BIRCH_PLANKS。该材质在 Paper 26.2 Material 枚举中存在，代码逻辑与静态结构一致。,"src/main/java/top/lqsnow/blockracing/managers/Game.java (checkRedInventory/checkBlueInventory), src/main/java/top/lqsnow/blockracing/managers/Block.java (loadTargets)",无
52,BIRCH_PRESSURE_PLATE,block,1,白桦木压力板,,consistent,中文显示“白桦木压力板”与 ID（Material.BIRCH_PRESSURE_PLATE）一致。作为 block 类型目标，requirement 为空符合系统设计规范（物品收集类任务由 Material ID 驱动）。,Game.runPer5Tick 每 5 tick 轮询 checkRedInventory / checkBlueInventory，检查在线队员背包与队伍共享箱是否持有 Material.BIRCH_PRESSURE_PLATE。该材质在 Paper 26.2 Material 枚举中存在，代码逻辑与静态结构一致。,"src/main/java/top/lqsnow/blockracing/managers/Game.java (checkRedInventory/checkBlueInventory), src/main/java/top/lqsnow/blockracing/managers/Block.java (loadTargets)",无
53,BIRCH_SAPLING,block,1,白桦树苗,,consistent,中文显示“白桦树苗”与 ID（Material.BIRCH_SAPLING）一致。作为 block 类型目标，requirement 为空符合系统设计规范（物品收集类任务由 Material ID 驱动）。,Game.runPer5Tick 每 5 tick 轮询 checkRedInventory / checkBlueInventory，检查在线队员背包与队伍共享箱是否持有 Material.BIRCH_SAPLING。该材质在 Paper 26.2 Material 枚举中存在，代码逻辑与静态结构一致。,"src/main/java/top/lqsnow/blockracing/managers/Game.java (checkRedInventory/checkBlueInventory), src/main/java/top/lqsnow/blockracing/managers/Block.java (loadTargets)",无
54,BIRCH_SIGN,block,1,白桦木告示牌,,consistent,中文显示“白桦木告示牌”与 ID（Material.BIRCH_SIGN）一致。作为 block 类型目标，requirement 为空符合系统设计规范（物品收集类任务由 Material ID 驱动）。,Game.runPer5Tick 每 5 tick 轮询 checkRedInventory / checkBlueInventory，检查在线队员背包与队伍共享箱是否持有 Material.BIRCH_SIGN。该材质在 Paper 26.2 Material 枚举中存在，代码逻辑与静态结构一致。,"src/main/java/top/lqsnow/blockracing/managers/Game.java (checkRedInventory/checkBlueInventory), src/main/java/top/lqsnow/blockracing/managers/Block.java (loadTargets)",无
55,BIRCH_SLAB,block,1,白桦木台阶,,consistent,中文显示“白桦木台阶”与 ID（Material.BIRCH_SLAB）一致。作为 block 类型目标，requirement 为空符合系统设计规范（物品收集类任务由 Material ID 驱动）。,Game.runPer5Tick 每 5 tick 轮询 checkRedInventory / checkBlueInventory，检查在线队员背包与队伍共享箱是否持有 Material.BIRCH_SLAB。该材质在 Paper 26.2 Material 枚举中存在，代码逻辑与静态结构一致。,"src/main/java/top/lqsnow/blockracing/managers/Game.java (checkRedInventory/checkBlueInventory), src/main/java/top/lqsnow/blockracing/managers/Block.java (loadTargets)",无
56,BIRCH_STAIRS,block,1,白桦木楼梯,,consistent,中文显示“白桦木楼梯”与 ID（Material.BIRCH_STAIRS）一致。作为 block 类型目标，requirement 为空符合系统设计规范（物品收集类任务由 Material ID 驱动）。,Game.runPer5Tick 每 5 tick 轮询 checkRedInventory / checkBlueInventory，检查在线队员背包与队伍共享箱是否持有 Material.BIRCH_STAIRS。该材质在 Paper 26.2 Material 枚举中存在，代码逻辑与静态结构一致。,"src/main/java/top/lqsnow/blockracing/managers/Game.java (checkRedInventory/checkBlueInventory), src/main/java/top/lqsnow/blockracing/managers/Block.java (loadTargets)",无
57,BIRCH_TRAPDOOR,block,1,白桦木活板门,,consistent,中文显示“白桦木活板门”与 ID（Material.BIRCH_TRAPDOOR）一致。作为 block 类型目标，requirement 为空符合系统设计规范（物品收集类任务由 Material ID 驱动）。,Game.runPer5Tick 每 5 tick 轮询 checkRedInventory / checkBlueInventory，检查在线队员背包与队伍共享箱是否持有 Material.BIRCH_TRAPDOOR。该材质在 Paper 26.2 Material 枚举中存在，代码逻辑与静态结构一致。,"src/main/java/top/lqsnow/blockracing/managers/Game.java (checkRedInventory/checkBlueInventory), src/main/java/top/lqsnow/blockracing/managers/Block.java (loadTargets)",无
58,BIRCH_WOOD,block,1,白桦木,,consistent,中文显示“白桦木”与 ID（Material.BIRCH_WOOD）一致。作为 block 类型目标，requirement 为空符合系统设计规范（物品收集类任务由 Material ID 驱动）。,Game.runPer5Tick 每 5 tick 轮询 checkRedInventory / checkBlueInventory，检查在线队员背包与队伍共享箱是否持有 Material.BIRCH_WOOD。该材质在 Paper 26.2 Material 枚举中存在，代码逻辑与静态结构一致。,"src/main/java/top/lqsnow/blockracing/managers/Game.java (checkRedInventory/checkBlueInventory), src/main/java/top/lqsnow/blockracing/managers/Block.java (loadTargets)",无
59,BLAST_FURNACE,block,1,高炉,,consistent,中文显示“高炉”与 ID（Material.BLAST_FURNACE）一致。作为 block 类型目标，requirement 为空符合系统设计规范（物品收集类任务由 Material ID 驱动）。,Game.runPer5Tick 每 5 tick 轮询 checkRedInventory / checkBlueInventory，检查在线队员背包与队伍共享箱是否持有 Material.BLAST_FURNACE。该材质在 Paper 26.2 Material 枚举中存在，代码逻辑与静态结构一致。,"src/main/java/top/lqsnow/blockracing/managers/Game.java (checkRedInventory/checkBlueInventory), src/main/java/top/lqsnow/blockracing/managers/Block.java (loadTargets)",无
60,BONE_BLOCK,block,1,骨块,,consistent,中文显示“骨块”与 ID（Material.BONE_BLOCK）一致。作为 block 类型目标，requirement 为空符合系统设计规范（物品收集类任务由 Material ID 驱动）。,Game.runPer5Tick 每 5 tick 轮询 checkRedInventory / checkBlueInventory，检查在线队员背包与队伍共享箱是否持有 Material.BONE_BLOCK。该材质在 Paper 26.2 Material 枚举中存在，代码逻辑与静态结构一致。,"src/main/java/top/lqsnow/blockracing/managers/Game.java (checkRedInventory/checkBlueInventory), src/main/java/top/lqsnow/blockracing/managers/Block.java (loadTargets)",无
61,BREWING_STAND,block,1,酿造台,,consistent,中文显示“酿造台”与 ID（Material.BREWING_STAND）一致。作为 block 类型目标，requirement 为空符合系统设计规范（物品收集类任务由 Material ID 驱动）。,Game.runPer5Tick 每 5 tick 轮询 checkRedInventory / checkBlueInventory，检查在线队员背包与队伍共享箱是否持有 Material.BREWING_STAND。该材质在 Paper 26.2 Material 枚举中存在，代码逻辑与静态结构一致。,"src/main/java/top/lqsnow/blockracing/managers/Game.java (checkRedInventory/checkBlueInventory), src/main/java/top/lqsnow/blockracing/managers/Block.java (loadTargets)",无
62,BRICKS,block,1,红砖块,,consistent,中文显示“红砖块”与 ID（Material.BRICKS）一致。作为 block 类型目标，requirement 为空符合系统设计规范（物品收集类任务由 Material ID 驱动）。,Game.runPer5Tick 每 5 tick 轮询 checkRedInventory / checkBlueInventory，检查在线队员背包与队伍共享箱是否持有 Material.BRICKS。该材质在 Paper 26.2 Material 枚举中存在，代码逻辑与静态结构一致。,"src/main/java/top/lqsnow/blockracing/managers/Game.java (checkRedInventory/checkBlueInventory), src/main/java/top/lqsnow/blockracing/managers/Block.java (loadTargets)",无
63,BLUE_ORCHID,block,1,兰花,,consistent,中文显示“兰花”与 ID（Material.BLUE_ORCHID）一致。作为 block 类型目标，requirement 为空符合系统设计规范（物品收集类任务由 Material ID 驱动）。,Game.runPer5Tick 每 5 tick 轮询 checkRedInventory / checkBlueInventory，检查在线队员背包与队伍共享箱是否持有 Material.BLUE_ORCHID。该材质在 Paper 26.2 Material 枚举中存在，代码逻辑与静态结构一致。,"src/main/java/top/lqsnow/blockracing/managers/Game.java (checkRedInventory/checkBlueInventory), src/main/java/top/lqsnow/blockracing/managers/Block.java (loadTargets)",无
64,CACTUS,block,1,仙人掌,,consistent,中文显示“仙人掌”与 ID（Material.CACTUS）一致。作为 block 类型目标，requirement 为空符合系统设计规范（物品收集类任务由 Material ID 驱动）。,Game.runPer5Tick 每 5 tick 轮询 checkRedInventory / checkBlueInventory，检查在线队员背包与队伍共享箱是否持有 Material.CACTUS。该材质在 Paper 26.2 Material 枚举中存在，代码逻辑与静态结构一致。,"src/main/java/top/lqsnow/blockracing/managers/Game.java (checkRedInventory/checkBlueInventory), src/main/java/top/lqsnow/blockracing/managers/Block.java (loadTargets)",无
65,CAKE,block,1,蛋糕,,consistent,中文显示“蛋糕”与 ID（Material.CAKE）一致。作为 block 类型目标，requirement 为空符合系统设计规范（物品收集类任务由 Material ID 驱动）。,Game.runPer5Tick 每 5 tick 轮询 checkRedInventory / checkBlueInventory，检查在线队员背包与队伍共享箱是否持有 Material.CAKE。该材质在 Paper 26.2 Material 枚举中存在，代码逻辑与静态结构一致。,"src/main/java/top/lqsnow/blockracing/managers/Game.java (checkRedInventory/checkBlueInventory), src/main/java/top/lqsnow/blockracing/managers/Block.java (loadTargets)",无
66,CALCITE,block,1,方解石,,consistent,中文显示“方解石”与 ID（Material.CALCITE）一致。作为 block 类型目标，requirement 为空符合系统设计规范（物品收集类任务由 Material ID 驱动）。,Game.runPer5Tick 每 5 tick 轮询 checkRedInventory / checkBlueInventory，检查在线队员背包与队伍共享箱是否持有 Material.CALCITE。该材质在 Paper 26.2 Material 枚举中存在，代码逻辑与静态结构一致。,"src/main/java/top/lqsnow/blockracing/managers/Game.java (checkRedInventory/checkBlueInventory), src/main/java/top/lqsnow/blockracing/managers/Block.java (loadTargets)",无
67,CAMPFIRE,block,1,营火,,consistent,中文显示“营火”与 ID（Material.CAMPFIRE）一致。作为 block 类型目标，requirement 为空符合系统设计规范（物品收集类任务由 Material ID 驱动）。,Game.runPer5Tick 每 5 tick 轮询 checkRedInventory / checkBlueInventory，检查在线队员背包与队伍共享箱是否持有 Material.CAMPFIRE。该材质在 Paper 26.2 Material 枚举中存在，代码逻辑与静态结构一致。,"src/main/java/top/lqsnow/blockracing/managers/Game.java (checkRedInventory/checkBlueInventory), src/main/java/top/lqsnow/blockracing/managers/Block.java (loadTargets)",无
68,CARTOGRAPHY_TABLE,block,1,制图台,,consistent,中文显示“制图台”与 ID（Material.CARTOGRAPHY_TABLE）一致。作为 block 类型目标，requirement 为空符合系统设计规范（物品收集类任务由 Material ID 驱动）。,Game.runPer5Tick 每 5 tick 轮询 checkRedInventory / checkBlueInventory，检查在线队员背包与队伍共享箱是否持有 Material.CARTOGRAPHY_TABLE。该材质在 Paper 26.2 Material 枚举中存在，代码逻辑与静态结构一致。,"src/main/java/top/lqsnow/blockracing/managers/Game.java (checkRedInventory/checkBlueInventory), src/main/java/top/lqsnow/blockracing/managers/Block.java (loadTargets)",无
69,CARVED_PUMPKIN,block,1,雕刻南瓜,,consistent,中文显示“雕刻南瓜”与 ID（Material.CARVED_PUMPKIN）一致。作为 block 类型目标，requirement 为空符合系统设计规范（物品收集类任务由 Material ID 驱动）。,Game.runPer5Tick 每 5 tick 轮询 checkRedInventory / checkBlueInventory，检查在线队员背包与队伍共享箱是否持有 Material.CARVED_PUMPKIN。该材质在 Paper 26.2 Material 枚举中存在，代码逻辑与静态结构一致。,"src/main/java/top/lqsnow/blockracing/managers/Game.java (checkRedInventory/checkBlueInventory), src/main/java/top/lqsnow/blockracing/managers/Block.java (loadTargets)",无
70,CAULDRON,block,1,炼药锅,,consistent,中文显示“炼药锅”与 ID（Material.CAULDRON）一致。作为 block 类型目标，requirement 为空符合系统设计规范（物品收集类任务由 Material ID 驱动）。,Game.runPer5Tick 每 5 tick 轮询 checkRedInventory / checkBlueInventory，检查在线队员背包与队伍共享箱是否持有 Material.CAULDRON。该材质在 Paper 26.2 Material 枚举中存在，代码逻辑与静态结构一致。,"src/main/java/top/lqsnow/blockracing/managers/Game.java (checkRedInventory/checkBlueInventory), src/main/java/top/lqsnow/blockracing/managers/Block.java (loadTargets)",无
71,IRON_CHAIN,block,1,铁链,,consistent,中文显示“铁链”与 ID（Material.IRON_CHAIN）一致。作为 block 类型目标，requirement 为空符合系统设计规范（物品收集类任务由 Material ID 驱动）。,Game.runPer5Tick 每 5 tick 轮询 checkRedInventory / checkBlueInventory，检查在线队员背包与队伍共享箱是否持有 Material.IRON_CHAIN。该材质在 Paper 26.2 Material 枚举中存在，代码逻辑与静态结构一致。,"src/main/java/top/lqsnow/blockracing/managers/Game.java (checkRedInventory/checkBlueInventory), src/main/java/top/lqsnow/blockracing/managers/Block.java (loadTargets)",无
72,CHERRY_PLANKS,block,2,樱花木板,,consistent,中文显示“樱花木板”与 ID（Material.CHERRY_PLANKS）一致。作为 block 类型目标，requirement 为空符合系统设计规范（物品收集类任务由 Material ID 驱动）。,Game.runPer5Tick 每 5 tick 轮询 checkRedInventory / checkBlueInventory，检查在线队员背包与队伍共享箱是否持有 Material.CHERRY_PLANKS。该材质在 Paper 26.2 Material 枚举中存在，代码逻辑与静态结构一致。,"src/main/java/top/lqsnow/blockracing/managers/Game.java (checkRedInventory/checkBlueInventory), src/main/java/top/lqsnow/blockracing/managers/Block.java (loadTargets)",无
73,CHEST,block,1,箱子,,consistent,中文显示“箱子”与 ID（Material.CHEST）一致。作为 block 类型目标，requirement 为空符合系统设计规范（物品收集类任务由 Material ID 驱动）。,Game.runPer5Tick 每 5 tick 轮询 checkRedInventory / checkBlueInventory，检查在线队员背包与队伍共享箱是否持有 Material.CHEST。该材质在 Paper 26.2 Material 枚举中存在，代码逻辑与静态结构一致。,"src/main/java/top/lqsnow/blockracing/managers/Game.java (checkRedInventory/checkBlueInventory), src/main/java/top/lqsnow/blockracing/managers/Block.java (loadTargets)",无
74,COARSE_DIRT,block,1,砂土,,consistent,中文显示“砂土”与 ID（Material.COARSE_DIRT）一致。作为 block 类型目标，requirement 为空符合系统设计规范（物品收集类任务由 Material ID 驱动）。,Game.runPer5Tick 每 5 tick 轮询 checkRedInventory / checkBlueInventory，检查在线队员背包与队伍共享箱是否持有 Material.COARSE_DIRT。该材质在 Paper 26.2 Material 枚举中存在，代码逻辑与静态结构一致。,"src/main/java/top/lqsnow/blockracing/managers/Game.java (checkRedInventory/checkBlueInventory), src/main/java/top/lqsnow/blockracing/managers/Block.java (loadTargets)",无
75,COBBLED_DEEPSLATE,block,1,深板岩圆石,,consistent,中文显示“深板岩圆石”与 ID（Material.COBBLED_DEEPSLATE）一致。作为 block 类型目标，requirement 为空符合系统设计规范（物品收集类任务由 Material ID 驱动）。,Game.runPer5Tick 每 5 tick 轮询 checkRedInventory / checkBlueInventory，检查在线队员背包与队伍共享箱是否持有 Material.COBBLED_DEEPSLATE。该材质在 Paper 26.2 Material 枚举中存在，代码逻辑与静态结构一致。,"src/main/java/top/lqsnow/blockracing/managers/Game.java (checkRedInventory/checkBlueInventory), src/main/java/top/lqsnow/blockracing/managers/Block.java (loadTargets)",无
76,COBBLED_DEEPSLATE_SLAB,block,1,深板岩圆石台阶,,consistent,中文显示“深板岩圆石台阶”与 ID（Material.COBBLED_DEEPSLATE_SLAB）一致。作为 block 类型目标，requirement 为空符合系统设计规范（物品收集类任务由 Material ID 驱动）。,Game.runPer5Tick 每 5 tick 轮询 checkRedInventory / checkBlueInventory，检查在线队员背包与队伍共享箱是否持有 Material.COBBLED_DEEPSLATE_SLAB。该材质在 Paper 26.2 Material 枚举中存在，代码逻辑与静态结构一致。,"src/main/java/top/lqsnow/blockracing/managers/Game.java (checkRedInventory/checkBlueInventory), src/main/java/top/lqsnow/blockracing/managers/Block.java (loadTargets)",无
77,COBBLED_DEEPSLATE_STAIRS,block,1,深板岩圆石楼梯,,consistent,中文显示“深板岩圆石楼梯”与 ID（Material.COBBLED_DEEPSLATE_STAIRS）一致。作为 block 类型目标，requirement 为空符合系统设计规范（物品收集类任务由 Material ID 驱动）。,Game.runPer5Tick 每 5 tick 轮询 checkRedInventory / checkBlueInventory，检查在线队员背包与队伍共享箱是否持有 Material.COBBLED_DEEPSLATE_STAIRS。该材质在 Paper 26.2 Material 枚举中存在，代码逻辑与静态结构一致。,"src/main/java/top/lqsnow/blockracing/managers/Game.java (checkRedInventory/checkBlueInventory), src/main/java/top/lqsnow/blockracing/managers/Block.java (loadTargets)",无
78,COBBLED_DEEPSLATE_WALL,block,1,深板岩圆石墙,,consistent,中文显示“深板岩圆石墙”与 ID（Material.COBBLED_DEEPSLATE_WALL）一致。作为 block 类型目标，requirement 为空符合系统设计规范（物品收集类任务由 Material ID 驱动）。,Game.runPer5Tick 每 5 tick 轮询 checkRedInventory / checkBlueInventory，检查在线队员背包与队伍共享箱是否持有 Material.COBBLED_DEEPSLATE_WALL。该材质在 Paper 26.2 Material 枚举中存在，代码逻辑与静态结构一致。,"src/main/java/top/lqsnow/blockracing/managers/Game.java (checkRedInventory/checkBlueInventory), src/main/java/top/lqsnow/blockracing/managers/Block.java (loadTargets)",无
79,COBBLESTONE,block,1,圆石,,consistent,中文显示“圆石”与 ID（Material.COBBLESTONE）一致。作为 block 类型目标，requirement 为空符合系统设计规范（物品收集类任务由 Material ID 驱动）。,Game.runPer5Tick 每 5 tick 轮询 checkRedInventory / checkBlueInventory，检查在线队员背包与队伍共享箱是否持有 Material.COBBLESTONE。该材质在 Paper 26.2 Material 枚举中存在，代码逻辑与静态结构一致。,"src/main/java/top/lqsnow/blockracing/managers/Game.java (checkRedInventory/checkBlueInventory), src/main/java/top/lqsnow/blockracing/managers/Block.java (loadTargets)",无
80,COBBLESTONE_SLAB,block,1,圆石台阶,,consistent,中文显示“圆石台阶”与 ID（Material.COBBLESTONE_SLAB）一致。作为 block 类型目标，requirement 为空符合系统设计规范（物品收集类任务由 Material ID 驱动）。,Game.runPer5Tick 每 5 tick 轮询 checkRedInventory / checkBlueInventory，检查在线队员背包与队伍共享箱是否持有 Material.COBBLESTONE_SLAB。该材质在 Paper 26.2 Material 枚举中存在，代码逻辑与静态结构一致。,"src/main/java/top/lqsnow/blockracing/managers/Game.java (checkRedInventory/checkBlueInventory), src/main/java/top/lqsnow/blockracing/managers/Block.java (loadTargets)",无
81,COBBLESTONE_STAIRS,block,1,圆石楼梯,,consistent,中文显示“圆石楼梯”与 ID（Material.COBBLESTONE_STAIRS）一致。作为 block 类型目标，requirement 为空符合系统设计规范（物品收集类任务由 Material ID 驱动）。,Game.runPer5Tick 每 5 tick 轮询 checkRedInventory / checkBlueInventory，检查在线队员背包与队伍共享箱是否持有 Material.COBBLESTONE_STAIRS。该材质在 Paper 26.2 Material 枚举中存在，代码逻辑与静态结构一致。,"src/main/java/top/lqsnow/blockracing/managers/Game.java (checkRedInventory/checkBlueInventory), src/main/java/top/lqsnow/blockracing/managers/Block.java (loadTargets)",无
82,COBBLESTONE_WALL,block,1,圆石墙,,consistent,中文显示“圆石墙”与 ID（Material.COBBLESTONE_WALL）一致。作为 block 类型目标，requirement 为空符合系统设计规范（物品收集类任务由 Material ID 驱动）。,Game.runPer5Tick 每 5 tick 轮询 checkRedInventory / checkBlueInventory，检查在线队员背包与队伍共享箱是否持有 Material.COBBLESTONE_WALL。该材质在 Paper 26.2 Material 枚举中存在，代码逻辑与静态结构一致。,"src/main/java/top/lqsnow/blockracing/managers/Game.java (checkRedInventory/checkBlueInventory), src/main/java/top/lqsnow/blockracing/managers/Block.java (loadTargets)",无
83,COBWEB,block,1,蜘蛛网,,consistent,中文显示“蜘蛛网”与 ID（Material.COBWEB）一致。作为 block 类型目标，requirement 为空符合系统设计规范（物品收集类任务由 Material ID 驱动）。,Game.runPer5Tick 每 5 tick 轮询 checkRedInventory / checkBlueInventory，检查在线队员背包与队伍共享箱是否持有 Material.COBWEB。该材质在 Paper 26.2 Material 枚举中存在，代码逻辑与静态结构一致。,"src/main/java/top/lqsnow/blockracing/managers/Game.java (checkRedInventory/checkBlueInventory), src/main/java/top/lqsnow/blockracing/managers/Block.java (loadTargets)",无
84,COCOA_BEANS,block,1,可可豆,,consistent,中文显示“可可豆”与 ID（Material.COCOA_BEANS）一致。作为 block 类型目标，requirement 为空符合系统设计规范（物品收集类任务由 Material ID 驱动）。,Game.runPer5Tick 每 5 tick 轮询 checkRedInventory / checkBlueInventory，检查在线队员背包与队伍共享箱是否持有 Material.COCOA_BEANS。该材质在 Paper 26.2 Material 枚举中存在，代码逻辑与静态结构一致。,"src/main/java/top/lqsnow/blockracing/managers/Game.java (checkRedInventory/checkBlueInventory), src/main/java/top/lqsnow/blockracing/managers/Block.java (loadTargets)",无
85,COMPOSTER,block,1,堆肥桶,,consistent,中文显示“堆肥桶”与 ID（Material.COMPOSTER）一致。作为 block 类型目标，requirement 为空符合系统设计规范（物品收集类任务由 Material ID 驱动）。,Game.runPer5Tick 每 5 tick 轮询 checkRedInventory / checkBlueInventory，检查在线队员背包与队伍共享箱是否持有 Material.COMPOSTER。该材质在 Paper 26.2 Material 枚举中存在，代码逻辑与静态结构一致。,"src/main/java/top/lqsnow/blockracing/managers/Game.java (checkRedInventory/checkBlueInventory), src/main/java/top/lqsnow/blockracing/managers/Block.java (loadTargets)",无
86,CORNFLOWER,block,1,矢车菊,,consistent,中文显示“矢车菊”与 ID（Material.CORNFLOWER）一致。作为 block 类型目标，requirement 为空符合系统设计规范（物品收集类任务由 Material ID 驱动）。,Game.runPer5Tick 每 5 tick 轮询 checkRedInventory / checkBlueInventory，检查在线队员背包与队伍共享箱是否持有 Material.CORNFLOWER。该材质在 Paper 26.2 Material 枚举中存在，代码逻辑与静态结构一致。,"src/main/java/top/lqsnow/blockracing/managers/Game.java (checkRedInventory/checkBlueInventory), src/main/java/top/lqsnow/blockracing/managers/Block.java (loadTargets)",无
87,CRAFTING_TABLE,block,1,工作台,,consistent,中文显示“工作台”与 ID（Material.CRAFTING_TABLE）一致。作为 block 类型目标，requirement 为空符合系统设计规范（物品收集类任务由 Material ID 驱动）。,Game.runPer5Tick 每 5 tick 轮询 checkRedInventory / checkBlueInventory，检查在线队员背包与队伍共享箱是否持有 Material.CRAFTING_TABLE。该材质在 Paper 26.2 Material 枚举中存在，代码逻辑与静态结构一致。,"src/main/java/top/lqsnow/blockracing/managers/Game.java (checkRedInventory/checkBlueInventory), src/main/java/top/lqsnow/blockracing/managers/Block.java (loadTargets)",无
88,CRIMSON_HANGING_SIGN,block,1,悬挂式绯红木告示牌,,consistent,中文显示“悬挂式绯红木告示牌”与 ID（Material.CRIMSON_HANGING_SIGN）一致。作为 block 类型目标，requirement 为空符合系统设计规范（物品收集类任务由 Material ID 驱动）。,Game.runPer5Tick 每 5 tick 轮询 checkRedInventory / checkBlueInventory，检查在线队员背包与队伍共享箱是否持有 Material.CRIMSON_HANGING_SIGN。该材质在 Paper 26.2 Material 枚举中存在，代码逻辑与静态结构一致。,"src/main/java/top/lqsnow/blockracing/managers/Game.java (checkRedInventory/checkBlueInventory), src/main/java/top/lqsnow/blockracing/managers/Block.java (loadTargets)",无
89,DANDELION,block,1,蒲公英,,consistent,中文显示“蒲公英”与 ID（Material.DANDELION）一致。作为 block 类型目标，requirement 为空符合系统设计规范（物品收集类任务由 Material ID 驱动）。,Game.runPer5Tick 每 5 tick 轮询 checkRedInventory / checkBlueInventory，检查在线队员背包与队伍共享箱是否持有 Material.DANDELION。该材质在 Paper 26.2 Material 枚举中存在，代码逻辑与静态结构一致。,"src/main/java/top/lqsnow/blockracing/managers/Game.java (checkRedInventory/checkBlueInventory), src/main/java/top/lqsnow/blockracing/managers/Block.java (loadTargets)",无
90,DARK_OAK_BUTTON,block,1,深色橡木按钮,,consistent,中文显示“深色橡木按钮”与 ID（Material.DARK_OAK_BUTTON）一致。作为 block 类型目标，requirement 为空符合系统设计规范（物品收集类任务由 Material ID 驱动）。,Game.runPer5Tick 每 5 tick 轮询 checkRedInventory / checkBlueInventory，检查在线队员背包与队伍共享箱是否持有 Material.DARK_OAK_BUTTON。该材质在 Paper 26.2 Material 枚举中存在，代码逻辑与静态结构一致。,"src/main/java/top/lqsnow/blockracing/managers/Game.java (checkRedInventory/checkBlueInventory), src/main/java/top/lqsnow/blockracing/managers/Block.java (loadTargets)",无
91,DARK_OAK_DOOR,block,1,深色橡木门,,consistent,中文显示“深色橡木门”与 ID（Material.DARK_OAK_DOOR）一致。作为 block 类型目标，requirement 为空符合系统设计规范（物品收集类任务由 Material ID 驱动）。,Game.runPer5Tick 每 5 tick 轮询 checkRedInventory / checkBlueInventory，检查在线队员背包与队伍共享箱是否持有 Material.DARK_OAK_DOOR。该材质在 Paper 26.2 Material 枚举中存在，代码逻辑与静态结构一致。,"src/main/java/top/lqsnow/blockracing/managers/Game.java (checkRedInventory/checkBlueInventory), src/main/java/top/lqsnow/blockracing/managers/Block.java (loadTargets)",无
92,DARK_OAK_FENCE,block,1,深色橡木栅栏,,consistent,中文显示“深色橡木栅栏”与 ID（Material.DARK_OAK_FENCE）一致。作为 block 类型目标，requirement 为空符合系统设计规范（物品收集类任务由 Material ID 驱动）。,Game.runPer5Tick 每 5 tick 轮询 checkRedInventory / checkBlueInventory，检查在线队员背包与队伍共享箱是否持有 Material.DARK_OAK_FENCE。该材质在 Paper 26.2 Material 枚举中存在，代码逻辑与静态结构一致。,"src/main/java/top/lqsnow/blockracing/managers/Game.java (checkRedInventory/checkBlueInventory), src/main/java/top/lqsnow/blockracing/managers/Block.java (loadTargets)",无
93,DARK_OAK_FENCE_GATE,block,1,深色橡木栅栏门,,consistent,中文显示“深色橡木栅栏门”与 ID（Material.DARK_OAK_FENCE_GATE）一致。作为 block 类型目标，requirement 为空符合系统设计规范（物品收集类任务由 Material ID 驱动）。,Game.runPer5Tick 每 5 tick 轮询 checkRedInventory / checkBlueInventory，检查在线队员背包与队伍共享箱是否持有 Material.DARK_OAK_FENCE_GATE。该材质在 Paper 26.2 Material 枚举中存在，代码逻辑与静态结构一致。,"src/main/java/top/lqsnow/blockracing/managers/Game.java (checkRedInventory/checkBlueInventory), src/main/java/top/lqsnow/blockracing/managers/Block.java (loadTargets)",无
94,DARK_OAK_HANGING_SIGN,block,1,悬挂式深色橡木告示牌,,consistent,中文显示“悬挂式深色橡木告示牌”与 ID（Material.DARK_OAK_HANGING_SIGN）一致。作为 block 类型目标，requirement 为空符合系统设计规范（物品收集类任务由 Material ID 驱动）。,Game.runPer5Tick 每 5 tick 轮询 checkRedInventory / checkBlueInventory，检查在线队员背包与队伍共享箱是否持有 Material.DARK_OAK_HANGING_SIGN。该材质在 Paper 26.2 Material 枚举中存在，代码逻辑与静态结构一致。,"src/main/java/top/lqsnow/blockracing/managers/Game.java (checkRedInventory/checkBlueInventory), src/main/java/top/lqsnow/blockracing/managers/Block.java (loadTargets)",无
95,DARK_OAK_LEAVES,block,1,深色橡树树叶,,consistent,中文显示“深色橡树树叶”与 ID（Material.DARK_OAK_LEAVES）一致。作为 block 类型目标，requirement 为空符合系统设计规范（物品收集类任务由 Material ID 驱动）。,Game.runPer5Tick 每 5 tick 轮询 checkRedInventory / checkBlueInventory，检查在线队员背包与队伍共享箱是否持有 Material.DARK_OAK_LEAVES。该材质在 Paper 26.2 Material 枚举中存在，代码逻辑与静态结构一致。,"src/main/java/top/lqsnow/blockracing/managers/Game.java (checkRedInventory/checkBlueInventory), src/main/java/top/lqsnow/blockracing/managers/Block.java (loadTargets)",无
96,DARK_OAK_LOG,block,1,深色橡木原木,,consistent,中文显示“深色橡木原木”与 ID（Material.DARK_OAK_LOG）一致。作为 block 类型目标，requirement 为空符合系统设计规范（物品收集类任务由 Material ID 驱动）。,Game.runPer5Tick 每 5 tick 轮询 checkRedInventory / checkBlueInventory，检查在线队员背包与队伍共享箱是否持有 Material.DARK_OAK_LOG。该材质在 Paper 26.2 Material 枚举中存在，代码逻辑与静态结构一致。,"src/main/java/top/lqsnow/blockracing/managers/Game.java (checkRedInventory/checkBlueInventory), src/main/java/top/lqsnow/blockracing/managers/Block.java (loadTargets)",无
97,DARK_OAK_PLANKS,block,1,深色橡木木板,,consistent,中文显示“深色橡木木板”与 ID（Material.DARK_OAK_PLANKS）一致。作为 block 类型目标，requirement 为空符合系统设计规范（物品收集类任务由 Material ID 驱动）。,Game.runPer5Tick 每 5 tick 轮询 checkRedInventory / checkBlueInventory，检查在线队员背包与队伍共享箱是否持有 Material.DARK_OAK_PLANKS。该材质在 Paper 26.2 Material 枚举中存在，代码逻辑与静态结构一致。,"src/main/java/top/lqsnow/blockracing/managers/Game.java (checkRedInventory/checkBlueInventory), src/main/java/top/lqsnow/blockracing/managers/Block.java (loadTargets)",无
98,DARK_OAK_PRESSURE_PLATE,block,1,深色橡木压力板,,consistent,中文显示“深色橡木压力板”与 ID（Material.DARK_OAK_PRESSURE_PLATE）一致。作为 block 类型目标，requirement 为空符合系统设计规范（物品收集类任务由 Material ID 驱动）。,Game.runPer5Tick 每 5 tick 轮询 checkRedInventory / checkBlueInventory，检查在线队员背包与队伍共享箱是否持有 Material.DARK_OAK_PRESSURE_PLATE。该材质在 Paper 26.2 Material 枚举中存在，代码逻辑与静态结构一致。,"src/main/java/top/lqsnow/blockracing/managers/Game.java (checkRedInventory/checkBlueInventory), src/main/java/top/lqsnow/blockracing/managers/Block.java (loadTargets)",无
99,DARK_OAK_SAPLING,block,1,深色橡树树苗,,consistent,中文显示“深色橡树树苗”与 ID（Material.DARK_OAK_SAPLING）一致。作为 block 类型目标，requirement 为空符合系统设计规范（物品收集类任务由 Material ID 驱动）。,Game.runPer5Tick 每 5 tick 轮询 checkRedInventory / checkBlueInventory，检查在线队员背包与队伍共享箱是否持有 Material.DARK_OAK_SAPLING。该材质在 Paper 26.2 Material 枚举中存在，代码逻辑与静态结构一致。,"src/main/java/top/lqsnow/blockracing/managers/Game.java (checkRedInventory/checkBlueInventory), src/main/java/top/lqsnow/blockracing/managers/Block.java (loadTargets)",无
100,DARK_OAK_SIGN,block,1,深色橡木告示牌,,consistent,中文显示“深色橡木告示牌”与 ID（Material.DARK_OAK_SIGN）一致。作为 block 类型目标，requirement 为空符合系统设计规范（物品收集类任务由 Material ID 驱动）。,Game.runPer5Tick 每 5 tick 轮询 checkRedInventory / checkBlueInventory，检查在线队员背包与队伍共享箱是否持有 Material.DARK_OAK_SIGN。该材质在 Paper 26.2 Material 枚举中存在，代码逻辑与静态结构一致。,"src/main/java/top/lqsnow/blockracing/managers/Game.java (checkRedInventory/checkBlueInventory), src/main/java/top/lqsnow/blockracing/managers/Block.java (loadTargets)",无
101,DARK_OAK_SLAB,block,1,深色橡木台阶,,consistent,中文显示“深色橡木台阶”与 ID（Material.DARK_OAK_SLAB）一致。作为 block 类型目标，requirement 为空符合系统设计规范（物品收集类任务由 Material ID 驱动）。,Game.runPer5Tick 每 5 tick 轮询 checkRedInventory / checkBlueInventory，检查在线队员背包与队伍共享箱是否持有 Material.DARK_OAK_SLAB。该材质在 Paper 26.2 Material 枚举中存在，代码逻辑与静态结构一致。,"src/main/java/top/lqsnow/blockracing/managers/Game.java (checkRedInventory/checkBlueInventory), src/main/java/top/lqsnow/blockracing/managers/Block.java (loadTargets)",无
102,DARK_OAK_STAIRS,block,1,深色橡木楼梯,,consistent,中文显示“深色橡木楼梯”与 ID（Material.DARK_OAK_STAIRS）一致。作为 block 类型目标，requirement 为空符合系统设计规范（物品收集类任务由 Material ID 驱动）。,Game.runPer5Tick 每 5 tick 轮询 checkRedInventory / checkBlueInventory，检查在线队员背包与队伍共享箱是否持有 Material.DARK_OAK_STAIRS。该材质在 Paper 26.2 Material 枚举中存在，代码逻辑与静态结构一致。,"src/main/java/top/lqsnow/blockracing/managers/Game.java (checkRedInventory/checkBlueInventory), src/main/java/top/lqsnow/blockracing/managers/Block.java (loadTargets)",无
103,DARK_OAK_TRAPDOOR,block,1,深色橡木活板门,,consistent,中文显示“深色橡木活板门”与 ID（Material.DARK_OAK_TRAPDOOR）一致。作为 block 类型目标，requirement 为空符合系统设计规范（物品收集类任务由 Material ID 驱动）。,Game.runPer5Tick 每 5 tick 轮询 checkRedInventory / checkBlueInventory，检查在线队员背包与队伍共享箱是否持有 Material.DARK_OAK_TRAPDOOR。该材质在 Paper 26.2 Material 枚举中存在，代码逻辑与静态结构一致。,"src/main/java/top/lqsnow/blockracing/managers/Game.java (checkRedInventory/checkBlueInventory), src/main/java/top/lqsnow/blockracing/managers/Block.java (loadTargets)",无
104,DARK_OAK_WOOD,block,1,深色橡木,,consistent,中文显示“深色橡木”与 ID（Material.DARK_OAK_WOOD）一致。作为 block 类型目标，requirement 为空符合系统设计规范（物品收集类任务由 Material ID 驱动）。,Game.runPer5Tick 每 5 tick 轮询 checkRedInventory / checkBlueInventory，检查在线队员背包与队伍共享箱是否持有 Material.DARK_OAK_WOOD。该材质在 Paper 26.2 Material 枚举中存在，代码逻辑与静态结构一致。,"src/main/java/top/lqsnow/blockracing/managers/Game.java (checkRedInventory/checkBlueInventory), src/main/java/top/lqsnow/blockracing/managers/Block.java (loadTargets)",无
105,DEAD_BUSH,block,1,枯萎的灌木,,consistent,中文显示“枯萎的灌木”与 ID（Material.DEAD_BUSH）一致。作为 block 类型目标，requirement 为空符合系统设计规范（物品收集类任务由 Material ID 驱动）。,Game.runPer5Tick 每 5 tick 轮询 checkRedInventory / checkBlueInventory，检查在线队员背包与队伍共享箱是否持有 Material.DEAD_BUSH。该材质在 Paper 26.2 Material 枚举中存在，代码逻辑与静态结构一致。,"src/main/java/top/lqsnow/blockracing/managers/Game.java (checkRedInventory/checkBlueInventory), src/main/java/top/lqsnow/blockracing/managers/Block.java (loadTargets)",无
106,DEEPSLATE,block,1,深板岩,,consistent,中文显示“深板岩”与 ID（Material.DEEPSLATE）一致。作为 block 类型目标，requirement 为空符合系统设计规范（物品收集类任务由 Material ID 驱动）。,Game.runPer5Tick 每 5 tick 轮询 checkRedInventory / checkBlueInventory，检查在线队员背包与队伍共享箱是否持有 Material.DEEPSLATE。该材质在 Paper 26.2 Material 枚举中存在，代码逻辑与静态结构一致。,"src/main/java/top/lqsnow/blockracing/managers/Game.java (checkRedInventory/checkBlueInventory), src/main/java/top/lqsnow/blockracing/managers/Block.java (loadTargets)",无
107,DEEPSLATE_BRICKS,block,1,深板岩砖,,consistent,中文显示“深板岩砖”与 ID（Material.DEEPSLATE_BRICKS）一致。作为 block 类型目标，requirement 为空符合系统设计规范（物品收集类任务由 Material ID 驱动）。,Game.runPer5Tick 每 5 tick 轮询 checkRedInventory / checkBlueInventory，检查在线队员背包与队伍共享箱是否持有 Material.DEEPSLATE_BRICKS。该材质在 Paper 26.2 Material 枚举中存在，代码逻辑与静态结构一致。,"src/main/java/top/lqsnow/blockracing/managers/Game.java (checkRedInventory/checkBlueInventory), src/main/java/top/lqsnow/blockracing/managers/Block.java (loadTargets)",无
108,DEEPSLATE_BRICK_SLAB,block,1,深板岩砖台阶,,consistent,中文显示“深板岩砖台阶”与 ID（Material.DEEPSLATE_BRICK_SLAB）一致。作为 block 类型目标，requirement 为空符合系统设计规范（物品收集类任务由 Material ID 驱动）。,Game.runPer5Tick 每 5 tick 轮询 checkRedInventory / checkBlueInventory，检查在线队员背包与队伍共享箱是否持有 Material.DEEPSLATE_BRICK_SLAB。该材质在 Paper 26.2 Material 枚举中存在，代码逻辑与静态结构一致。,"src/main/java/top/lqsnow/blockracing/managers/Game.java (checkRedInventory/checkBlueInventory), src/main/java/top/lqsnow/blockracing/managers/Block.java (loadTargets)",无
109,DEEPSLATE_BRICK_STAIRS,block,1,深板岩砖楼梯,,consistent,中文显示“深板岩砖楼梯”与 ID（Material.DEEPSLATE_BRICK_STAIRS）一致。作为 block 类型目标，requirement 为空符合系统设计规范（物品收集类任务由 Material ID 驱动）。,Game.runPer5Tick 每 5 tick 轮询 checkRedInventory / checkBlueInventory，检查在线队员背包与队伍共享箱是否持有 Material.DEEPSLATE_BRICK_STAIRS。该材质在 Paper 26.2 Material 枚举中存在，代码逻辑与静态结构一致。,"src/main/java/top/lqsnow/blockracing/managers/Game.java (checkRedInventory/checkBlueInventory), src/main/java/top/lqsnow/blockracing/managers/Block.java (loadTargets)",无
110,DEEPSLATE_BRICK_WALL,block,1,深板岩砖墙,,consistent,中文显示“深板岩砖墙”与 ID（Material.DEEPSLATE_BRICK_WALL）一致。作为 block 类型目标，requirement 为空符合系统设计规范（物品收集类任务由 Material ID 驱动）。,Game.runPer5Tick 每 5 tick 轮询 checkRedInventory / checkBlueInventory，检查在线队员背包与队伍共享箱是否持有 Material.DEEPSLATE_BRICK_WALL。该材质在 Paper 26.2 Material 枚举中存在，代码逻辑与静态结构一致。,"src/main/java/top/lqsnow/blockracing/managers/Game.java (checkRedInventory/checkBlueInventory), src/main/java/top/lqsnow/blockracing/managers/Block.java (loadTargets)",无
111,DETECTOR_RAIL,block,1,探测铁轨,,consistent,中文显示“探测铁轨”与 ID（Material.DETECTOR_RAIL）一致。作为 block 类型目标，requirement 为空符合系统设计规范（物品收集类任务由 Material ID 驱动）。,Game.runPer5Tick 每 5 tick 轮询 checkRedInventory / checkBlueInventory，检查在线队员背包与队伍共享箱是否持有 Material.DETECTOR_RAIL。该材质在 Paper 26.2 Material 枚举中存在，代码逻辑与静态结构一致。,"src/main/java/top/lqsnow/blockracing/managers/Game.java (checkRedInventory/checkBlueInventory), src/main/java/top/lqsnow/blockracing/managers/Block.java (loadTargets)",无
112,DIORITE,block,1,闪长岩,,consistent,中文显示“闪长岩”与 ID（Material.DIORITE）一致。作为 block 类型目标，requirement 为空符合系统设计规范（物品收集类任务由 Material ID 驱动）。,Game.runPer5Tick 每 5 tick 轮询 checkRedInventory / checkBlueInventory，检查在线队员背包与队伍共享箱是否持有 Material.DIORITE。该材质在 Paper 26.2 Material 枚举中存在，代码逻辑与静态结构一致。,"src/main/java/top/lqsnow/blockracing/managers/Game.java (checkRedInventory/checkBlueInventory), src/main/java/top/lqsnow/blockracing/managers/Block.java (loadTargets)",无
113,DIORITE_SLAB,block,1,闪长岩台阶,,consistent,中文显示“闪长岩台阶”与 ID（Material.DIORITE_SLAB）一致。作为 block 类型目标，requirement 为空符合系统设计规范（物品收集类任务由 Material ID 驱动）。,Game.runPer5Tick 每 5 tick 轮询 checkRedInventory / checkBlueInventory，检查在线队员背包与队伍共享箱是否持有 Material.DIORITE_SLAB。该材质在 Paper 26.2 Material 枚举中存在，代码逻辑与静态结构一致。,"src/main/java/top/lqsnow/blockracing/managers/Game.java (checkRedInventory/checkBlueInventory), src/main/java/top/lqsnow/blockracing/managers/Block.java (loadTargets)",无
114,DIORITE_STAIRS,block,1,闪长岩楼梯,,consistent,中文显示“闪长岩楼梯”与 ID（Material.DIORITE_STAIRS）一致。作为 block 类型目标，requirement 为空符合系统设计规范（物品收集类任务由 Material ID 驱动）。,Game.runPer5Tick 每 5 tick 轮询 checkRedInventory / checkBlueInventory，检查在线队员背包与队伍共享箱是否持有 Material.DIORITE_STAIRS。该材质在 Paper 26.2 Material 枚举中存在，代码逻辑与静态结构一致。,"src/main/java/top/lqsnow/blockracing/managers/Game.java (checkRedInventory/checkBlueInventory), src/main/java/top/lqsnow/blockracing/managers/Block.java (loadTargets)",无
115,DIORITE_WALL,block,1,闪长岩墙,,consistent,中文显示“闪长岩墙”与 ID（Material.DIORITE_WALL）一致。作为 block 类型目标，requirement 为空符合系统设计规范（物品收集类任务由 Material ID 驱动）。,Game.runPer5Tick 每 5 tick 轮询 checkRedInventory / checkBlueInventory，检查在线队员背包与队伍共享箱是否持有 Material.DIORITE_WALL。该材质在 Paper 26.2 Material 枚举中存在，代码逻辑与静态结构一致。,"src/main/java/top/lqsnow/blockracing/managers/Game.java (checkRedInventory/checkBlueInventory), src/main/java/top/lqsnow/blockracing/managers/Block.java (loadTargets)",无
116,DIRT,block,1,泥土,,consistent,中文显示“泥土”与 ID（Material.DIRT）一致。作为 block 类型目标，requirement 为空符合系统设计规范（物品收集类任务由 Material ID 驱动）。,Game.runPer5Tick 每 5 tick 轮询 checkRedInventory / checkBlueInventory，检查在线队员背包与队伍共享箱是否持有 Material.DIRT。该材质在 Paper 26.2 Material 枚举中存在，代码逻辑与静态结构一致。,"src/main/java/top/lqsnow/blockracing/managers/Game.java (checkRedInventory/checkBlueInventory), src/main/java/top/lqsnow/blockracing/managers/Block.java (loadTargets)",无
117,DISPENSER,block,1,发射器,,consistent,中文显示“发射器”与 ID（Material.DISPENSER）一致。作为 block 类型目标，requirement 为空符合系统设计规范（物品收集类任务由 Material ID 驱动）。,Game.runPer5Tick 每 5 tick 轮询 checkRedInventory / checkBlueInventory，检查在线队员背包与队伍共享箱是否持有 Material.DISPENSER。该材质在 Paper 26.2 Material 枚举中存在，代码逻辑与静态结构一致。,"src/main/java/top/lqsnow/blockracing/managers/Game.java (checkRedInventory/checkBlueInventory), src/main/java/top/lqsnow/blockracing/managers/Block.java (loadTargets)",无
118,DRIED_KELP_BLOCK,block,1,干海带块,,consistent,中文显示“干海带块”与 ID（Material.DRIED_KELP_BLOCK）一致。作为 block 类型目标，requirement 为空符合系统设计规范（物品收集类任务由 Material ID 驱动）。,Game.runPer5Tick 每 5 tick 轮询 checkRedInventory / checkBlueInventory，检查在线队员背包与队伍共享箱是否持有 Material.DRIED_KELP_BLOCK。该材质在 Paper 26.2 Material 枚举中存在，代码逻辑与静态结构一致。,"src/main/java/top/lqsnow/blockracing/managers/Game.java (checkRedInventory/checkBlueInventory), src/main/java/top/lqsnow/blockracing/managers/Block.java (loadTargets)",无
119,DROPPER,block,1,投掷器,,consistent,中文显示“投掷器”与 ID（Material.DROPPER）一致。作为 block 类型目标，requirement 为空符合系统设计规范（物品收集类任务由 Material ID 驱动）。,Game.runPer5Tick 每 5 tick 轮询 checkRedInventory / checkBlueInventory，检查在线队员背包与队伍共享箱是否持有 Material.DROPPER。该材质在 Paper 26.2 Material 枚举中存在，代码逻辑与静态结构一致。,"src/main/java/top/lqsnow/blockracing/managers/Game.java (checkRedInventory/checkBlueInventory), src/main/java/top/lqsnow/blockracing/managers/Block.java (loadTargets)",无
120,FLETCHING_TABLE,block,1,制箭台,,consistent,中文显示“制箭台”与 ID（Material.FLETCHING_TABLE）一致。作为 block 类型目标，requirement 为空符合系统设计规范（物品收集类任务由 Material ID 驱动）。,Game.runPer5Tick 每 5 tick 轮询 checkRedInventory / checkBlueInventory，检查在线队员背包与队伍共享箱是否持有 Material.FLETCHING_TABLE。该材质在 Paper 26.2 Material 枚举中存在，代码逻辑与静态结构一致。,"src/main/java/top/lqsnow/blockracing/managers/Game.java (checkRedInventory/checkBlueInventory), src/main/java/top/lqsnow/blockracing/managers/Block.java (loadTargets)",无
121,FLOWER_POT,block,1,花盆,,consistent,中文显示“花盆”与 ID（Material.FLOWER_POT）一致。作为 block 类型目标，requirement 为空符合系统设计规范（物品收集类任务由 Material ID 驱动）。,Game.runPer5Tick 每 5 tick 轮询 checkRedInventory / checkBlueInventory，检查在线队员背包与队伍共享箱是否持有 Material.FLOWER_POT。该材质在 Paper 26.2 Material 枚举中存在，代码逻辑与静态结构一致。,"src/main/java/top/lqsnow/blockracing/managers/Game.java (checkRedInventory/checkBlueInventory), src/main/java/top/lqsnow/blockracing/managers/Block.java (loadTargets)",无
122,FURNACE,block,1,熔炉,,consistent,中文显示“熔炉”与 ID（Material.FURNACE）一致。作为 block 类型目标，requirement 为空符合系统设计规范（物品收集类任务由 Material ID 驱动）。,Game.runPer5Tick 每 5 tick 轮询 checkRedInventory / checkBlueInventory，检查在线队员背包与队伍共享箱是否持有 Material.FURNACE。该材质在 Paper 26.2 Material 枚举中存在，代码逻辑与静态结构一致。,"src/main/java/top/lqsnow/blockracing/managers/Game.java (checkRedInventory/checkBlueInventory), src/main/java/top/lqsnow/blockracing/managers/Block.java (loadTargets)",无
123,GLASS,block,1,玻璃,,consistent,中文显示“玻璃”与 ID（Material.GLASS）一致。作为 block 类型目标，requirement 为空符合系统设计规范（物品收集类任务由 Material ID 驱动）。,Game.runPer5Tick 每 5 tick 轮询 checkRedInventory / checkBlueInventory，检查在线队员背包与队伍共享箱是否持有 Material.GLASS。该材质在 Paper 26.2 Material 枚举中存在，代码逻辑与静态结构一致。,"src/main/java/top/lqsnow/blockracing/managers/Game.java (checkRedInventory/checkBlueInventory), src/main/java/top/lqsnow/blockracing/managers/Block.java (loadTargets)",无
124,GLASS_PANE,block,1,玻璃板,,consistent,中文显示“玻璃板”与 ID（Material.GLASS_PANE）一致。作为 block 类型目标，requirement 为空符合系统设计规范（物品收集类任务由 Material ID 驱动）。,Game.runPer5Tick 每 5 tick 轮询 checkRedInventory / checkBlueInventory，检查在线队员背包与队伍共享箱是否持有 Material.GLASS_PANE。该材质在 Paper 26.2 Material 枚举中存在，代码逻辑与静态结构一致。,"src/main/java/top/lqsnow/blockracing/managers/Game.java (checkRedInventory/checkBlueInventory), src/main/java/top/lqsnow/blockracing/managers/Block.java (loadTargets)",无
125,GRANITE,block,1,花岗岩,,consistent,中文显示“花岗岩”与 ID（Material.GRANITE）一致。作为 block 类型目标，requirement 为空符合系统设计规范（物品收集类任务由 Material ID 驱动）。,Game.runPer5Tick 每 5 tick 轮询 checkRedInventory / checkBlueInventory，检查在线队员背包与队伍共享箱是否持有 Material.GRANITE。该材质在 Paper 26.2 Material 枚举中存在，代码逻辑与静态结构一致。,"src/main/java/top/lqsnow/blockracing/managers/Game.java (checkRedInventory/checkBlueInventory), src/main/java/top/lqsnow/blockracing/managers/Block.java (loadTargets)",无
126,GRANITE_SLAB,block,1,花岗岩台阶,,consistent,中文显示“花岗岩台阶”与 ID（Material.GRANITE_SLAB）一致。作为 block 类型目标，requirement 为空符合系统设计规范（物品收集类任务由 Material ID 驱动）。,Game.runPer5Tick 每 5 tick 轮询 checkRedInventory / checkBlueInventory，检查在线队员背包与队伍共享箱是否持有 Material.GRANITE_SLAB。该材质在 Paper 26.2 Material 枚举中存在，代码逻辑与静态结构一致。,"src/main/java/top/lqsnow/blockracing/managers/Game.java (checkRedInventory/checkBlueInventory), src/main/java/top/lqsnow/blockracing/managers/Block.java (loadTargets)",无
127,GRANITE_STAIRS,block,1,花岗岩楼梯,,consistent,中文显示“花岗岩楼梯”与 ID（Material.GRANITE_STAIRS）一致。作为 block 类型目标，requirement 为空符合系统设计规范（物品收集类任务由 Material ID 驱动）。,Game.runPer5Tick 每 5 tick 轮询 checkRedInventory / checkBlueInventory，检查在线队员背包与队伍共享箱是否持有 Material.GRANITE_STAIRS。该材质在 Paper 26.2 Material 枚举中存在，代码逻辑与静态结构一致。,"src/main/java/top/lqsnow/blockracing/managers/Game.java (checkRedInventory/checkBlueInventory), src/main/java/top/lqsnow/blockracing/managers/Block.java (loadTargets)",无
128,GRANITE_WALL,block,1,花岗岩墙,,consistent,中文显示“花岗岩墙”与 ID（Material.GRANITE_WALL）一致。作为 block 类型目标，requirement 为空符合系统设计规范（物品收集类任务由 Material ID 驱动）。,Game.runPer5Tick 每 5 tick 轮询 checkRedInventory / checkBlueInventory，检查在线队员背包与队伍共享箱是否持有 Material.GRANITE_WALL。该材质在 Paper 26.2 Material 枚举中存在，代码逻辑与静态结构一致。,"src/main/java/top/lqsnow/blockracing/managers/Game.java (checkRedInventory/checkBlueInventory), src/main/java/top/lqsnow/blockracing/managers/Block.java (loadTargets)",无
129,GRAVEL,block,1,沙砾,,consistent,中文显示“沙砾”与 ID（Material.GRAVEL）一致。作为 block 类型目标，requirement 为空符合系统设计规范（物品收集类任务由 Material ID 驱动）。,Game.runPer5Tick 每 5 tick 轮询 checkRedInventory / checkBlueInventory，检查在线队员背包与队伍共享箱是否持有 Material.GRAVEL。该材质在 Paper 26.2 Material 枚举中存在，代码逻辑与静态结构一致。,"src/main/java/top/lqsnow/blockracing/managers/Game.java (checkRedInventory/checkBlueInventory), src/main/java/top/lqsnow/blockracing/managers/Block.java (loadTargets)",无
130,GRINDSTONE,block,1,砂轮,,consistent,中文显示“砂轮”与 ID（Material.GRINDSTONE）一致。作为 block 类型目标，requirement 为空符合系统设计规范（物品收集类任务由 Material ID 驱动）。,Game.runPer5Tick 每 5 tick 轮询 checkRedInventory / checkBlueInventory，检查在线队员背包与队伍共享箱是否持有 Material.GRINDSTONE。该材质在 Paper 26.2 Material 枚举中存在，代码逻辑与静态结构一致。,"src/main/java/top/lqsnow/blockracing/managers/Game.java (checkRedInventory/checkBlueInventory), src/main/java/top/lqsnow/blockracing/managers/Block.java (loadTargets)",无
131,HEAVY_WEIGHTED_PRESSURE_PLATE,block,1,重质测重压力板,,consistent,中文显示“重质测重压力板”与 ID（Material.HEAVY_WEIGHTED_PRESSURE_PLATE）一致。作为 block 类型目标，requirement 为空符合系统设计规范（物品收集类任务由 Material ID 驱动）。,Game.runPer5Tick 每 5 tick 轮询 checkRedInventory / checkBlueInventory，检查在线队员背包与队伍共享箱是否持有 Material.HEAVY_WEIGHTED_PRESSURE_PLATE。该材质在 Paper 26.2 Material 枚举中存在，代码逻辑与静态结构一致。,"src/main/java/top/lqsnow/blockracing/managers/Game.java (checkRedInventory/checkBlueInventory), src/main/java/top/lqsnow/blockracing/managers/Block.java (loadTargets)",无
132,HOPPER,block,1,漏斗,,consistent,中文显示“漏斗”与 ID（Material.HOPPER）一致。作为 block 类型目标，requirement 为空符合系统设计规范（物品收集类任务由 Material ID 驱动）。,Game.runPer5Tick 每 5 tick 轮询 checkRedInventory / checkBlueInventory，检查在线队员背包与队伍共享箱是否持有 Material.HOPPER。该材质在 Paper 26.2 Material 枚举中存在，代码逻辑与静态结构一致。,"src/main/java/top/lqsnow/blockracing/managers/Game.java (checkRedInventory/checkBlueInventory), src/main/java/top/lqsnow/blockracing/managers/Block.java (loadTargets)",无
133,IRON_BARS,block,1,铁栏杆,,consistent,中文显示“铁栏杆”与 ID（Material.IRON_BARS）一致。作为 block 类型目标，requirement 为空符合系统设计规范（物品收集类任务由 Material ID 驱动）。,Game.runPer5Tick 每 5 tick 轮询 checkRedInventory / checkBlueInventory，检查在线队员背包与队伍共享箱是否持有 Material.IRON_BARS。该材质在 Paper 26.2 Material 枚举中存在，代码逻辑与静态结构一致。,"src/main/java/top/lqsnow/blockracing/managers/Game.java (checkRedInventory/checkBlueInventory), src/main/java/top/lqsnow/blockracing/managers/Block.java (loadTargets)",无
134,IRON_DOOR,block,1,铁门,,consistent,中文显示“铁门”与 ID（Material.IRON_DOOR）一致。作为 block 类型目标，requirement 为空符合系统设计规范（物品收集类任务由 Material ID 驱动）。,Game.runPer5Tick 每 5 tick 轮询 checkRedInventory / checkBlueInventory，检查在线队员背包与队伍共享箱是否持有 Material.IRON_DOOR。该材质在 Paper 26.2 Material 枚举中存在，代码逻辑与静态结构一致。,"src/main/java/top/lqsnow/blockracing/managers/Game.java (checkRedInventory/checkBlueInventory), src/main/java/top/lqsnow/blockracing/managers/Block.java (loadTargets)",无
135,IRON_TRAPDOOR,block,1,铁活板门,,consistent,中文显示“铁活板门”与 ID（Material.IRON_TRAPDOOR）一致。作为 block 类型目标，requirement 为空符合系统设计规范（物品收集类任务由 Material ID 驱动）。,Game.runPer5Tick 每 5 tick 轮询 checkRedInventory / checkBlueInventory，检查在线队员背包与队伍共享箱是否持有 Material.IRON_TRAPDOOR。该材质在 Paper 26.2 Material 枚举中存在，代码逻辑与静态结构一致。,"src/main/java/top/lqsnow/blockracing/managers/Game.java (checkRedInventory/checkBlueInventory), src/main/java/top/lqsnow/blockracing/managers/Block.java (loadTargets)",无
136,JUKEBOX,block,1,唱片机,,consistent,中文显示“唱片机”与 ID（Material.JUKEBOX）一致。作为 block 类型目标，requirement 为空符合系统设计规范（物品收集类任务由 Material ID 驱动）。,Game.runPer5Tick 每 5 tick 轮询 checkRedInventory / checkBlueInventory，检查在线队员背包与队伍共享箱是否持有 Material.JUKEBOX。该材质在 Paper 26.2 Material 枚举中存在，代码逻辑与静态结构一致。,"src/main/java/top/lqsnow/blockracing/managers/Game.java (checkRedInventory/checkBlueInventory), src/main/java/top/lqsnow/blockracing/managers/Block.java (loadTargets)",无
137,JUNGLE_BUTTON,block,1,丛林木按钮,,consistent,中文显示“丛林木按钮”与 ID（Material.JUNGLE_BUTTON）一致。作为 block 类型目标，requirement 为空符合系统设计规范（物品收集类任务由 Material ID 驱动）。,Game.runPer5Tick 每 5 tick 轮询 checkRedInventory / checkBlueInventory，检查在线队员背包与队伍共享箱是否持有 Material.JUNGLE_BUTTON。该材质在 Paper 26.2 Material 枚举中存在，代码逻辑与静态结构一致。,"src/main/java/top/lqsnow/blockracing/managers/Game.java (checkRedInventory/checkBlueInventory), src/main/java/top/lqsnow/blockracing/managers/Block.java (loadTargets)",无
138,JUNGLE_DOOR,block,1,丛林木门,,consistent,中文显示“丛林木门”与 ID（Material.JUNGLE_DOOR）一致。作为 block 类型目标，requirement 为空符合系统设计规范（物品收集类任务由 Material ID 驱动）。,Game.runPer5Tick 每 5 tick 轮询 checkRedInventory / checkBlueInventory，检查在线队员背包与队伍共享箱是否持有 Material.JUNGLE_DOOR。该材质在 Paper 26.2 Material 枚举中存在，代码逻辑与静态结构一致。,"src/main/java/top/lqsnow/blockracing/managers/Game.java (checkRedInventory/checkBlueInventory), src/main/java/top/lqsnow/blockracing/managers/Block.java (loadTargets)",无
139,JUNGLE_FENCE,block,1,丛林木栅栏,,consistent,中文显示“丛林木栅栏”与 ID（Material.JUNGLE_FENCE）一致。作为 block 类型目标，requirement 为空符合系统设计规范（物品收集类任务由 Material ID 驱动）。,Game.runPer5Tick 每 5 tick 轮询 checkRedInventory / checkBlueInventory，检查在线队员背包与队伍共享箱是否持有 Material.JUNGLE_FENCE。该材质在 Paper 26.2 Material 枚举中存在，代码逻辑与静态结构一致。,"src/main/java/top/lqsnow/blockracing/managers/Game.java (checkRedInventory/checkBlueInventory), src/main/java/top/lqsnow/blockracing/managers/Block.java (loadTargets)",无
140,JUNGLE_FENCE_GATE,block,1,丛林木栅栏门,,consistent,中文显示“丛林木栅栏门”与 ID（Material.JUNGLE_FENCE_GATE）一致。作为 block 类型目标，requirement 为空符合系统设计规范（物品收集类任务由 Material ID 驱动）。,Game.runPer5Tick 每 5 tick 轮询 checkRedInventory / checkBlueInventory，检查在线队员背包与队伍共享箱是否持有 Material.JUNGLE_FENCE_GATE。该材质在 Paper 26.2 Material 枚举中存在，代码逻辑与静态结构一致。,"src/main/java/top/lqsnow/blockracing/managers/Game.java (checkRedInventory/checkBlueInventory), src/main/java/top/lqsnow/blockracing/managers/Block.java (loadTargets)",无
141,JUNGLE_HANGING_SIGN,block,1,悬挂式丛林木告示牌,,consistent,中文显示“悬挂式丛林木告示牌”与 ID（Material.JUNGLE_HANGING_SIGN）一致。作为 block 类型目标，requirement 为空符合系统设计规范（物品收集类任务由 Material ID 驱动）。,Game.runPer5Tick 每 5 tick 轮询 checkRedInventory / checkBlueInventory，检查在线队员背包与队伍共享箱是否持有 Material.JUNGLE_HANGING_SIGN。该材质在 Paper 26.2 Material 枚举中存在，代码逻辑与静态结构一致。,"src/main/java/top/lqsnow/blockracing/managers/Game.java (checkRedInventory/checkBlueInventory), src/main/java/top/lqsnow/blockracing/managers/Block.java (loadTargets)",无
142,JUNGLE_LEAVES,block,1,丛林树叶,,consistent,中文显示“丛林树叶”与 ID（Material.JUNGLE_LEAVES）一致。作为 block 类型目标，requirement 为空符合系统设计规范（物品收集类任务由 Material ID 驱动）。,Game.runPer5Tick 每 5 tick 轮询 checkRedInventory / checkBlueInventory，检查在线队员背包与队伍共享箱是否持有 Material.JUNGLE_LEAVES。该材质在 Paper 26.2 Material 枚举中存在，代码逻辑与静态结构一致。,"src/main/java/top/lqsnow/blockracing/managers/Game.java (checkRedInventory/checkBlueInventory), src/main/java/top/lqsnow/blockracing/managers/Block.java (loadTargets)",无
143,JUNGLE_LOG,block,1,丛林原木,,consistent,中文显示“丛林原木”与 ID（Material.JUNGLE_LOG）一致。作为 block 类型目标，requirement 为空符合系统设计规范（物品收集类任务由 Material ID 驱动）。,Game.runPer5Tick 每 5 tick 轮询 checkRedInventory / checkBlueInventory，检查在线队员背包与队伍共享箱是否持有 Material.JUNGLE_LOG。该材质在 Paper 26.2 Material 枚举中存在，代码逻辑与静态结构一致。,"src/main/java/top/lqsnow/blockracing/managers/Game.java (checkRedInventory/checkBlueInventory), src/main/java/top/lqsnow/blockracing/managers/Block.java (loadTargets)",无
144,JUNGLE_PLANKS,block,1,丛林木板,,consistent,中文显示“丛林木板”与 ID（Material.JUNGLE_PLANKS）一致。作为 block 类型目标，requirement 为空符合系统设计规范（物品收集类任务由 Material ID 驱动）。,Game.runPer5Tick 每 5 tick 轮询 checkRedInventory / checkBlueInventory，检查在线队员背包与队伍共享箱是否持有 Material.JUNGLE_PLANKS。该材质在 Paper 26.2 Material 枚举中存在，代码逻辑与静态结构一致。,"src/main/java/top/lqsnow/blockracing/managers/Game.java (checkRedInventory/checkBlueInventory), src/main/java/top/lqsnow/blockracing/managers/Block.java (loadTargets)",无
145,JUNGLE_PRESSURE_PLATE,block,1,丛林木压力板,,consistent,中文显示“丛林木压力板”与 ID（Material.JUNGLE_PRESSURE_PLATE）一致。作为 block 类型目标，requirement 为空符合系统设计规范（物品收集类任务由 Material ID 驱动）。,Game.runPer5Tick 每 5 tick 轮询 checkRedInventory / checkBlueInventory，检查在线队员背包与队伍共享箱是否持有 Material.JUNGLE_PRESSURE_PLATE。该材质在 Paper 26.2 Material 枚举中存在，代码逻辑与静态结构一致。,"src/main/java/top/lqsnow/blockracing/managers/Game.java (checkRedInventory/checkBlueInventory), src/main/java/top/lqsnow/blockracing/managers/Block.java (loadTargets)",无
146,JUNGLE_SAPLING,block,1,丛林树苗,,consistent,中文显示“丛林树苗”与 ID（Material.JUNGLE_SAPLING）一致。作为 block 类型目标，requirement 为空符合系统设计规范（物品收集类任务由 Material ID 驱动）。,Game.runPer5Tick 每 5 tick 轮询 checkRedInventory / checkBlueInventory，检查在线队员背包与队伍共享箱是否持有 Material.JUNGLE_SAPLING。该材质在 Paper 26.2 Material 枚举中存在，代码逻辑与静态结构一致。,"src/main/java/top/lqsnow/blockracing/managers/Game.java (checkRedInventory/checkBlueInventory), src/main/java/top/lqsnow/blockracing/managers/Block.java (loadTargets)",无
147,JUNGLE_SIGN,block,1,丛林木告示牌,,consistent,中文显示“丛林木告示牌”与 ID（Material.JUNGLE_SIGN）一致。作为 block 类型目标，requirement 为空符合系统设计规范（物品收集类任务由 Material ID 驱动）。,Game.runPer5Tick 每 5 tick 轮询 checkRedInventory / checkBlueInventory，检查在线队员背包与队伍共享箱是否持有 Material.JUNGLE_SIGN。该材质在 Paper 26.2 Material 枚举中存在，代码逻辑与静态结构一致。,"src/main/java/top/lqsnow/blockracing/managers/Game.java (checkRedInventory/checkBlueInventory), src/main/java/top/lqsnow/blockracing/managers/Block.java (loadTargets)",无
148,JUNGLE_SLAB,block,1,丛林木台阶,,consistent,中文显示“丛林木台阶”与 ID（Material.JUNGLE_SLAB）一致。作为 block 类型目标，requirement 为空符合系统设计规范（物品收集类任务由 Material ID 驱动）。,Game.runPer5Tick 每 5 tick 轮询 checkRedInventory / checkBlueInventory，检查在线队员背包与队伍共享箱是否持有 Material.JUNGLE_SLAB。该材质在 Paper 26.2 Material 枚举中存在，代码逻辑与静态结构一致。,"src/main/java/top/lqsnow/blockracing/managers/Game.java (checkRedInventory/checkBlueInventory), src/main/java/top/lqsnow/blockracing/managers/Block.java (loadTargets)",无
149,JUNGLE_STAIRS,block,1,丛林木楼梯,,consistent,中文显示“丛林木楼梯”与 ID（Material.JUNGLE_STAIRS）一致。作为 block 类型目标，requirement 为空符合系统设计规范（物品收集类任务由 Material ID 驱动）。,Game.runPer5Tick 每 5 tick 轮询 checkRedInventory / checkBlueInventory，检查在线队员背包与队伍共享箱是否持有 Material.JUNGLE_STAIRS。该材质在 Paper 26.2 Material 枚举中存在，代码逻辑与静态结构一致。,"src/main/java/top/lqsnow/blockracing/managers/Game.java (checkRedInventory/checkBlueInventory), src/main/java/top/lqsnow/blockracing/managers/Block.java (loadTargets)",无
150,JUNGLE_TRAPDOOR,block,1,丛林木活板门,,consistent,中文显示“丛林木活板门”与 ID（Material.JUNGLE_TRAPDOOR）一致。作为 block 类型目标，requirement 为空符合系统设计规范（物品收集类任务由 Material ID 驱动）。,Game.runPer5Tick 每 5 tick 轮询 checkRedInventory / checkBlueInventory，检查在线队员背包与队伍共享箱是否持有 Material.JUNGLE_TRAPDOOR。该材质在 Paper 26.2 Material 枚举中存在，代码逻辑与静态结构一致。,"src/main/java/top/lqsnow/blockracing/managers/Game.java (checkRedInventory/checkBlueInventory), src/main/java/top/lqsnow/blockracing/managers/Block.java (loadTargets)",无
151,JUNGLE_WOOD,block,1,丛林木,,consistent,中文显示“丛林木”与 ID（Material.JUNGLE_WOOD）一致。作为 block 类型目标，requirement 为空符合系统设计规范（物品收集类任务由 Material ID 驱动）。,Game.runPer5Tick 每 5 tick 轮询 checkRedInventory / checkBlueInventory，检查在线队员背包与队伍共享箱是否持有 Material.JUNGLE_WOOD。该材质在 Paper 26.2 Material 枚举中存在，代码逻辑与静态结构一致。,"src/main/java/top/lqsnow/blockracing/managers/Game.java (checkRedInventory/checkBlueInventory), src/main/java/top/lqsnow/blockracing/managers/Block.java (loadTargets)",无
152,LADDER,block,1,梯子,,consistent,中文显示“梯子”与 ID（Material.LADDER）一致。作为 block 类型目标，requirement 为空符合系统设计规范（物品收集类任务由 Material ID 驱动）。,Game.runPer5Tick 每 5 tick 轮询 checkRedInventory / checkBlueInventory，检查在线队员背包与队伍共享箱是否持有 Material.LADDER。该材质在 Paper 26.2 Material 枚举中存在，代码逻辑与静态结构一致。,"src/main/java/top/lqsnow/blockracing/managers/Game.java (checkRedInventory/checkBlueInventory), src/main/java/top/lqsnow/blockracing/managers/Block.java (loadTargets)",无
153,LANTERN,block,1,灯笼,,consistent,中文显示“灯笼”与 ID（Material.LANTERN）一致。作为 block 类型目标，requirement 为空符合系统设计规范（物品收集类任务由 Material ID 驱动）。,Game.runPer5Tick 每 5 tick 轮询 checkRedInventory / checkBlueInventory，检查在线队员背包与队伍共享箱是否持有 Material.LANTERN。该材质在 Paper 26.2 Material 枚举中存在，代码逻辑与静态结构一致。,"src/main/java/top/lqsnow/blockracing/managers/Game.java (checkRedInventory/checkBlueInventory), src/main/java/top/lqsnow/blockracing/managers/Block.java (loadTargets)",无
154,LECTERN,block,1,讲台,,consistent,中文显示“讲台”与 ID（Material.LECTERN）一致。作为 block 类型目标，requirement 为空符合系统设计规范（物品收集类任务由 Material ID 驱动）。,Game.runPer5Tick 每 5 tick 轮询 checkRedInventory / checkBlueInventory，检查在线队员背包与队伍共享箱是否持有 Material.LECTERN。该材质在 Paper 26.2 Material 枚举中存在，代码逻辑与静态结构一致。,"src/main/java/top/lqsnow/blockracing/managers/Game.java (checkRedInventory/checkBlueInventory), src/main/java/top/lqsnow/blockracing/managers/Block.java (loadTargets)",无
155,LEVER,block,1,拉杆,,consistent,中文显示“拉杆”与 ID（Material.LEVER）一致。作为 block 类型目标，requirement 为空符合系统设计规范（物品收集类任务由 Material ID 驱动）。,Game.runPer5Tick 每 5 tick 轮询 checkRedInventory / checkBlueInventory，检查在线队员背包与队伍共享箱是否持有 Material.LEVER。该材质在 Paper 26.2 Material 枚举中存在，代码逻辑与静态结构一致。,"src/main/java/top/lqsnow/blockracing/managers/Game.java (checkRedInventory/checkBlueInventory), src/main/java/top/lqsnow/blockracing/managers/Block.java (loadTargets)",无
156,LIGHTNING_ROD,block,1,避雷针,,consistent,中文显示“避雷针”与 ID（Material.LIGHTNING_ROD）一致。作为 block 类型目标，requirement 为空符合系统设计规范（物品收集类任务由 Material ID 驱动）。,Game.runPer5Tick 每 5 tick 轮询 checkRedInventory / checkBlueInventory，检查在线队员背包与队伍共享箱是否持有 Material.LIGHTNING_ROD。该材质在 Paper 26.2 Material 枚举中存在，代码逻辑与静态结构一致。,"src/main/java/top/lqsnow/blockracing/managers/Game.java (checkRedInventory/checkBlueInventory), src/main/java/top/lqsnow/blockracing/managers/Block.java (loadTargets)",无
157,LIGHT_WEIGHTED_PRESSURE_PLATE,block,1,轻质测重压力板,,consistent,中文显示“轻质测重压力板”与 ID（Material.LIGHT_WEIGHTED_PRESSURE_PLATE）一致。作为 block 类型目标，requirement 为空符合系统设计规范（物品收集类任务由 Material ID 驱动）。,Game.runPer5Tick 每 5 tick 轮询 checkRedInventory / checkBlueInventory，检查在线队员背包与队伍共享箱是否持有 Material.LIGHT_WEIGHTED_PRESSURE_PLATE。该材质在 Paper 26.2 Material 枚举中存在，代码逻辑与静态结构一致。,"src/main/java/top/lqsnow/blockracing/managers/Game.java (checkRedInventory/checkBlueInventory), src/main/java/top/lqsnow/blockracing/managers/Block.java (loadTargets)",无
158,LILAC,block,1,丁香,,consistent,中文显示“丁香”与 ID（Material.LILAC）一致。作为 block 类型目标，requirement 为空符合系统设计规范（物品收集类任务由 Material ID 驱动）。,Game.runPer5Tick 每 5 tick 轮询 checkRedInventory / checkBlueInventory，检查在线队员背包与队伍共享箱是否持有 Material.LILAC。该材质在 Paper 26.2 Material 枚举中存在，代码逻辑与静态结构一致。,"src/main/java/top/lqsnow/blockracing/managers/Game.java (checkRedInventory/checkBlueInventory), src/main/java/top/lqsnow/blockracing/managers/Block.java (loadTargets)",无
159,LILY_OF_THE_VALLEY,block,1,铃兰,,consistent,中文显示“铃兰”与 ID（Material.LILY_OF_THE_VALLEY）一致。作为 block 类型目标，requirement 为空符合系统设计规范（物品收集类任务由 Material ID 驱动）。,Game.runPer5Tick 每 5 tick 轮询 checkRedInventory / checkBlueInventory，检查在线队员背包与队伍共享箱是否持有 Material.LILY_OF_THE_VALLEY。该材质在 Paper 26.2 Material 枚举中存在，代码逻辑与静态结构一致。,"src/main/java/top/lqsnow/blockracing/managers/Game.java (checkRedInventory/checkBlueInventory), src/main/java/top/lqsnow/blockracing/managers/Block.java (loadTargets)",无
160,LILY_PAD,block,1,睡莲,,consistent,中文显示“睡莲”与 ID（Material.LILY_PAD）一致。作为 block 类型目标，requirement 为空符合系统设计规范（物品收集类任务由 Material ID 驱动）。,Game.runPer5Tick 每 5 tick 轮询 checkRedInventory / checkBlueInventory，检查在线队员背包与队伍共享箱是否持有 Material.LILY_PAD。该材质在 Paper 26.2 Material 枚举中存在，代码逻辑与静态结构一致。,"src/main/java/top/lqsnow/blockracing/managers/Game.java (checkRedInventory/checkBlueInventory), src/main/java/top/lqsnow/blockracing/managers/Block.java (loadTargets)",无
161,LOOM,block,1,织布机,,consistent,中文显示“织布机”与 ID（Material.LOOM）一致。作为 block 类型目标，requirement 为空符合系统设计规范（物品收集类任务由 Material ID 驱动）。,Game.runPer5Tick 每 5 tick 轮询 checkRedInventory / checkBlueInventory，检查在线队员背包与队伍共享箱是否持有 Material.LOOM。该材质在 Paper 26.2 Material 枚举中存在，代码逻辑与静态结构一致。,"src/main/java/top/lqsnow/blockracing/managers/Game.java (checkRedInventory/checkBlueInventory), src/main/java/top/lqsnow/blockracing/managers/Block.java (loadTargets)",无
162,MANGROVE_HANGING_SIGN,block,1,悬挂式红树木告示牌,,consistent,中文显示“悬挂式红树木告示牌”与 ID（Material.MANGROVE_HANGING_SIGN）一致。作为 block 类型目标，requirement 为空符合系统设计规范（物品收集类任务由 Material ID 驱动）。,Game.runPer5Tick 每 5 tick 轮询 checkRedInventory / checkBlueInventory，检查在线队员背包与队伍共享箱是否持有 Material.MANGROVE_HANGING_SIGN。该材质在 Paper 26.2 Material 枚举中存在，代码逻辑与静态结构一致。,"src/main/java/top/lqsnow/blockracing/managers/Game.java (checkRedInventory/checkBlueInventory), src/main/java/top/lqsnow/blockracing/managers/Block.java (loadTargets)",无
163,MELON,block,1,西瓜,,consistent,中文显示“西瓜”与 ID（Material.MELON）一致。作为 block 类型目标，requirement 为空符合系统设计规范（物品收集类任务由 Material ID 驱动）。,Game.runPer5Tick 每 5 tick 轮询 checkRedInventory / checkBlueInventory，检查在线队员背包与队伍共享箱是否持有 Material.MELON。该材质在 Paper 26.2 Material 枚举中存在，代码逻辑与静态结构一致。,"src/main/java/top/lqsnow/blockracing/managers/Game.java (checkRedInventory/checkBlueInventory), src/main/java/top/lqsnow/blockracing/managers/Block.java (loadTargets)",无
164,MUD,block,1,泥巴,,consistent,中文显示“泥巴”与 ID（Material.MUD）一致。作为 block 类型目标，requirement 为空符合系统设计规范（物品收集类任务由 Material ID 驱动）。,Game.runPer5Tick 每 5 tick 轮询 checkRedInventory / checkBlueInventory，检查在线队员背包与队伍共享箱是否持有 Material.MUD。该材质在 Paper 26.2 Material 枚举中存在，代码逻辑与静态结构一致。,"src/main/java/top/lqsnow/blockracing/managers/Game.java (checkRedInventory/checkBlueInventory), src/main/java/top/lqsnow/blockracing/managers/Block.java (loadTargets)",无
165,NETHERRACK,block,1,下界岩,,consistent,中文显示“下界岩”与 ID（Material.NETHERRACK）一致。作为 block 类型目标，requirement 为空符合系统设计规范（物品收集类任务由 Material ID 驱动）。,Game.runPer5Tick 每 5 tick 轮询 checkRedInventory / checkBlueInventory，检查在线队员背包与队伍共享箱是否持有 Material.NETHERRACK。该材质在 Paper 26.2 Material 枚举中存在，代码逻辑与静态结构一致。,"src/main/java/top/lqsnow/blockracing/managers/Game.java (checkRedInventory/checkBlueInventory), src/main/java/top/lqsnow/blockracing/managers/Block.java (loadTargets)",无
166,NOTE_BLOCK,block,1,音符盒,,consistent,中文显示“音符盒”与 ID（Material.NOTE_BLOCK）一致。作为 block 类型目标，requirement 为空符合系统设计规范（物品收集类任务由 Material ID 驱动）。,Game.runPer5Tick 每 5 tick 轮询 checkRedInventory / checkBlueInventory，检查在线队员背包与队伍共享箱是否持有 Material.NOTE_BLOCK。该材质在 Paper 26.2 Material 枚举中存在，代码逻辑与静态结构一致。,"src/main/java/top/lqsnow/blockracing/managers/Game.java (checkRedInventory/checkBlueInventory), src/main/java/top/lqsnow/blockracing/managers/Block.java (loadTargets)",无
167,OAK_BUTTON,block,1,橡木按钮,,consistent,中文显示“橡木按钮”与 ID（Material.OAK_BUTTON）一致。作为 block 类型目标，requirement 为空符合系统设计规范（物品收集类任务由 Material ID 驱动）。,Game.runPer5Tick 每 5 tick 轮询 checkRedInventory / checkBlueInventory，检查在线队员背包与队伍共享箱是否持有 Material.OAK_BUTTON。该材质在 Paper 26.2 Material 枚举中存在，代码逻辑与静态结构一致。,"src/main/java/top/lqsnow/blockracing/managers/Game.java (checkRedInventory/checkBlueInventory), src/main/java/top/lqsnow/blockracing/managers/Block.java (loadTargets)",无
168,OAK_DOOR,block,1,橡木门,,consistent,中文显示“橡木门”与 ID（Material.OAK_DOOR）一致。作为 block 类型目标，requirement 为空符合系统设计规范（物品收集类任务由 Material ID 驱动）。,Game.runPer5Tick 每 5 tick 轮询 checkRedInventory / checkBlueInventory，检查在线队员背包与队伍共享箱是否持有 Material.OAK_DOOR。该材质在 Paper 26.2 Material 枚举中存在，代码逻辑与静态结构一致。,"src/main/java/top/lqsnow/blockracing/managers/Game.java (checkRedInventory/checkBlueInventory), src/main/java/top/lqsnow/blockracing/managers/Block.java (loadTargets)",无
169,OAK_FENCE,block,1,橡木栅栏,,consistent,中文显示“橡木栅栏”与 ID（Material.OAK_FENCE）一致。作为 block 类型目标，requirement 为空符合系统设计规范（物品收集类任务由 Material ID 驱动）。,Game.runPer5Tick 每 5 tick 轮询 checkRedInventory / checkBlueInventory，检查在线队员背包与队伍共享箱是否持有 Material.OAK_FENCE。该材质在 Paper 26.2 Material 枚举中存在，代码逻辑与静态结构一致。,"src/main/java/top/lqsnow/blockracing/managers/Game.java (checkRedInventory/checkBlueInventory), src/main/java/top/lqsnow/blockracing/managers/Block.java (loadTargets)",无
170,OAK_FENCE_GATE,block,1,橡木栅栏门,,consistent,中文显示“橡木栅栏门”与 ID（Material.OAK_FENCE_GATE）一致。作为 block 类型目标，requirement 为空符合系统设计规范（物品收集类任务由 Material ID 驱动）。,Game.runPer5Tick 每 5 tick 轮询 checkRedInventory / checkBlueInventory，检查在线队员背包与队伍共享箱是否持有 Material.OAK_FENCE_GATE。该材质在 Paper 26.2 Material 枚举中存在，代码逻辑与静态结构一致。,"src/main/java/top/lqsnow/blockracing/managers/Game.java (checkRedInventory/checkBlueInventory), src/main/java/top/lqsnow/blockracing/managers/Block.java (loadTargets)",无
171,OAK_HANGING_SIGN,block,1,悬挂式橡木告示牌,,consistent,中文显示“悬挂式橡木告示牌”与 ID（Material.OAK_HANGING_SIGN）一致。作为 block 类型目标，requirement 为空符合系统设计规范（物品收集类任务由 Material ID 驱动）。,Game.runPer5Tick 每 5 tick 轮询 checkRedInventory / checkBlueInventory，检查在线队员背包与队伍共享箱是否持有 Material.OAK_HANGING_SIGN。该材质在 Paper 26.2 Material 枚举中存在，代码逻辑与静态结构一致。,"src/main/java/top/lqsnow/blockracing/managers/Game.java (checkRedInventory/checkBlueInventory), src/main/java/top/lqsnow/blockracing/managers/Block.java (loadTargets)",无
172,OAK_LEAVES,block,1,橡树树叶,,consistent,中文显示“橡树树叶”与 ID（Material.OAK_LEAVES）一致。作为 block 类型目标，requirement 为空符合系统设计规范（物品收集类任务由 Material ID 驱动）。,Game.runPer5Tick 每 5 tick 轮询 checkRedInventory / checkBlueInventory，检查在线队员背包与队伍共享箱是否持有 Material.OAK_LEAVES。该材质在 Paper 26.2 Material 枚举中存在，代码逻辑与静态结构一致。,"src/main/java/top/lqsnow/blockracing/managers/Game.java (checkRedInventory/checkBlueInventory), src/main/java/top/lqsnow/blockracing/managers/Block.java (loadTargets)",无
173,OAK_LOG,block,1,橡木原木,,consistent,中文显示“橡木原木”与 ID（Material.OAK_LOG）一致。作为 block 类型目标，requirement 为空符合系统设计规范（物品收集类任务由 Material ID 驱动）。,Game.runPer5Tick 每 5 tick 轮询 checkRedInventory / checkBlueInventory，检查在线队员背包与队伍共享箱是否持有 Material.OAK_LOG。该材质在 Paper 26.2 Material 枚举中存在，代码逻辑与静态结构一致。,"src/main/java/top/lqsnow/blockracing/managers/Game.java (checkRedInventory/checkBlueInventory), src/main/java/top/lqsnow/blockracing/managers/Block.java (loadTargets)",无
174,OAK_PLANKS,block,1,橡木木板,,consistent,中文显示“橡木木板”与 ID（Material.OAK_PLANKS）一致。作为 block 类型目标，requirement 为空符合系统设计规范（物品收集类任务由 Material ID 驱动）。,Game.runPer5Tick 每 5 tick 轮询 checkRedInventory / checkBlueInventory，检查在线队员背包与队伍共享箱是否持有 Material.OAK_PLANKS。该材质在 Paper 26.2 Material 枚举中存在，代码逻辑与静态结构一致。,"src/main/java/top/lqsnow/blockracing/managers/Game.java (checkRedInventory/checkBlueInventory), src/main/java/top/lqsnow/blockracing/managers/Block.java (loadTargets)",无
175,OAK_PRESSURE_PLATE,block,1,橡木压力板,,consistent,中文显示“橡木压力板”与 ID（Material.OAK_PRESSURE_PLATE）一致。作为 block 类型目标，requirement 为空符合系统设计规范（物品收集类任务由 Material ID 驱动）。,Game.runPer5Tick 每 5 tick 轮询 checkRedInventory / checkBlueInventory，检查在线队员背包与队伍共享箱是否持有 Material.OAK_PRESSURE_PLATE。该材质在 Paper 26.2 Material 枚举中存在，代码逻辑与静态结构一致。,"src/main/java/top/lqsnow/blockracing/managers/Game.java (checkRedInventory/checkBlueInventory), src/main/java/top/lqsnow/blockracing/managers/Block.java (loadTargets)",无
176,OAK_SAPLING,block,1,橡树树苗,,consistent,中文显示“橡树树苗”与 ID（Material.OAK_SAPLING）一致。作为 block 类型目标，requirement 为空符合系统设计规范（物品收集类任务由 Material ID 驱动）。,Game.runPer5Tick 每 5 tick 轮询 checkRedInventory / checkBlueInventory，检查在线队员背包与队伍共享箱是否持有 Material.OAK_SAPLING。该材质在 Paper 26.2 Material 枚举中存在，代码逻辑与静态结构一致。,"src/main/java/top/lqsnow/blockracing/managers/Game.java (checkRedInventory/checkBlueInventory), src/main/java/top/lqsnow/blockracing/managers/Block.java (loadTargets)",无
177,OAK_SIGN,block,1,橡木告示牌,,consistent,中文显示“橡木告示牌”与 ID（Material.OAK_SIGN）一致。作为 block 类型目标，requirement 为空符合系统设计规范（物品收集类任务由 Material ID 驱动）。,Game.runPer5Tick 每 5 tick 轮询 checkRedInventory / checkBlueInventory，检查在线队员背包与队伍共享箱是否持有 Material.OAK_SIGN。该材质在 Paper 26.2 Material 枚举中存在，代码逻辑与静态结构一致。,"src/main/java/top/lqsnow/blockracing/managers/Game.java (checkRedInventory/checkBlueInventory), src/main/java/top/lqsnow/blockracing/managers/Block.java (loadTargets)",无
178,OAK_SLAB,block,1,橡木台阶,,consistent,中文显示“橡木台阶”与 ID（Material.OAK_SLAB）一致。作为 block 类型目标，requirement 为空符合系统设计规范（物品收集类任务由 Material ID 驱动）。,Game.runPer5Tick 每 5 tick 轮询 checkRedInventory / checkBlueInventory，检查在线队员背包与队伍共享箱是否持有 Material.OAK_SLAB。该材质在 Paper 26.2 Material 枚举中存在，代码逻辑与静态结构一致。,"src/main/java/top/lqsnow/blockracing/managers/Game.java (checkRedInventory/checkBlueInventory), src/main/java/top/lqsnow/blockracing/managers/Block.java (loadTargets)",无
179,OAK_STAIRS,block,1,橡木楼梯,,consistent,中文显示“橡木楼梯”与 ID（Material.OAK_STAIRS）一致。作为 block 类型目标，requirement 为空符合系统设计规范（物品收集类任务由 Material ID 驱动）。,Game.runPer5Tick 每 5 tick 轮询 checkRedInventory / checkBlueInventory，检查在线队员背包与队伍共享箱是否持有 Material.OAK_STAIRS。该材质在 Paper 26.2 Material 枚举中存在，代码逻辑与静态结构一致。,"src/main/java/top/lqsnow/blockracing/managers/Game.java (checkRedInventory/checkBlueInventory), src/main/java/top/lqsnow/blockracing/managers/Block.java (loadTargets)",无
180,OAK_TRAPDOOR,block,1,橡木活板门,,consistent,中文显示“橡木活板门”与 ID（Material.OAK_TRAPDOOR）一致。作为 block 类型目标，requirement 为空符合系统设计规范（物品收集类任务由 Material ID 驱动）。,Game.runPer5Tick 每 5 tick 轮询 checkRedInventory / checkBlueInventory，检查在线队员背包与队伍共享箱是否持有 Material.OAK_TRAPDOOR。该材质在 Paper 26.2 Material 枚举中存在，代码逻辑与静态结构一致。,"src/main/java/top/lqsnow/blockracing/managers/Game.java (checkRedInventory/checkBlueInventory), src/main/java/top/lqsnow/blockracing/managers/Block.java (loadTargets)",无
181,OAK_WOOD,block,1,橡木,,consistent,中文显示“橡木”与 ID（Material.OAK_WOOD）一致。作为 block 类型目标，requirement 为空符合系统设计规范（物品收集类任务由 Material ID 驱动）。,Game.runPer5Tick 每 5 tick 轮询 checkRedInventory / checkBlueInventory，检查在线队员背包与队伍共享箱是否持有 Material.OAK_WOOD。该材质在 Paper 26.2 Material 枚举中存在，代码逻辑与静态结构一致。,"src/main/java/top/lqsnow/blockracing/managers/Game.java (checkRedInventory/checkBlueInventory), src/main/java/top/lqsnow/blockracing/managers/Block.java (loadTargets)",无
182,OBSIDIAN,block,1,黑曜石,,consistent,中文显示“黑曜石”与 ID（Material.OBSIDIAN）一致。作为 block 类型目标，requirement 为空符合系统设计规范（物品收集类任务由 Material ID 驱动）。,Game.runPer5Tick 每 5 tick 轮询 checkRedInventory / checkBlueInventory，检查在线队员背包与队伍共享箱是否持有 Material.OBSIDIAN。该材质在 Paper 26.2 Material 枚举中存在，代码逻辑与静态结构一致。,"src/main/java/top/lqsnow/blockracing/managers/Game.java (checkRedInventory/checkBlueInventory), src/main/java/top/lqsnow/blockracing/managers/Block.java (loadTargets)",无
183,OXEYE_DAISY,block,1,滨菊,,consistent,中文显示“滨菊”与 ID（Material.OXEYE_DAISY）一致。作为 block 类型目标，requirement 为空符合系统设计规范（物品收集类任务由 Material ID 驱动）。,Game.runPer5Tick 每 5 tick 轮询 checkRedInventory / checkBlueInventory，检查在线队员背包与队伍共享箱是否持有 Material.OXEYE_DAISY。该材质在 Paper 26.2 Material 枚举中存在，代码逻辑与静态结构一致。,"src/main/java/top/lqsnow/blockracing/managers/Game.java (checkRedInventory/checkBlueInventory), src/main/java/top/lqsnow/blockracing/managers/Block.java (loadTargets)",无
184,PACKED_MUD,block,1,泥坯,,consistent,中文显示“泥坯”与 ID（Material.PACKED_MUD）一致。作为 block 类型目标，requirement 为空符合系统设计规范（物品收集类任务由 Material ID 驱动）。,Game.runPer5Tick 每 5 tick 轮询 checkRedInventory / checkBlueInventory，检查在线队员背包与队伍共享箱是否持有 Material.PACKED_MUD。该材质在 Paper 26.2 Material 枚举中存在，代码逻辑与静态结构一致。,"src/main/java/top/lqsnow/blockracing/managers/Game.java (checkRedInventory/checkBlueInventory), src/main/java/top/lqsnow/blockracing/managers/Block.java (loadTargets)",无
185,PEONY,block,1,牡丹,,consistent,中文显示“牡丹”与 ID（Material.PEONY）一致。作为 block 类型目标，requirement 为空符合系统设计规范（物品收集类任务由 Material ID 驱动）。,Game.runPer5Tick 每 5 tick 轮询 checkRedInventory / checkBlueInventory，检查在线队员背包与队伍共享箱是否持有 Material.PEONY。该材质在 Paper 26.2 Material 枚举中存在，代码逻辑与静态结构一致。,"src/main/java/top/lqsnow/blockracing/managers/Game.java (checkRedInventory/checkBlueInventory), src/main/java/top/lqsnow/blockracing/managers/Block.java (loadTargets)",无
186,PINK_PETALS,block,1,粉红色花簇,,consistent,中文显示“粉红色花簇”与 ID（Material.PINK_PETALS）一致。作为 block 类型目标，requirement 为空符合系统设计规范（物品收集类任务由 Material ID 驱动）。,Game.runPer5Tick 每 5 tick 轮询 checkRedInventory / checkBlueInventory，检查在线队员背包与队伍共享箱是否持有 Material.PINK_PETALS。该材质在 Paper 26.2 Material 枚举中存在，代码逻辑与静态结构一致。,"src/main/java/top/lqsnow/blockracing/managers/Game.java (checkRedInventory/checkBlueInventory), src/main/java/top/lqsnow/blockracing/managers/Block.java (loadTargets)",无
187,PISTON,block,1,活塞,,consistent,中文显示“活塞”与 ID（Material.PISTON）一致。作为 block 类型目标，requirement 为空符合系统设计规范（物品收集类任务由 Material ID 驱动）。,Game.runPer5Tick 每 5 tick 轮询 checkRedInventory / checkBlueInventory，检查在线队员背包与队伍共享箱是否持有 Material.PISTON。该材质在 Paper 26.2 Material 枚举中存在，代码逻辑与静态结构一致。,"src/main/java/top/lqsnow/blockracing/managers/Game.java (checkRedInventory/checkBlueInventory), src/main/java/top/lqsnow/blockracing/managers/Block.java (loadTargets)",无
188,POINTED_DRIPSTONE,block,1,滴水石锥,,consistent,中文显示“滴水石锥”与 ID（Material.POINTED_DRIPSTONE）一致。作为 block 类型目标，requirement 为空符合系统设计规范（物品收集类任务由 Material ID 驱动）。,Game.runPer5Tick 每 5 tick 轮询 checkRedInventory / checkBlueInventory，检查在线队员背包与队伍共享箱是否持有 Material.POINTED_DRIPSTONE。该材质在 Paper 26.2 Material 枚举中存在，代码逻辑与静态结构一致。,"src/main/java/top/lqsnow/blockracing/managers/Game.java (checkRedInventory/checkBlueInventory), src/main/java/top/lqsnow/blockracing/managers/Block.java (loadTargets)",无
189,POLISHED_ANDESITE,block,1,磨制安山岩,,consistent,中文显示“磨制安山岩”与 ID（Material.POLISHED_ANDESITE）一致。作为 block 类型目标，requirement 为空符合系统设计规范（物品收集类任务由 Material ID 驱动）。,Game.runPer5Tick 每 5 tick 轮询 checkRedInventory / checkBlueInventory，检查在线队员背包与队伍共享箱是否持有 Material.POLISHED_ANDESITE。该材质在 Paper 26.2 Material 枚举中存在，代码逻辑与静态结构一致。,"src/main/java/top/lqsnow/blockracing/managers/Game.java (checkRedInventory/checkBlueInventory), src/main/java/top/lqsnow/blockracing/managers/Block.java (loadTargets)",无
190,POLISHED_DIORITE,block,1,磨制闪长岩,,consistent,中文显示“磨制闪长岩”与 ID（Material.POLISHED_DIORITE）一致。作为 block 类型目标，requirement 为空符合系统设计规范（物品收集类任务由 Material ID 驱动）。,Game.runPer5Tick 每 5 tick 轮询 checkRedInventory / checkBlueInventory，检查在线队员背包与队伍共享箱是否持有 Material.POLISHED_DIORITE。该材质在 Paper 26.2 Material 枚举中存在，代码逻辑与静态结构一致。,"src/main/java/top/lqsnow/blockracing/managers/Game.java (checkRedInventory/checkBlueInventory), src/main/java/top/lqsnow/blockracing/managers/Block.java (loadTargets)",无
191,POLISHED_GRANITE,block,1,磨制花岗岩,,consistent,中文显示“磨制花岗岩”与 ID（Material.POLISHED_GRANITE）一致。作为 block 类型目标，requirement 为空符合系统设计规范（物品收集类任务由 Material ID 驱动）。,Game.runPer5Tick 每 5 tick 轮询 checkRedInventory / checkBlueInventory，检查在线队员背包与队伍共享箱是否持有 Material.POLISHED_GRANITE。该材质在 Paper 26.2 Material 枚举中存在，代码逻辑与静态结构一致。,"src/main/java/top/lqsnow/blockracing/managers/Game.java (checkRedInventory/checkBlueInventory), src/main/java/top/lqsnow/blockracing/managers/Block.java (loadTargets)",无
192,POPPY,block,1,虞美人,,consistent,中文显示“虞美人”与 ID（Material.POPPY）一致。作为 block 类型目标，requirement 为空符合系统设计规范（物品收集类任务由 Material ID 驱动）。,Game.runPer5Tick 每 5 tick 轮询 checkRedInventory / checkBlueInventory，检查在线队员背包与队伍共享箱是否持有 Material.POPPY。该材质在 Paper 26.2 Material 枚举中存在，代码逻辑与静态结构一致。,"src/main/java/top/lqsnow/blockracing/managers/Game.java (checkRedInventory/checkBlueInventory), src/main/java/top/lqsnow/blockracing/managers/Block.java (loadTargets)",无
193,POWERED_RAIL,block,1,动力铁轨,,consistent,中文显示“动力铁轨”与 ID（Material.POWERED_RAIL）一致。作为 block 类型目标，requirement 为空符合系统设计规范（物品收集类任务由 Material ID 驱动）。,Game.runPer5Tick 每 5 tick 轮询 checkRedInventory / checkBlueInventory，检查在线队员背包与队伍共享箱是否持有 Material.POWERED_RAIL。该材质在 Paper 26.2 Material 枚举中存在，代码逻辑与静态结构一致。,"src/main/java/top/lqsnow/blockracing/managers/Game.java (checkRedInventory/checkBlueInventory), src/main/java/top/lqsnow/blockracing/managers/Block.java (loadTargets)",无
194,PUMPKIN,block,1,南瓜,,consistent,中文显示“南瓜”与 ID（Material.PUMPKIN）一致。作为 block 类型目标，requirement 为空符合系统设计规范（物品收集类任务由 Material ID 驱动）。,Game.runPer5Tick 每 5 tick 轮询 checkRedInventory / checkBlueInventory，检查在线队员背包与队伍共享箱是否持有 Material.PUMPKIN。该材质在 Paper 26.2 Material 枚举中存在，代码逻辑与静态结构一致。,"src/main/java/top/lqsnow/blockracing/managers/Game.java (checkRedInventory/checkBlueInventory), src/main/java/top/lqsnow/blockracing/managers/Block.java (loadTargets)",无
195,RAIL,block,1,铁轨,,consistent,中文显示“铁轨”与 ID（Material.RAIL）一致。作为 block 类型目标，requirement 为空符合系统设计规范（物品收集类任务由 Material ID 驱动）。,Game.runPer5Tick 每 5 tick 轮询 checkRedInventory / checkBlueInventory，检查在线队员背包与队伍共享箱是否持有 Material.RAIL。该材质在 Paper 26.2 Material 枚举中存在，代码逻辑与静态结构一致。,"src/main/java/top/lqsnow/blockracing/managers/Game.java (checkRedInventory/checkBlueInventory), src/main/java/top/lqsnow/blockracing/managers/Block.java (loadTargets)",无
196,REDSTONE_LAMP,block,1,红石灯,,consistent,中文显示“红石灯”与 ID（Material.REDSTONE_LAMP）一致。作为 block 类型目标，requirement 为空符合系统设计规范（物品收集类任务由 Material ID 驱动）。,Game.runPer5Tick 每 5 tick 轮询 checkRedInventory / checkBlueInventory，检查在线队员背包与队伍共享箱是否持有 Material.REDSTONE_LAMP。该材质在 Paper 26.2 Material 枚举中存在，代码逻辑与静态结构一致。,"src/main/java/top/lqsnow/blockracing/managers/Game.java (checkRedInventory/checkBlueInventory), src/main/java/top/lqsnow/blockracing/managers/Block.java (loadTargets)",无
197,REDSTONE_TORCH,block,1,红石火把,,consistent,中文显示“红石火把”与 ID（Material.REDSTONE_TORCH）一致。作为 block 类型目标，requirement 为空符合系统设计规范（物品收集类任务由 Material ID 驱动）。,Game.runPer5Tick 每 5 tick 轮询 checkRedInventory / checkBlueInventory，检查在线队员背包与队伍共享箱是否持有 Material.REDSTONE_TORCH。该材质在 Paper 26.2 Material 枚举中存在，代码逻辑与静态结构一致。,"src/main/java/top/lqsnow/blockracing/managers/Game.java (checkRedInventory/checkBlueInventory), src/main/java/top/lqsnow/blockracing/managers/Block.java (loadTargets)",无
198,RED_MUSHROOM,block,1,红色蘑菇,,consistent,中文显示“红色蘑菇”与 ID（Material.RED_MUSHROOM）一致。作为 block 类型目标，requirement 为空符合系统设计规范（物品收集类任务由 Material ID 驱动）。,Game.runPer5Tick 每 5 tick 轮询 checkRedInventory / checkBlueInventory，检查在线队员背包与队伍共享箱是否持有 Material.RED_MUSHROOM。该材质在 Paper 26.2 Material 枚举中存在，代码逻辑与静态结构一致。,"src/main/java/top/lqsnow/blockracing/managers/Game.java (checkRedInventory/checkBlueInventory), src/main/java/top/lqsnow/blockracing/managers/Block.java (loadTargets)",无
199,BROWN_MUSHROOM,block,1,棕色蘑菇,,consistent,中文显示“棕色蘑菇”与 ID（Material.BROWN_MUSHROOM）一致。作为 block 类型目标，requirement 为空符合系统设计规范（物品收集类任务由 Material ID 驱动）。,Game.runPer5Tick 每 5 tick 轮询 checkRedInventory / checkBlueInventory，检查在线队员背包与队伍共享箱是否持有 Material.BROWN_MUSHROOM。该材质在 Paper 26.2 Material 枚举中存在，代码逻辑与静态结构一致。,"src/main/java/top/lqsnow/blockracing/managers/Game.java (checkRedInventory/checkBlueInventory), src/main/java/top/lqsnow/blockracing/managers/Block.java (loadTargets)",无
200,RED_SAND,block,1,红沙,,consistent,中文显示“红沙”与 ID（Material.RED_SAND）一致。作为 block 类型目标，requirement 为空符合系统设计规范（物品收集类任务由 Material ID 驱动）。,Game.runPer5Tick 每 5 tick 轮询 checkRedInventory / checkBlueInventory，检查在线队员背包与队伍共享箱是否持有 Material.RED_SAND。该材质在 Paper 26.2 Material 枚举中存在，代码逻辑与静态结构一致。,"src/main/java/top/lqsnow/blockracing/managers/Game.java (checkRedInventory/checkBlueInventory), src/main/java/top/lqsnow/blockracing/managers/Block.java (loadTargets)",无
201,RED_SANDSTONE,block,1,红砂岩,,consistent,中文显示“红砂岩”与 ID（Material.RED_SANDSTONE）一致。作为 block 类型目标，requirement 为空符合系统设计规范（物品收集类任务由 Material ID 驱动）。,Game.runPer5Tick 每 5 tick 轮询 checkRedInventory / checkBlueInventory，检查在线队员背包与队伍共享箱是否持有 Material.RED_SANDSTONE。该材质在 Paper 26.2 Material 枚举中存在，代码逻辑与静态结构一致。,"src/main/java/top/lqsnow/blockracing/managers/Game.java (checkRedInventory/checkBlueInventory), src/main/java/top/lqsnow/blockracing/managers/Block.java (loadTargets)",无
202,RED_TULIP,block,1,红色郁金香,,consistent,中文显示“红色郁金香”与 ID（Material.RED_TULIP）一致。作为 block 类型目标，requirement 为空符合系统设计规范（物品收集类任务由 Material ID 驱动）。,Game.runPer5Tick 每 5 tick 轮询 checkRedInventory / checkBlueInventory，检查在线队员背包与队伍共享箱是否持有 Material.RED_TULIP。该材质在 Paper 26.2 Material 枚举中存在，代码逻辑与静态结构一致。,"src/main/java/top/lqsnow/blockracing/managers/Game.java (checkRedInventory/checkBlueInventory), src/main/java/top/lqsnow/blockracing/managers/Block.java (loadTargets)",无
203,ORANGE_TULIP,block,1,橙色郁金香,,consistent,中文显示“橙色郁金香”与 ID（Material.ORANGE_TULIP）一致。作为 block 类型目标，requirement 为空符合系统设计规范（物品收集类任务由 Material ID 驱动）。,Game.runPer5Tick 每 5 tick 轮询 checkRedInventory / checkBlueInventory，检查在线队员背包与队伍共享箱是否持有 Material.ORANGE_TULIP。该材质在 Paper 26.2 Material 枚举中存在，代码逻辑与静态结构一致。,"src/main/java/top/lqsnow/blockracing/managers/Game.java (checkRedInventory/checkBlueInventory), src/main/java/top/lqsnow/blockracing/managers/Block.java (loadTargets)",无
204,WHITE_TULIP,block,1,白色郁金香,,consistent,中文显示“白色郁金香”与 ID（Material.WHITE_TULIP）一致。作为 block 类型目标，requirement 为空符合系统设计规范（物品收集类任务由 Material ID 驱动）。,Game.runPer5Tick 每 5 tick 轮询 checkRedInventory / checkBlueInventory，检查在线队员背包与队伍共享箱是否持有 Material.WHITE_TULIP。该材质在 Paper 26.2 Material 枚举中存在，代码逻辑与静态结构一致。,"src/main/java/top/lqsnow/blockracing/managers/Game.java (checkRedInventory/checkBlueInventory), src/main/java/top/lqsnow/blockracing/managers/Block.java (loadTargets)",无
205,ROSE_BUSH,block,1,玫瑰丛,,consistent,中文显示“玫瑰丛”与 ID（Material.ROSE_BUSH）一致。作为 block 类型目标，requirement 为空符合系统设计规范（物品收集类任务由 Material ID 驱动）。,Game.runPer5Tick 每 5 tick 轮询 checkRedInventory / checkBlueInventory，检查在线队员背包与队伍共享箱是否持有 Material.ROSE_BUSH。该材质在 Paper 26.2 Material 枚举中存在，代码逻辑与静态结构一致。,"src/main/java/top/lqsnow/blockracing/managers/Game.java (checkRedInventory/checkBlueInventory), src/main/java/top/lqsnow/blockracing/managers/Block.java (loadTargets)",无
206,SAND,block,1,沙子,,consistent,中文显示“沙子”与 ID（Material.SAND）一致。作为 block 类型目标，requirement 为空符合系统设计规范（物品收集类任务由 Material ID 驱动）。,Game.runPer5Tick 每 5 tick 轮询 checkRedInventory / checkBlueInventory，检查在线队员背包与队伍共享箱是否持有 Material.SAND。该材质在 Paper 26.2 Material 枚举中存在，代码逻辑与静态结构一致。,"src/main/java/top/lqsnow/blockracing/managers/Game.java (checkRedInventory/checkBlueInventory), src/main/java/top/lqsnow/blockracing/managers/Block.java (loadTargets)",无
207,SANDSTONE,block,1,砂岩,,consistent,中文显示“砂岩”与 ID（Material.SANDSTONE）一致。作为 block 类型目标，requirement 为空符合系统设计规范（物品收集类任务由 Material ID 驱动）。,Game.runPer5Tick 每 5 tick 轮询 checkRedInventory / checkBlueInventory，检查在线队员背包与队伍共享箱是否持有 Material.SANDSTONE。该材质在 Paper 26.2 Material 枚举中存在，代码逻辑与静态结构一致。,"src/main/java/top/lqsnow/blockracing/managers/Game.java (checkRedInventory/checkBlueInventory), src/main/java/top/lqsnow/blockracing/managers/Block.java (loadTargets)",无
208,SCAFFOLDING,block,1,脚手架,,consistent,中文显示“脚手架”与 ID（Material.SCAFFOLDING）一致。作为 block 类型目标，requirement 为空符合系统设计规范（物品收集类任务由 Material ID 驱动）。,Game.runPer5Tick 每 5 tick 轮询 checkRedInventory / checkBlueInventory，检查在线队员背包与队伍共享箱是否持有 Material.SCAFFOLDING。该材质在 Paper 26.2 Material 枚举中存在，代码逻辑与静态结构一致。,"src/main/java/top/lqsnow/blockracing/managers/Game.java (checkRedInventory/checkBlueInventory), src/main/java/top/lqsnow/blockracing/managers/Block.java (loadTargets)",无
209,SEA_PICKLE,block,1,海泡菜,,consistent,中文显示“海泡菜”与 ID（Material.SEA_PICKLE）一致。作为 block 类型目标，requirement 为空符合系统设计规范（物品收集类任务由 Material ID 驱动）。,Game.runPer5Tick 每 5 tick 轮询 checkRedInventory / checkBlueInventory，检查在线队员背包与队伍共享箱是否持有 Material.SEA_PICKLE。该材质在 Paper 26.2 Material 枚举中存在，代码逻辑与静态结构一致。,"src/main/java/top/lqsnow/blockracing/managers/Game.java (checkRedInventory/checkBlueInventory), src/main/java/top/lqsnow/blockracing/managers/Block.java (loadTargets)",无
210,SHROOMLIGHT,block,1,菌光体,,consistent,中文显示“菌光体”与 ID（Material.SHROOMLIGHT）一致。作为 block 类型目标，requirement 为空符合系统设计规范（物品收集类任务由 Material ID 驱动）。,Game.runPer5Tick 每 5 tick 轮询 checkRedInventory / checkBlueInventory，检查在线队员背包与队伍共享箱是否持有 Material.SHROOMLIGHT。该材质在 Paper 26.2 Material 枚举中存在，代码逻辑与静态结构一致。,"src/main/java/top/lqsnow/blockracing/managers/Game.java (checkRedInventory/checkBlueInventory), src/main/java/top/lqsnow/blockracing/managers/Block.java (loadTargets)",无
211,SMITHING_TABLE,block,1,锻造台,,consistent,中文显示“锻造台”与 ID（Material.SMITHING_TABLE）一致。作为 block 类型目标，requirement 为空符合系统设计规范（物品收集类任务由 Material ID 驱动）。,Game.runPer5Tick 每 5 tick 轮询 checkRedInventory / checkBlueInventory，检查在线队员背包与队伍共享箱是否持有 Material.SMITHING_TABLE。该材质在 Paper 26.2 Material 枚举中存在，代码逻辑与静态结构一致。,"src/main/java/top/lqsnow/blockracing/managers/Game.java (checkRedInventory/checkBlueInventory), src/main/java/top/lqsnow/blockracing/managers/Block.java (loadTargets)",无
212,SMOKER,block,1,烟熏炉,,consistent,中文显示“烟熏炉”与 ID（Material.SMOKER）一致。作为 block 类型目标，requirement 为空符合系统设计规范（物品收集类任务由 Material ID 驱动）。,Game.runPer5Tick 每 5 tick 轮询 checkRedInventory / checkBlueInventory，检查在线队员背包与队伍共享箱是否持有 Material.SMOKER。该材质在 Paper 26.2 Material 枚举中存在，代码逻辑与静态结构一致。,"src/main/java/top/lqsnow/blockracing/managers/Game.java (checkRedInventory/checkBlueInventory), src/main/java/top/lqsnow/blockracing/managers/Block.java (loadTargets)",无
213,SMOOTH_STONE,block,1,平滑石头,,consistent,中文显示“平滑石头”与 ID（Material.SMOOTH_STONE）一致。作为 block 类型目标，requirement 为空符合系统设计规范（物品收集类任务由 Material ID 驱动）。,Game.runPer5Tick 每 5 tick 轮询 checkRedInventory / checkBlueInventory，检查在线队员背包与队伍共享箱是否持有 Material.SMOOTH_STONE。该材质在 Paper 26.2 Material 枚举中存在，代码逻辑与静态结构一致。,"src/main/java/top/lqsnow/blockracing/managers/Game.java (checkRedInventory/checkBlueInventory), src/main/java/top/lqsnow/blockracing/managers/Block.java (loadTargets)",无
214,SNOW_BLOCK,block,1,雪块,,consistent,中文显示“雪块”与 ID（Material.SNOW_BLOCK）一致。作为 block 类型目标，requirement 为空符合系统设计规范（物品收集类任务由 Material ID 驱动）。,Game.runPer5Tick 每 5 tick 轮询 checkRedInventory / checkBlueInventory，检查在线队员背包与队伍共享箱是否持有 Material.SNOW_BLOCK。该材质在 Paper 26.2 Material 枚举中存在，代码逻辑与静态结构一致。,"src/main/java/top/lqsnow/blockracing/managers/Game.java (checkRedInventory/checkBlueInventory), src/main/java/top/lqsnow/blockracing/managers/Block.java (loadTargets)",无
215,SPORE_BLOSSOM,block,1,孢子花,,consistent,中文显示“孢子花”与 ID（Material.SPORE_BLOSSOM）一致。作为 block 类型目标，requirement 为空符合系统设计规范（物品收集类任务由 Material ID 驱动）。,Game.runPer5Tick 每 5 tick 轮询 checkRedInventory / checkBlueInventory，检查在线队员背包与队伍共享箱是否持有 Material.SPORE_BLOSSOM。该材质在 Paper 26.2 Material 枚举中存在，代码逻辑与静态结构一致。,"src/main/java/top/lqsnow/blockracing/managers/Game.java (checkRedInventory/checkBlueInventory), src/main/java/top/lqsnow/blockracing/managers/Block.java (loadTargets)",无
216,SPRUCE_BUTTON,block,1,云杉木按钮,,consistent,中文显示“云杉木按钮”与 ID（Material.SPRUCE_BUTTON）一致。作为 block 类型目标，requirement 为空符合系统设计规范（物品收集类任务由 Material ID 驱动）。,Game.runPer5Tick 每 5 tick 轮询 checkRedInventory / checkBlueInventory，检查在线队员背包与队伍共享箱是否持有 Material.SPRUCE_BUTTON。该材质在 Paper 26.2 Material 枚举中存在，代码逻辑与静态结构一致。,"src/main/java/top/lqsnow/blockracing/managers/Game.java (checkRedInventory/checkBlueInventory), src/main/java/top/lqsnow/blockracing/managers/Block.java (loadTargets)",无
217,SPRUCE_DOOR,block,1,云杉木门,,consistent,中文显示“云杉木门”与 ID（Material.SPRUCE_DOOR）一致。作为 block 类型目标，requirement 为空符合系统设计规范（物品收集类任务由 Material ID 驱动）。,Game.runPer5Tick 每 5 tick 轮询 checkRedInventory / checkBlueInventory，检查在线队员背包与队伍共享箱是否持有 Material.SPRUCE_DOOR。该材质在 Paper 26.2 Material 枚举中存在，代码逻辑与静态结构一致。,"src/main/java/top/lqsnow/blockracing/managers/Game.java (checkRedInventory/checkBlueInventory), src/main/java/top/lqsnow/blockracing/managers/Block.java (loadTargets)",无
218,SPRUCE_FENCE,block,1,云杉木栅栏,,consistent,中文显示“云杉木栅栏”与 ID（Material.SPRUCE_FENCE）一致。作为 block 类型目标，requirement 为空符合系统设计规范（物品收集类任务由 Material ID 驱动）。,Game.runPer5Tick 每 5 tick 轮询 checkRedInventory / checkBlueInventory，检查在线队员背包与队伍共享箱是否持有 Material.SPRUCE_FENCE。该材质在 Paper 26.2 Material 枚举中存在，代码逻辑与静态结构一致。,"src/main/java/top/lqsnow/blockracing/managers/Game.java (checkRedInventory/checkBlueInventory), src/main/java/top/lqsnow/blockracing/managers/Block.java (loadTargets)",无
219,SPRUCE_FENCE_GATE,block,1,云杉木栅栏门,,consistent,中文显示“云杉木栅栏门”与 ID（Material.SPRUCE_FENCE_GATE）一致。作为 block 类型目标，requirement 为空符合系统设计规范（物品收集类任务由 Material ID 驱动）。,Game.runPer5Tick 每 5 tick 轮询 checkRedInventory / checkBlueInventory，检查在线队员背包与队伍共享箱是否持有 Material.SPRUCE_FENCE_GATE。该材质在 Paper 26.2 Material 枚举中存在，代码逻辑与静态结构一致。,"src/main/java/top/lqsnow/blockracing/managers/Game.java (checkRedInventory/checkBlueInventory), src/main/java/top/lqsnow/blockracing/managers/Block.java (loadTargets)",无
220,SPRUCE_HANGING_SIGN,block,1,悬挂式云杉木告示牌,,consistent,中文显示“悬挂式云杉木告示牌”与 ID（Material.SPRUCE_HANGING_SIGN）一致。作为 block 类型目标，requirement 为空符合系统设计规范（物品收集类任务由 Material ID 驱动）。,Game.runPer5Tick 每 5 tick 轮询 checkRedInventory / checkBlueInventory，检查在线队员背包与队伍共享箱是否持有 Material.SPRUCE_HANGING_SIGN。该材质在 Paper 26.2 Material 枚举中存在，代码逻辑与静态结构一致。,"src/main/java/top/lqsnow/blockracing/managers/Game.java (checkRedInventory/checkBlueInventory), src/main/java/top/lqsnow/blockracing/managers/Block.java (loadTargets)",无
221,SPRUCE_LEAVES,block,1,云杉树叶,,consistent,中文显示“云杉树叶”与 ID（Material.SPRUCE_LEAVES）一致。作为 block 类型目标，requirement 为空符合系统设计规范（物品收集类任务由 Material ID 驱动）。,Game.runPer5Tick 每 5 tick 轮询 checkRedInventory / checkBlueInventory，检查在线队员背包与队伍共享箱是否持有 Material.SPRUCE_LEAVES。该材质在 Paper 26.2 Material 枚举中存在，代码逻辑与静态结构一致。,"src/main/java/top/lqsnow/blockracing/managers/Game.java (checkRedInventory/checkBlueInventory), src/main/java/top/lqsnow/blockracing/managers/Block.java (loadTargets)",无
222,SPRUCE_LOG,block,1,云杉原木,,consistent,中文显示“云杉原木”与 ID（Material.SPRUCE_LOG）一致。作为 block 类型目标，requirement 为空符合系统设计规范（物品收集类任务由 Material ID 驱动）。,Game.runPer5Tick 每 5 tick 轮询 checkRedInventory / checkBlueInventory，检查在线队员背包与队伍共享箱是否持有 Material.SPRUCE_LOG。该材质在 Paper 26.2 Material 枚举中存在，代码逻辑与静态结构一致。,"src/main/java/top/lqsnow/blockracing/managers/Game.java (checkRedInventory/checkBlueInventory), src/main/java/top/lqsnow/blockracing/managers/Block.java (loadTargets)",无
223,SPRUCE_PLANKS,block,1,云杉木板,,consistent,中文显示“云杉木板”与 ID（Material.SPRUCE_PLANKS）一致。作为 block 类型目标，requirement 为空符合系统设计规范（物品收集类任务由 Material ID 驱动）。,Game.runPer5Tick 每 5 tick 轮询 checkRedInventory / checkBlueInventory，检查在线队员背包与队伍共享箱是否持有 Material.SPRUCE_PLANKS。该材质在 Paper 26.2 Material 枚举中存在，代码逻辑与静态结构一致。,"src/main/java/top/lqsnow/blockracing/managers/Game.java (checkRedInventory/checkBlueInventory), src/main/java/top/lqsnow/blockracing/managers/Block.java (loadTargets)",无
224,SPRUCE_PRESSURE_PLATE,block,1,云杉木压力板,,consistent,中文显示“云杉木压力板”与 ID（Material.SPRUCE_PRESSURE_PLATE）一致。作为 block 类型目标，requirement 为空符合系统设计规范（物品收集类任务由 Material ID 驱动）。,Game.runPer5Tick 每 5 tick 轮询 checkRedInventory / checkBlueInventory，检查在线队员背包与队伍共享箱是否持有 Material.SPRUCE_PRESSURE_PLATE。该材质在 Paper 26.2 Material 枚举中存在，代码逻辑与静态结构一致。,"src/main/java/top/lqsnow/blockracing/managers/Game.java (checkRedInventory/checkBlueInventory), src/main/java/top/lqsnow/blockracing/managers/Block.java (loadTargets)",无
225,SPRUCE_SAPLING,block,1,云杉树苗,,consistent,中文显示“云杉树苗”与 ID（Material.SPRUCE_SAPLING）一致。作为 block 类型目标，requirement 为空符合系统设计规范（物品收集类任务由 Material ID 驱动）。,Game.runPer5Tick 每 5 tick 轮询 checkRedInventory / checkBlueInventory，检查在线队员背包与队伍共享箱是否持有 Material.SPRUCE_SAPLING。该材质在 Paper 26.2 Material 枚举中存在，代码逻辑与静态结构一致。,"src/main/java/top/lqsnow/blockracing/managers/Game.java (checkRedInventory/checkBlueInventory), src/main/java/top/lqsnow/blockracing/managers/Block.java (loadTargets)",无
226,SPRUCE_SIGN,block,1,云杉木告示牌,,consistent,中文显示“云杉木告示牌”与 ID（Material.SPRUCE_SIGN）一致。作为 block 类型目标，requirement 为空符合系统设计规范（物品收集类任务由 Material ID 驱动）。,Game.runPer5Tick 每 5 tick 轮询 checkRedInventory / checkBlueInventory，检查在线队员背包与队伍共享箱是否持有 Material.SPRUCE_SIGN。该材质在 Paper 26.2 Material 枚举中存在，代码逻辑与静态结构一致。,"src/main/java/top/lqsnow/blockracing/managers/Game.java (checkRedInventory/checkBlueInventory), src/main/java/top/lqsnow/blockracing/managers/Block.java (loadTargets)",无
227,SPRUCE_SLAB,block,1,云杉木台阶,,consistent,中文显示“云杉木台阶”与 ID（Material.SPRUCE_SLAB）一致。作为 block 类型目标，requirement 为空符合系统设计规范（物品收集类任务由 Material ID 驱动）。,Game.runPer5Tick 每 5 tick 轮询 checkRedInventory / checkBlueInventory，检查在线队员背包与队伍共享箱是否持有 Material.SPRUCE_SLAB。该材质在 Paper 26.2 Material 枚举中存在，代码逻辑与静态结构一致。,"src/main/java/top/lqsnow/blockracing/managers/Game.java (checkRedInventory/checkBlueInventory), src/main/java/top/lqsnow/blockracing/managers/Block.java (loadTargets)",无
228,SPRUCE_STAIRS,block,1,云杉木楼梯,,consistent,中文显示“云杉木楼梯”与 ID（Material.SPRUCE_STAIRS）一致。作为 block 类型目标，requirement 为空符合系统设计规范（物品收集类任务由 Material ID 驱动）。,Game.runPer5Tick 每 5 tick 轮询 checkRedInventory / checkBlueInventory，检查在线队员背包与队伍共享箱是否持有 Material.SPRUCE_STAIRS。该材质在 Paper 26.2 Material 枚举中存在，代码逻辑与静态结构一致。,"src/main/java/top/lqsnow/blockracing/managers/Game.java (checkRedInventory/checkBlueInventory), src/main/java/top/lqsnow/blockracing/managers/Block.java (loadTargets)",无
229,SPRUCE_TRAPDOOR,block,1,云杉木活板门,,consistent,中文显示“云杉木活板门”与 ID（Material.SPRUCE_TRAPDOOR）一致。作为 block 类型目标，requirement 为空符合系统设计规范（物品收集类任务由 Material ID 驱动）。,Game.runPer5Tick 每 5 tick 轮询 checkRedInventory / checkBlueInventory，检查在线队员背包与队伍共享箱是否持有 Material.SPRUCE_TRAPDOOR。该材质在 Paper 26.2 Material 枚举中存在，代码逻辑与静态结构一致。,"src/main/java/top/lqsnow/blockracing/managers/Game.java (checkRedInventory/checkBlueInventory), src/main/java/top/lqsnow/blockracing/managers/Block.java (loadTargets)",无
230,SPRUCE_WOOD,block,1,云杉木,,consistent,中文显示“云杉木”与 ID（Material.SPRUCE_WOOD）一致。作为 block 类型目标，requirement 为空符合系统设计规范（物品收集类任务由 Material ID 驱动）。,Game.runPer5Tick 每 5 tick 轮询 checkRedInventory / checkBlueInventory，检查在线队员背包与队伍共享箱是否持有 Material.SPRUCE_WOOD。该材质在 Paper 26.2 Material 枚举中存在，代码逻辑与静态结构一致。,"src/main/java/top/lqsnow/blockracing/managers/Game.java (checkRedInventory/checkBlueInventory), src/main/java/top/lqsnow/blockracing/managers/Block.java (loadTargets)",无
231,STICKY_PISTON,block,1,黏性活塞,,consistent,中文显示“黏性活塞”与 ID（Material.STICKY_PISTON）一致。作为 block 类型目标，requirement 为空符合系统设计规范（物品收集类任务由 Material ID 驱动）。,Game.runPer5Tick 每 5 tick 轮询 checkRedInventory / checkBlueInventory，检查在线队员背包与队伍共享箱是否持有 Material.STICKY_PISTON。该材质在 Paper 26.2 Material 枚举中存在，代码逻辑与静态结构一致。,"src/main/java/top/lqsnow/blockracing/managers/Game.java (checkRedInventory/checkBlueInventory), src/main/java/top/lqsnow/blockracing/managers/Block.java (loadTargets)",无
232,STONE,block,1,石头,,consistent,中文显示“石头”与 ID（Material.STONE）一致。作为 block 类型目标，requirement 为空符合系统设计规范（物品收集类任务由 Material ID 驱动）。,Game.runPer5Tick 每 5 tick 轮询 checkRedInventory / checkBlueInventory，检查在线队员背包与队伍共享箱是否持有 Material.STONE。该材质在 Paper 26.2 Material 枚举中存在，代码逻辑与静态结构一致。,"src/main/java/top/lqsnow/blockracing/managers/Game.java (checkRedInventory/checkBlueInventory), src/main/java/top/lqsnow/blockracing/managers/Block.java (loadTargets)",无
233,STONECUTTER,block,1,切石机,,consistent,中文显示“切石机”与 ID（Material.STONECUTTER）一致。作为 block 类型目标，requirement 为空符合系统设计规范（物品收集类任务由 Material ID 驱动）。,Game.runPer5Tick 每 5 tick 轮询 checkRedInventory / checkBlueInventory，检查在线队员背包与队伍共享箱是否持有 Material.STONECUTTER。该材质在 Paper 26.2 Material 枚举中存在，代码逻辑与静态结构一致。,"src/main/java/top/lqsnow/blockracing/managers/Game.java (checkRedInventory/checkBlueInventory), src/main/java/top/lqsnow/blockracing/managers/Block.java (loadTargets)",无
234,STONE_BRICKS,block,1,石砖,,consistent,中文显示“石砖”与 ID（Material.STONE_BRICKS）一致。作为 block 类型目标，requirement 为空符合系统设计规范（物品收集类任务由 Material ID 驱动）。,Game.runPer5Tick 每 5 tick 轮询 checkRedInventory / checkBlueInventory，检查在线队员背包与队伍共享箱是否持有 Material.STONE_BRICKS。该材质在 Paper 26.2 Material 枚举中存在，代码逻辑与静态结构一致。,"src/main/java/top/lqsnow/blockracing/managers/Game.java (checkRedInventory/checkBlueInventory), src/main/java/top/lqsnow/blockracing/managers/Block.java (loadTargets)",无
235,STONE_BUTTON,block,1,石头按钮,,consistent,中文显示“石头按钮”与 ID（Material.STONE_BUTTON）一致。作为 block 类型目标，requirement 为空符合系统设计规范（物品收集类任务由 Material ID 驱动）。,Game.runPer5Tick 每 5 tick 轮询 checkRedInventory / checkBlueInventory，检查在线队员背包与队伍共享箱是否持有 Material.STONE_BUTTON。该材质在 Paper 26.2 Material 枚举中存在，代码逻辑与静态结构一致。,"src/main/java/top/lqsnow/blockracing/managers/Game.java (checkRedInventory/checkBlueInventory), src/main/java/top/lqsnow/blockracing/managers/Block.java (loadTargets)",无
236,STONE_PRESSURE_PLATE,block,1,石头压力板,,consistent,中文显示“石头压力板”与 ID（Material.STONE_PRESSURE_PLATE）一致。作为 block 类型目标，requirement 为空符合系统设计规范（物品收集类任务由 Material ID 驱动）。,Game.runPer5Tick 每 5 tick 轮询 checkRedInventory / checkBlueInventory，检查在线队员背包与队伍共享箱是否持有 Material.STONE_PRESSURE_PLATE。该材质在 Paper 26.2 Material 枚举中存在，代码逻辑与静态结构一致。,"src/main/java/top/lqsnow/blockracing/managers/Game.java (checkRedInventory/checkBlueInventory), src/main/java/top/lqsnow/blockracing/managers/Block.java (loadTargets)",无
237,STONE_SLAB,block,1,石头台阶,,consistent,中文显示“石头台阶”与 ID（Material.STONE_SLAB）一致。作为 block 类型目标，requirement 为空符合系统设计规范（物品收集类任务由 Material ID 驱动）。,Game.runPer5Tick 每 5 tick 轮询 checkRedInventory / checkBlueInventory，检查在线队员背包与队伍共享箱是否持有 Material.STONE_SLAB。该材质在 Paper 26.2 Material 枚举中存在，代码逻辑与静态结构一致。,"src/main/java/top/lqsnow/blockracing/managers/Game.java (checkRedInventory/checkBlueInventory), src/main/java/top/lqsnow/blockracing/managers/Block.java (loadTargets)",无
238,STONE_STAIRS,block,1,石头楼梯,,consistent,中文显示“石头楼梯”与 ID（Material.STONE_STAIRS）一致。作为 block 类型目标，requirement 为空符合系统设计规范（物品收集类任务由 Material ID 驱动）。,Game.runPer5Tick 每 5 tick 轮询 checkRedInventory / checkBlueInventory，检查在线队员背包与队伍共享箱是否持有 Material.STONE_STAIRS。该材质在 Paper 26.2 Material 枚举中存在，代码逻辑与静态结构一致。,"src/main/java/top/lqsnow/blockracing/managers/Game.java (checkRedInventory/checkBlueInventory), src/main/java/top/lqsnow/blockracing/managers/Block.java (loadTargets)",无
239,STRIPPED_ACACIA_WOOD,block,1,去皮金合欢木,,consistent,中文显示“去皮金合欢木”与 ID（Material.STRIPPED_ACACIA_WOOD）一致。作为 block 类型目标，requirement 为空符合系统设计规范（物品收集类任务由 Material ID 驱动）。,Game.runPer5Tick 每 5 tick 轮询 checkRedInventory / checkBlueInventory，检查在线队员背包与队伍共享箱是否持有 Material.STRIPPED_ACACIA_WOOD。该材质在 Paper 26.2 Material 枚举中存在，代码逻辑与静态结构一致。,"src/main/java/top/lqsnow/blockracing/managers/Game.java (checkRedInventory/checkBlueInventory), src/main/java/top/lqsnow/blockracing/managers/Block.java (loadTargets)",无
240,STRIPPED_BAMBOO_BLOCK,block,1,去皮竹块,,consistent,中文显示“去皮竹块”与 ID（Material.STRIPPED_BAMBOO_BLOCK）一致。作为 block 类型目标，requirement 为空符合系统设计规范（物品收集类任务由 Material ID 驱动）。,Game.runPer5Tick 每 5 tick 轮询 checkRedInventory / checkBlueInventory，检查在线队员背包与队伍共享箱是否持有 Material.STRIPPED_BAMBOO_BLOCK。该材质在 Paper 26.2 Material 枚举中存在，代码逻辑与静态结构一致。,"src/main/java/top/lqsnow/blockracing/managers/Game.java (checkRedInventory/checkBlueInventory), src/main/java/top/lqsnow/blockracing/managers/Block.java (loadTargets)",无
241,STRIPPED_BIRCH_LOG,block,1,去皮白桦原木,,consistent,中文显示“去皮白桦原木”与 ID（Material.STRIPPED_BIRCH_LOG）一致。作为 block 类型目标，requirement 为空符合系统设计规范（物品收集类任务由 Material ID 驱动）。,Game.runPer5Tick 每 5 tick 轮询 checkRedInventory / checkBlueInventory，检查在线队员背包与队伍共享箱是否持有 Material.STRIPPED_BIRCH_LOG。该材质在 Paper 26.2 Material 枚举中存在，代码逻辑与静态结构一致。,"src/main/java/top/lqsnow/blockracing/managers/Game.java (checkRedInventory/checkBlueInventory), src/main/java/top/lqsnow/blockracing/managers/Block.java (loadTargets)",无
242,STRIPPED_BIRCH_WOOD,block,1,去皮白桦木,,consistent,中文显示“去皮白桦木”与 ID（Material.STRIPPED_BIRCH_WOOD）一致。作为 block 类型目标，requirement 为空符合系统设计规范（物品收集类任务由 Material ID 驱动）。,Game.runPer5Tick 每 5 tick 轮询 checkRedInventory / checkBlueInventory，检查在线队员背包与队伍共享箱是否持有 Material.STRIPPED_BIRCH_WOOD。该材质在 Paper 26.2 Material 枚举中存在，代码逻辑与静态结构一致。,"src/main/java/top/lqsnow/blockracing/managers/Game.java (checkRedInventory/checkBlueInventory), src/main/java/top/lqsnow/blockracing/managers/Block.java (loadTargets)",无
243,STRIPPED_CRIMSON_HYPHAE,block,1,去皮绯红菌核,,consistent,中文显示“去皮绯红菌核”与 ID（Material.STRIPPED_CRIMSON_HYPHAE）一致。作为 block 类型目标，requirement 为空符合系统设计规范（物品收集类任务由 Material ID 驱动）。,Game.runPer5Tick 每 5 tick 轮询 checkRedInventory / checkBlueInventory，检查在线队员背包与队伍共享箱是否持有 Material.STRIPPED_CRIMSON_HYPHAE。该材质在 Paper 26.2 Material 枚举中存在，代码逻辑与静态结构一致。,"src/main/java/top/lqsnow/blockracing/managers/Game.java (checkRedInventory/checkBlueInventory), src/main/java/top/lqsnow/blockracing/managers/Block.java (loadTargets)",无
244,STRIPPED_CRIMSON_STEM,block,1,去皮绯红菌柄,,consistent,中文显示“去皮绯红菌柄”与 ID（Material.STRIPPED_CRIMSON_STEM）一致。作为 block 类型目标，requirement 为空符合系统设计规范（物品收集类任务由 Material ID 驱动）。,Game.runPer5Tick 每 5 tick 轮询 checkRedInventory / checkBlueInventory，检查在线队员背包与队伍共享箱是否持有 Material.STRIPPED_CRIMSON_STEM。该材质在 Paper 26.2 Material 枚举中存在，代码逻辑与静态结构一致。,"src/main/java/top/lqsnow/blockracing/managers/Game.java (checkRedInventory/checkBlueInventory), src/main/java/top/lqsnow/blockracing/managers/Block.java (loadTargets)",无
245,STRIPPED_DARK_OAK_LOG,block,1,去皮深色橡木原木,,consistent,中文显示“去皮深色橡木原木”与 ID（Material.STRIPPED_DARK_OAK_LOG）一致。作为 block 类型目标，requirement 为空符合系统设计规范（物品收集类任务由 Material ID 驱动）。,Game.runPer5Tick 每 5 tick 轮询 checkRedInventory / checkBlueInventory，检查在线队员背包与队伍共享箱是否持有 Material.STRIPPED_DARK_OAK_LOG。该材质在 Paper 26.2 Material 枚举中存在，代码逻辑与静态结构一致。,"src/main/java/top/lqsnow/blockracing/managers/Game.java (checkRedInventory/checkBlueInventory), src/main/java/top/lqsnow/blockracing/managers/Block.java (loadTargets)",无
246,STRIPPED_DARK_OAK_WOOD,block,1,去皮深色橡木,,consistent,中文显示“去皮深色橡木”与 ID（Material.STRIPPED_DARK_OAK_WOOD）一致。作为 block 类型目标，requirement 为空符合系统设计规范（物品收集类任务由 Material ID 驱动）。,Game.runPer5Tick 每 5 tick 轮询 checkRedInventory / checkBlueInventory，检查在线队员背包与队伍共享箱是否持有 Material.STRIPPED_DARK_OAK_WOOD。该材质在 Paper 26.2 Material 枚举中存在，代码逻辑与静态结构一致。,"src/main/java/top/lqsnow/blockracing/managers/Game.java (checkRedInventory/checkBlueInventory), src/main/java/top/lqsnow/blockracing/managers/Block.java (loadTargets)",无
247,STRIPPED_JUNGLE_LOG,block,1,去皮丛林原木,,consistent,中文显示“去皮丛林原木”与 ID（Material.STRIPPED_JUNGLE_LOG）一致。作为 block 类型目标，requirement 为空符合系统设计规范（物品收集类任务由 Material ID 驱动）。,Game.runPer5Tick 每 5 tick 轮询 checkRedInventory / checkBlueInventory，检查在线队员背包与队伍共享箱是否持有 Material.STRIPPED_JUNGLE_LOG。该材质在 Paper 26.2 Material 枚举中存在，代码逻辑与静态结构一致。,"src/main/java/top/lqsnow/blockracing/managers/Game.java (checkRedInventory/checkBlueInventory), src/main/java/top/lqsnow/blockracing/managers/Block.java (loadTargets)",无
248,STRIPPED_JUNGLE_WOOD,block,1,去皮丛林木,,consistent,中文显示“去皮丛林木”与 ID（Material.STRIPPED_JUNGLE_WOOD）一致。作为 block 类型目标，requirement 为空符合系统设计规范（物品收集类任务由 Material ID 驱动）。,Game.runPer5Tick 每 5 tick 轮询 checkRedInventory / checkBlueInventory，检查在线队员背包与队伍共享箱是否持有 Material.STRIPPED_JUNGLE_WOOD。该材质在 Paper 26.2 Material 枚举中存在，代码逻辑与静态结构一致。,"src/main/java/top/lqsnow/blockracing/managers/Game.java (checkRedInventory/checkBlueInventory), src/main/java/top/lqsnow/blockracing/managers/Block.java (loadTargets)",无
249,STRIPPED_MANGROVE_LOG,block,1,去皮红树原木,,consistent,中文显示“去皮红树原木”与 ID（Material.STRIPPED_MANGROVE_LOG）一致。作为 block 类型目标，requirement 为空符合系统设计规范（物品收集类任务由 Material ID 驱动）。,Game.runPer5Tick 每 5 tick 轮询 checkRedInventory / checkBlueInventory，检查在线队员背包与队伍共享箱是否持有 Material.STRIPPED_MANGROVE_LOG。该材质在 Paper 26.2 Material 枚举中存在，代码逻辑与静态结构一致。,"src/main/java/top/lqsnow/blockracing/managers/Game.java (checkRedInventory/checkBlueInventory), src/main/java/top/lqsnow/blockracing/managers/Block.java (loadTargets)",无
250,STRIPPED_MANGROVE_WOOD,block,1,去皮红树木,,consistent,中文显示“去皮红树木”与 ID（Material.STRIPPED_MANGROVE_WOOD）一致。作为 block 类型目标，requirement 为空符合系统设计规范（物品收集类任务由 Material ID 驱动）。,Game.runPer5Tick 每 5 tick 轮询 checkRedInventory / checkBlueInventory，检查在线队员背包与队伍共享箱是否持有 Material.STRIPPED_MANGROVE_WOOD。该材质在 Paper 26.2 Material 枚举中存在，代码逻辑与静态结构一致。,"src/main/java/top/lqsnow/blockracing/managers/Game.java (checkRedInventory/checkBlueInventory), src/main/java/top/lqsnow/blockracing/managers/Block.java (loadTargets)",无
251,STRIPPED_OAK_LOG,block,1,去皮橡木原木,,consistent,中文显示“去皮橡木原木”与 ID（Material.STRIPPED_OAK_LOG）一致。作为 block 类型目标，requirement 为空符合系统设计规范（物品收集类任务由 Material ID 驱动）。,Game.runPer5Tick 每 5 tick 轮询 checkRedInventory / checkBlueInventory，检查在线队员背包与队伍共享箱是否持有 Material.STRIPPED_OAK_LOG。该材质在 Paper 26.2 Material 枚举中存在，代码逻辑与静态结构一致。,"src/main/java/top/lqsnow/blockracing/managers/Game.java (checkRedInventory/checkBlueInventory), src/main/java/top/lqsnow/blockracing/managers/Block.java (loadTargets)",无
252,STRIPPED_OAK_WOOD,block,1,去皮橡木,,consistent,中文显示“去皮橡木”与 ID（Material.STRIPPED_OAK_WOOD）一致。作为 block 类型目标，requirement 为空符合系统设计规范（物品收集类任务由 Material ID 驱动）。,Game.runPer5Tick 每 5 tick 轮询 checkRedInventory / checkBlueInventory，检查在线队员背包与队伍共享箱是否持有 Material.STRIPPED_OAK_WOOD。该材质在 Paper 26.2 Material 枚举中存在，代码逻辑与静态结构一致。,"src/main/java/top/lqsnow/blockracing/managers/Game.java (checkRedInventory/checkBlueInventory), src/main/java/top/lqsnow/blockracing/managers/Block.java (loadTargets)",无
253,STRIPPED_SPRUCE_LOG,block,1,去皮云杉原木,,consistent,中文显示“去皮云杉原木”与 ID（Material.STRIPPED_SPRUCE_LOG）一致。作为 block 类型目标，requirement 为空符合系统设计规范（物品收集类任务由 Material ID 驱动）。,Game.runPer5Tick 每 5 tick 轮询 checkRedInventory / checkBlueInventory，检查在线队员背包与队伍共享箱是否持有 Material.STRIPPED_SPRUCE_LOG。该材质在 Paper 26.2 Material 枚举中存在，代码逻辑与静态结构一致。,"src/main/java/top/lqsnow/blockracing/managers/Game.java (checkRedInventory/checkBlueInventory), src/main/java/top/lqsnow/blockracing/managers/Block.java (loadTargets)",无
254,STRIPPED_SPRUCE_WOOD,block,1,去皮云杉木,,consistent,中文显示“去皮云杉木”与 ID（Material.STRIPPED_SPRUCE_WOOD）一致。作为 block 类型目标，requirement 为空符合系统设计规范（物品收集类任务由 Material ID 驱动）。,Game.runPer5Tick 每 5 tick 轮询 checkRedInventory / checkBlueInventory，检查在线队员背包与队伍共享箱是否持有 Material.STRIPPED_SPRUCE_WOOD。该材质在 Paper 26.2 Material 枚举中存在，代码逻辑与静态结构一致。,"src/main/java/top/lqsnow/blockracing/managers/Game.java (checkRedInventory/checkBlueInventory), src/main/java/top/lqsnow/blockracing/managers/Block.java (loadTargets)",无
255,STRIPPED_WARPED_HYPHAE,block,1,去皮诡异菌核,,consistent,中文显示“去皮诡异菌核”与 ID（Material.STRIPPED_WARPED_HYPHAE）一致。作为 block 类型目标，requirement 为空符合系统设计规范（物品收集类任务由 Material ID 驱动）。,Game.runPer5Tick 每 5 tick 轮询 checkRedInventory / checkBlueInventory，检查在线队员背包与队伍共享箱是否持有 Material.STRIPPED_WARPED_HYPHAE。该材质在 Paper 26.2 Material 枚举中存在，代码逻辑与静态结构一致。,"src/main/java/top/lqsnow/blockracing/managers/Game.java (checkRedInventory/checkBlueInventory), src/main/java/top/lqsnow/blockracing/managers/Block.java (loadTargets)",无
256,STRIPPED_WARPED_STEM,block,1,去皮诡异菌柄,,consistent,中文显示“去皮诡异菌柄”与 ID（Material.STRIPPED_WARPED_STEM）一致。作为 block 类型目标，requirement 为空符合系统设计规范（物品收集类任务由 Material ID 驱动）。,Game.runPer5Tick 每 5 tick 轮询 checkRedInventory / checkBlueInventory，检查在线队员背包与队伍共享箱是否持有 Material.STRIPPED_WARPED_STEM。该材质在 Paper 26.2 Material 枚举中存在，代码逻辑与静态结构一致。,"src/main/java/top/lqsnow/blockracing/managers/Game.java (checkRedInventory/checkBlueInventory), src/main/java/top/lqsnow/blockracing/managers/Block.java (loadTargets)",无
257,SUNFLOWER,block,1,向日葵,,consistent,中文显示“向日葵”与 ID（Material.SUNFLOWER）一致。作为 block 类型目标，requirement 为空符合系统设计规范（物品收集类任务由 Material ID 驱动）。,Game.runPer5Tick 每 5 tick 轮询 checkRedInventory / checkBlueInventory，检查在线队员背包与队伍共享箱是否持有 Material.SUNFLOWER。该材质在 Paper 26.2 Material 枚举中存在，代码逻辑与静态结构一致。,"src/main/java/top/lqsnow/blockracing/managers/Game.java (checkRedInventory/checkBlueInventory), src/main/java/top/lqsnow/blockracing/managers/Block.java (loadTargets)",无
258,TERRACOTTA,block,1,陶瓦,,consistent,中文显示“陶瓦”与 ID（Material.TERRACOTTA）一致。作为 block 类型目标，requirement 为空符合系统设计规范（物品收集类任务由 Material ID 驱动）。,Game.runPer5Tick 每 5 tick 轮询 checkRedInventory / checkBlueInventory，检查在线队员背包与队伍共享箱是否持有 Material.TERRACOTTA。该材质在 Paper 26.2 Material 枚举中存在，代码逻辑与静态结构一致。,"src/main/java/top/lqsnow/blockracing/managers/Game.java (checkRedInventory/checkBlueInventory), src/main/java/top/lqsnow/blockracing/managers/Block.java (loadTargets)",无
259,TNT,block,1,TNT,,consistent,中文显示“TNT”与 ID（Material.TNT）一致。作为 block 类型目标，requirement 为空符合系统设计规范（物品收集类任务由 Material ID 驱动）。,Game.runPer5Tick 每 5 tick 轮询 checkRedInventory / checkBlueInventory，检查在线队员背包与队伍共享箱是否持有 Material.TNT。该材质在 Paper 26.2 Material 枚举中存在，代码逻辑与静态结构一致。,"src/main/java/top/lqsnow/blockracing/managers/Game.java (checkRedInventory/checkBlueInventory), src/main/java/top/lqsnow/blockracing/managers/Block.java (loadTargets)",无
260,TORCH,block,1,火把,,consistent,中文显示“火把”与 ID（Material.TORCH）一致。作为 block 类型目标，requirement 为空符合系统设计规范（物品收集类任务由 Material ID 驱动）。,Game.runPer5Tick 每 5 tick 轮询 checkRedInventory / checkBlueInventory，检查在线队员背包与队伍共享箱是否持有 Material.TORCH。该材质在 Paper 26.2 Material 枚举中存在，代码逻辑与静态结构一致。,"src/main/java/top/lqsnow/blockracing/managers/Game.java (checkRedInventory/checkBlueInventory), src/main/java/top/lqsnow/blockracing/managers/Block.java (loadTargets)",无
261,TRAPPED_CHEST,block,1,陷阱箱,,consistent,中文显示“陷阱箱”与 ID（Material.TRAPPED_CHEST）一致。作为 block 类型目标，requirement 为空符合系统设计规范（物品收集类任务由 Material ID 驱动）。,Game.runPer5Tick 每 5 tick 轮询 checkRedInventory / checkBlueInventory，检查在线队员背包与队伍共享箱是否持有 Material.TRAPPED_CHEST。该材质在 Paper 26.2 Material 枚举中存在，代码逻辑与静态结构一致。,"src/main/java/top/lqsnow/blockracing/managers/Game.java (checkRedInventory/checkBlueInventory), src/main/java/top/lqsnow/blockracing/managers/Block.java (loadTargets)",无
262,TRIPWIRE_HOOK,block,1,绊线钩,,consistent,中文显示“绊线钩”与 ID（Material.TRIPWIRE_HOOK）一致。作为 block 类型目标，requirement 为空符合系统设计规范（物品收集类任务由 Material ID 驱动）。,Game.runPer5Tick 每 5 tick 轮询 checkRedInventory / checkBlueInventory，检查在线队员背包与队伍共享箱是否持有 Material.TRIPWIRE_HOOK。该材质在 Paper 26.2 Material 枚举中存在，代码逻辑与静态结构一致。,"src/main/java/top/lqsnow/blockracing/managers/Game.java (checkRedInventory/checkBlueInventory), src/main/java/top/lqsnow/blockracing/managers/Block.java (loadTargets)",无
263,TUFF,block,1,凝灰岩,,consistent,中文显示“凝灰岩”与 ID（Material.TUFF）一致。作为 block 类型目标，requirement 为空符合系统设计规范（物品收集类任务由 Material ID 驱动）。,Game.runPer5Tick 每 5 tick 轮询 checkRedInventory / checkBlueInventory，检查在线队员背包与队伍共享箱是否持有 Material.TUFF。该材质在 Paper 26.2 Material 枚举中存在，代码逻辑与静态结构一致。,"src/main/java/top/lqsnow/blockracing/managers/Game.java (checkRedInventory/checkBlueInventory), src/main/java/top/lqsnow/blockracing/managers/Block.java (loadTargets)",无
264,WARPED_HANGING_SIGN,block,1,悬挂式诡异木告示牌,,consistent,中文显示“悬挂式诡异木告示牌”与 ID（Material.WARPED_HANGING_SIGN）一致。作为 block 类型目标，requirement 为空符合系统设计规范（物品收集类任务由 Material ID 驱动）。,Game.runPer5Tick 每 5 tick 轮询 checkRedInventory / checkBlueInventory，检查在线队员背包与队伍共享箱是否持有 Material.WARPED_HANGING_SIGN。该材质在 Paper 26.2 Material 枚举中存在，代码逻辑与静态结构一致。,"src/main/java/top/lqsnow/blockracing/managers/Game.java (checkRedInventory/checkBlueInventory), src/main/java/top/lqsnow/blockracing/managers/Block.java (loadTargets)",无
265,COPPER_BLOCK,block,1,铜块,,consistent,中文显示“铜块”与 ID（Material.COPPER_BLOCK）一致。作为 block 类型目标，requirement 为空符合系统设计规范（物品收集类任务由 Material ID 驱动）。,Game.runPer5Tick 每 5 tick 轮询 checkRedInventory / checkBlueInventory，检查在线队员背包与队伍共享箱是否持有 Material.COPPER_BLOCK。该材质在 Paper 26.2 Material 枚举中存在，代码逻辑与静态结构一致。,"src/main/java/top/lqsnow/blockracing/managers/Game.java (checkRedInventory/checkBlueInventory), src/main/java/top/lqsnow/blockracing/managers/Block.java (loadTargets)",无
266,CUT_COPPER,block,1,切制铜块,,consistent,中文显示“切制铜块”与 ID（Material.CUT_COPPER）一致。作为 block 类型目标，requirement 为空符合系统设计规范（物品收集类任务由 Material ID 驱动）。,Game.runPer5Tick 每 5 tick 轮询 checkRedInventory / checkBlueInventory，检查在线队员背包与队伍共享箱是否持有 Material.CUT_COPPER。该材质在 Paper 26.2 Material 枚举中存在，代码逻辑与静态结构一致。,"src/main/java/top/lqsnow/blockracing/managers/Game.java (checkRedInventory/checkBlueInventory), src/main/java/top/lqsnow/blockracing/managers/Block.java (loadTargets)",无
267,CUT_COPPER_SLAB,block,1,切制铜台阶,,consistent,中文显示“切制铜台阶”与 ID（Material.CUT_COPPER_SLAB）一致。作为 block 类型目标，requirement 为空符合系统设计规范（物品收集类任务由 Material ID 驱动）。,Game.runPer5Tick 每 5 tick 轮询 checkRedInventory / checkBlueInventory，检查在线队员背包与队伍共享箱是否持有 Material.CUT_COPPER_SLAB。该材质在 Paper 26.2 Material 枚举中存在，代码逻辑与静态结构一致。,"src/main/java/top/lqsnow/blockracing/managers/Game.java (checkRedInventory/checkBlueInventory), src/main/java/top/lqsnow/blockracing/managers/Block.java (loadTargets)",无
268,CUT_COPPER_STAIRS,block,1,切制铜楼梯,,consistent,中文显示“切制铜楼梯”与 ID（Material.CUT_COPPER_STAIRS）一致。作为 block 类型目标，requirement 为空符合系统设计规范（物品收集类任务由 Material ID 驱动）。,Game.runPer5Tick 每 5 tick 轮询 checkRedInventory / checkBlueInventory，检查在线队员背包与队伍共享箱是否持有 Material.CUT_COPPER_STAIRS。该材质在 Paper 26.2 Material 枚举中存在，代码逻辑与静态结构一致。,"src/main/java/top/lqsnow/blockracing/managers/Game.java (checkRedInventory/checkBlueInventory), src/main/java/top/lqsnow/blockracing/managers/Block.java (loadTargets)",无
269,CHISELED_COPPER,block,1,雕纹铜块,,consistent,中文显示“雕纹铜块”与 ID（Material.CHISELED_COPPER）一致。作为 block 类型目标，requirement 为空符合系统设计规范（物品收集类任务由 Material ID 驱动）。,Game.runPer5Tick 每 5 tick 轮询 checkRedInventory / checkBlueInventory，检查在线队员背包与队伍共享箱是否持有 Material.CHISELED_COPPER。该材质在 Paper 26.2 Material 枚举中存在，代码逻辑与静态结构一致。,"src/main/java/top/lqsnow/blockracing/managers/Game.java (checkRedInventory/checkBlueInventory), src/main/java/top/lqsnow/blockracing/managers/Block.java (loadTargets)",无
270,COPPER_BULB,block,1,铜灯,,consistent,中文显示“铜灯”与 ID（Material.COPPER_BULB）一致。作为 block 类型目标，requirement 为空符合系统设计规范（物品收集类任务由 Material ID 驱动）。,Game.runPer5Tick 每 5 tick 轮询 checkRedInventory / checkBlueInventory，检查在线队员背包与队伍共享箱是否持有 Material.COPPER_BULB。该材质在 Paper 26.2 Material 枚举中存在，代码逻辑与静态结构一致。,"src/main/java/top/lqsnow/blockracing/managers/Game.java (checkRedInventory/checkBlueInventory), src/main/java/top/lqsnow/blockracing/managers/Block.java (loadTargets)",无
271,COPPER_DOOR,block,1,铜门,,consistent,中文显示“铜门”与 ID（Material.COPPER_DOOR）一致。作为 block 类型目标，requirement 为空符合系统设计规范（物品收集类任务由 Material ID 驱动）。,Game.runPer5Tick 每 5 tick 轮询 checkRedInventory / checkBlueInventory，检查在线队员背包与队伍共享箱是否持有 Material.COPPER_DOOR。该材质在 Paper 26.2 Material 枚举中存在，代码逻辑与静态结构一致。,"src/main/java/top/lqsnow/blockracing/managers/Game.java (checkRedInventory/checkBlueInventory), src/main/java/top/lqsnow/blockracing/managers/Block.java (loadTargets)",无
272,COPPER_GRATE,block,1,铜格栅,,consistent,中文显示“铜格栅”与 ID（Material.COPPER_GRATE）一致。作为 block 类型目标，requirement 为空符合系统设计规范（物品收集类任务由 Material ID 驱动）。,Game.runPer5Tick 每 5 tick 轮询 checkRedInventory / checkBlueInventory，检查在线队员背包与队伍共享箱是否持有 Material.COPPER_GRATE。该材质在 Paper 26.2 Material 枚举中存在，代码逻辑与静态结构一致。,"src/main/java/top/lqsnow/blockracing/managers/Game.java (checkRedInventory/checkBlueInventory), src/main/java/top/lqsnow/blockracing/managers/Block.java (loadTargets)",无
273,COPPER_TRAPDOOR,block,1,铜活板门,,consistent,中文显示“铜活板门”与 ID（Material.COPPER_TRAPDOOR）一致。作为 block 类型目标，requirement 为空符合系统设计规范（物品收集类任务由 Material ID 驱动）。,Game.runPer5Tick 每 5 tick 轮询 checkRedInventory / checkBlueInventory，检查在线队员背包与队伍共享箱是否持有 Material.COPPER_TRAPDOOR。该材质在 Paper 26.2 Material 枚举中存在，代码逻辑与静态结构一致。,"src/main/java/top/lqsnow/blockracing/managers/Game.java (checkRedInventory/checkBlueInventory), src/main/java/top/lqsnow/blockracing/managers/Block.java (loadTargets)",无
274,LODESTONE,block,1,磁石,,consistent,中文显示“磁石”与 ID（Material.LODESTONE）一致。作为 block 类型目标，requirement 为空符合系统设计规范（物品收集类任务由 Material ID 驱动）。,Game.runPer5Tick 每 5 tick 轮询 checkRedInventory / checkBlueInventory，检查在线队员背包与队伍共享箱是否持有 Material.LODESTONE。该材质在 Paper 26.2 Material 枚举中存在，代码逻辑与静态结构一致。,"src/main/java/top/lqsnow/blockracing/managers/Game.java (checkRedInventory/checkBlueInventory), src/main/java/top/lqsnow/blockracing/managers/Block.java (loadTargets)",无
275,WILDFLOWERS,block,1,野花簇,,consistent,中文显示“野花簇”与 ID（Material.WILDFLOWERS）一致。作为 block 类型目标，requirement 为空符合系统设计规范（物品收集类任务由 Material ID 驱动）。,Game.runPer5Tick 每 5 tick 轮询 checkRedInventory / checkBlueInventory，检查在线队员背包与队伍共享箱是否持有 Material.WILDFLOWERS。该材质在 Paper 26.2 Material 枚举中存在，代码逻辑与静态结构一致。,"src/main/java/top/lqsnow/blockracing/managers/Game.java (checkRedInventory/checkBlueInventory), src/main/java/top/lqsnow/blockracing/managers/Block.java (loadTargets)",无
276,LEAF_LITTER,block,1,枯叶堆,,consistent,中文显示“枯叶堆”与 ID（Material.LEAF_LITTER）一致。作为 block 类型目标，requirement 为空符合系统设计规范（物品收集类任务由 Material ID 驱动）。,Game.runPer5Tick 每 5 tick 轮询 checkRedInventory / checkBlueInventory，检查在线队员背包与队伍共享箱是否持有 Material.LEAF_LITTER。该材质在 Paper 26.2 Material 枚举中存在，代码逻辑与静态结构一致。,"src/main/java/top/lqsnow/blockracing/managers/Game.java (checkRedInventory/checkBlueInventory), src/main/java/top/lqsnow/blockracing/managers/Block.java (loadTargets)",无
277,BUSH,block,1,灌木丛,,consistent,中文显示“灌木丛”与 ID（Material.BUSH）一致。作为 block 类型目标，requirement 为空符合系统设计规范（物品收集类任务由 Material ID 驱动）。,Game.runPer5Tick 每 5 tick 轮询 checkRedInventory / checkBlueInventory，检查在线队员背包与队伍共享箱是否持有 Material.BUSH。该材质在 Paper 26.2 Material 枚举中存在，代码逻辑与静态结构一致。,"src/main/java/top/lqsnow/blockracing/managers/Game.java (checkRedInventory/checkBlueInventory), src/main/java/top/lqsnow/blockracing/managers/Block.java (loadTargets)",无
278,FIREFLY_BUSH,block,1,萤火虫灌木丛,,consistent,中文显示“萤火虫灌木丛”与 ID（Material.FIREFLY_BUSH）一致。作为 block 类型目标，requirement 为空符合系统设计规范（物品收集类任务由 Material ID 驱动）。,Game.runPer5Tick 每 5 tick 轮询 checkRedInventory / checkBlueInventory，检查在线队员背包与队伍共享箱是否持有 Material.FIREFLY_BUSH。该材质在 Paper 26.2 Material 枚举中存在，代码逻辑与静态结构一致。,"src/main/java/top/lqsnow/blockracing/managers/Game.java (checkRedInventory/checkBlueInventory), src/main/java/top/lqsnow/blockracing/managers/Block.java (loadTargets)",无
279,COPPER_CHEST,block,1,铜箱子,,consistent,中文显示“铜箱子”与 ID（Material.COPPER_CHEST）一致。作为 block 类型目标，requirement 为空符合系统设计规范（物品收集类任务由 Material ID 驱动）。,Game.runPer5Tick 每 5 tick 轮询 checkRedInventory / checkBlueInventory，检查在线队员背包与队伍共享箱是否持有 Material.COPPER_CHEST。该材质在 Paper 26.2 Material 枚举中存在，代码逻辑与静态结构一致。,"src/main/java/top/lqsnow/blockracing/managers/Game.java (checkRedInventory/checkBlueInventory), src/main/java/top/lqsnow/blockracing/managers/Block.java (loadTargets)",无
280,COPPER_BARS,block,1,铜栏杆,,consistent,中文显示“铜栏杆”与 ID（Material.COPPER_BARS）一致。作为 block 类型目标，requirement 为空符合系统设计规范（物品收集类任务由 Material ID 驱动）。,Game.runPer5Tick 每 5 tick 轮询 checkRedInventory / checkBlueInventory，检查在线队员背包与队伍共享箱是否持有 Material.COPPER_BARS。该材质在 Paper 26.2 Material 枚举中存在，代码逻辑与静态结构一致。,"src/main/java/top/lqsnow/blockracing/managers/Game.java (checkRedInventory/checkBlueInventory), src/main/java/top/lqsnow/blockracing/managers/Block.java (loadTargets)",无
281,COPPER_CHAIN,block,1,铜链,,consistent,中文显示“铜链”与 ID（Material.COPPER_CHAIN）一致。作为 block 类型目标，requirement 为空符合系统设计规范（物品收集类任务由 Material ID 驱动）。,Game.runPer5Tick 每 5 tick 轮询 checkRedInventory / checkBlueInventory，检查在线队员背包与队伍共享箱是否持有 Material.COPPER_CHAIN。该材质在 Paper 26.2 Material 枚举中存在，代码逻辑与静态结构一致。,"src/main/java/top/lqsnow/blockracing/managers/Game.java (checkRedInventory/checkBlueInventory), src/main/java/top/lqsnow/blockracing/managers/Block.java (loadTargets)",无
282,COPPER_LANTERN,block,1,铜灯笼,,consistent,中文显示“铜灯笼”与 ID（Material.COPPER_LANTERN）一致。作为 block 类型目标，requirement 为空符合系统设计规范（物品收集类任务由 Material ID 驱动）。,Game.runPer5Tick 每 5 tick 轮询 checkRedInventory / checkBlueInventory，检查在线队员背包与队伍共享箱是否持有 Material.COPPER_LANTERN。该材质在 Paper 26.2 Material 枚举中存在，代码逻辑与静态结构一致。,"src/main/java/top/lqsnow/blockracing/managers/Game.java (checkRedInventory/checkBlueInventory), src/main/java/top/lqsnow/blockracing/managers/Block.java (loadTargets)",无
283,COPPER_TORCH,block,1,铜火把,,consistent,中文显示“铜火把”与 ID（Material.COPPER_TORCH）一致。作为 block 类型目标，requirement 为空符合系统设计规范（物品收集类任务由 Material ID 驱动）。,Game.runPer5Tick 每 5 tick 轮询 checkRedInventory / checkBlueInventory，检查在线队员背包与队伍共享箱是否持有 Material.COPPER_TORCH。该材质在 Paper 26.2 Material 枚举中存在，代码逻辑与静态结构一致。,"src/main/java/top/lqsnow/blockracing/managers/Game.java (checkRedInventory/checkBlueInventory), src/main/java/top/lqsnow/blockracing/managers/Block.java (loadTargets)",无
284,COPPER_GOLEM_STATUE,block,1,铜傀儡像,,consistent,中文显示“铜傀儡像”与 ID（Material.COPPER_GOLEM_STATUE）一致。作为 block 类型目标，requirement 为空符合系统设计规范（物品收集类任务由 Material ID 驱动）。,Game.runPer5Tick 每 5 tick 轮询 checkRedInventory / checkBlueInventory，检查在线队员背包与队伍共享箱是否持有 Material.COPPER_GOLEM_STATUE。该材质在 Paper 26.2 Material 枚举中存在，代码逻辑与静态结构一致。,"src/main/java/top/lqsnow/blockracing/managers/Game.java (checkRedInventory/checkBlueInventory), src/main/java/top/lqsnow/blockracing/managers/Block.java (loadTargets)",无
285,OAK_SHELF,block,1,橡木展示架,,consistent,中文显示“橡木展示架”与 ID（Material.OAK_SHELF）一致。作为 block 类型目标，requirement 为空符合系统设计规范（物品收集类任务由 Material ID 驱动）。,Game.runPer5Tick 每 5 tick 轮询 checkRedInventory / checkBlueInventory，检查在线队员背包与队伍共享箱是否持有 Material.OAK_SHELF。该材质在 Paper 26.2 Material 枚举中存在，代码逻辑与静态结构一致。,"src/main/java/top/lqsnow/blockracing/managers/Game.java (checkRedInventory/checkBlueInventory), src/main/java/top/lqsnow/blockracing/managers/Block.java (loadTargets)",无
286,SPRUCE_SHELF,block,1,云杉木展示架,,consistent,中文显示“云杉木展示架”与 ID（Material.SPRUCE_SHELF）一致。作为 block 类型目标，requirement 为空符合系统设计规范（物品收集类任务由 Material ID 驱动）。,Game.runPer5Tick 每 5 tick 轮询 checkRedInventory / checkBlueInventory，检查在线队员背包与队伍共享箱是否持有 Material.SPRUCE_SHELF。该材质在 Paper 26.2 Material 枚举中存在，代码逻辑与静态结构一致。,"src/main/java/top/lqsnow/blockracing/managers/Game.java (checkRedInventory/checkBlueInventory), src/main/java/top/lqsnow/blockracing/managers/Block.java (loadTargets)",无
287,BIRCH_SHELF,block,1,白桦木展示架,,consistent,中文显示“白桦木展示架”与 ID（Material.BIRCH_SHELF）一致。作为 block 类型目标，requirement 为空符合系统设计规范（物品收集类任务由 Material ID 驱动）。,Game.runPer5Tick 每 5 tick 轮询 checkRedInventory / checkBlueInventory，检查在线队员背包与队伍共享箱是否持有 Material.BIRCH_SHELF。该材质在 Paper 26.2 Material 枚举中存在，代码逻辑与静态结构一致。,"src/main/java/top/lqsnow/blockracing/managers/Game.java (checkRedInventory/checkBlueInventory), src/main/java/top/lqsnow/blockracing/managers/Block.java (loadTargets)",无
288,JUNGLE_SHELF,block,1,丛林木展示架,,consistent,中文显示“丛林木展示架”与 ID（Material.JUNGLE_SHELF）一致。作为 block 类型目标，requirement 为空符合系统设计规范（物品收集类任务由 Material ID 驱动）。,Game.runPer5Tick 每 5 tick 轮询 checkRedInventory / checkBlueInventory，检查在线队员背包与队伍共享箱是否持有 Material.JUNGLE_SHELF。该材质在 Paper 26.2 Material 枚举中存在，代码逻辑与静态结构一致。,"src/main/java/top/lqsnow/blockracing/managers/Game.java (checkRedInventory/checkBlueInventory), src/main/java/top/lqsnow/blockracing/managers/Block.java (loadTargets)",无
289,ACACIA_SHELF,block,1,金合欢木展示架,,consistent,中文显示“金合欢木展示架”与 ID（Material.ACACIA_SHELF）一致。作为 block 类型目标，requirement 为空符合系统设计规范（物品收集类任务由 Material ID 驱动）。,Game.runPer5Tick 每 5 tick 轮询 checkRedInventory / checkBlueInventory，检查在线队员背包与队伍共享箱是否持有 Material.ACACIA_SHELF。该材质在 Paper 26.2 Material 枚举中存在，代码逻辑与静态结构一致。,"src/main/java/top/lqsnow/blockracing/managers/Game.java (checkRedInventory/checkBlueInventory), src/main/java/top/lqsnow/blockracing/managers/Block.java (loadTargets)",无
290,DARK_OAK_SHELF,block,1,深色橡木展示架,,consistent,中文显示“深色橡木展示架”与 ID（Material.DARK_OAK_SHELF）一致。作为 block 类型目标，requirement 为空符合系统设计规范（物品收集类任务由 Material ID 驱动）。,Game.runPer5Tick 每 5 tick 轮询 checkRedInventory / checkBlueInventory，检查在线队员背包与队伍共享箱是否持有 Material.DARK_OAK_SHELF。该材质在 Paper 26.2 Material 枚举中存在，代码逻辑与静态结构一致。,"src/main/java/top/lqsnow/blockracing/managers/Game.java (checkRedInventory/checkBlueInventory), src/main/java/top/lqsnow/blockracing/managers/Block.java (loadTargets)",无
291,CHERRY_SHELF,block,1,樱花木展示架,,consistent,中文显示“樱花木展示架”与 ID（Material.CHERRY_SHELF）一致。作为 block 类型目标，requirement 为空符合系统设计规范（物品收集类任务由 Material ID 驱动）。,Game.runPer5Tick 每 5 tick 轮询 checkRedInventory / checkBlueInventory，检查在线队员背包与队伍共享箱是否持有 Material.CHERRY_SHELF。该材质在 Paper 26.2 Material 枚举中存在，代码逻辑与静态结构一致。,"src/main/java/top/lqsnow/blockracing/managers/Game.java (checkRedInventory/checkBlueInventory), src/main/java/top/lqsnow/blockracing/managers/Block.java (loadTargets)",无
292,BAMBOO_SHELF,block,1,竹展示架,,consistent,中文显示“竹展示架”与 ID（Material.BAMBOO_SHELF）一致。作为 block 类型目标，requirement 为空符合系统设计规范（物品收集类任务由 Material ID 驱动）。,Game.runPer5Tick 每 5 tick 轮询 checkRedInventory / checkBlueInventory，检查在线队员背包与队伍共享箱是否持有 Material.BAMBOO_SHELF。该材质在 Paper 26.2 Material 枚举中存在，代码逻辑与静态结构一致。,"src/main/java/top/lqsnow/blockracing/managers/Game.java (checkRedInventory/checkBlueInventory), src/main/java/top/lqsnow/blockracing/managers/Block.java (loadTargets)",无
293,POLISHED_DEEPSLATE,block,1,磨制深板岩,,consistent,中文显示“磨制深板岩”与 ID（Material.POLISHED_DEEPSLATE）一致。作为 block 类型目标，requirement 为空符合系统设计规范（物品收集类任务由 Material ID 驱动）。,Game.runPer5Tick 每 5 tick 轮询 checkRedInventory / checkBlueInventory，检查在线队员背包与队伍共享箱是否持有 Material.POLISHED_DEEPSLATE。该材质在 Paper 26.2 Material 枚举中存在，代码逻辑与静态结构一致。,"src/main/java/top/lqsnow/blockracing/managers/Game.java (checkRedInventory/checkBlueInventory), src/main/java/top/lqsnow/blockracing/managers/Block.java (loadTargets)",无
294,POLISHED_DEEPSLATE_SLAB,block,1,磨制深板岩台阶,,consistent,中文显示“磨制深板岩台阶”与 ID（Material.POLISHED_DEEPSLATE_SLAB）一致。作为 block 类型目标，requirement 为空符合系统设计规范（物品收集类任务由 Material ID 驱动）。,Game.runPer5Tick 每 5 tick 轮询 checkRedInventory / checkBlueInventory，检查在线队员背包与队伍共享箱是否持有 Material.POLISHED_DEEPSLATE_SLAB。该材质在 Paper 26.2 Material 枚举中存在，代码逻辑与静态结构一致。,"src/main/java/top/lqsnow/blockracing/managers/Game.java (checkRedInventory/checkBlueInventory), src/main/java/top/lqsnow/blockracing/managers/Block.java (loadTargets)",无
295,POLISHED_DEEPSLATE_STAIRS,block,1,磨制深板岩楼梯,,consistent,中文显示“磨制深板岩楼梯”与 ID（Material.POLISHED_DEEPSLATE_STAIRS）一致。作为 block 类型目标，requirement 为空符合系统设计规范（物品收集类任务由 Material ID 驱动）。,Game.runPer5Tick 每 5 tick 轮询 checkRedInventory / checkBlueInventory，检查在线队员背包与队伍共享箱是否持有 Material.POLISHED_DEEPSLATE_STAIRS。该材质在 Paper 26.2 Material 枚举中存在，代码逻辑与静态结构一致。,"src/main/java/top/lqsnow/blockracing/managers/Game.java (checkRedInventory/checkBlueInventory), src/main/java/top/lqsnow/blockracing/managers/Block.java (loadTargets)",无
296,POLISHED_DEEPSLATE_WALL,block,1,磨制深板岩墙,,consistent,中文显示“磨制深板岩墙”与 ID（Material.POLISHED_DEEPSLATE_WALL）一致。作为 block 类型目标，requirement 为空符合系统设计规范（物品收集类任务由 Material ID 驱动）。,Game.runPer5Tick 每 5 tick 轮询 checkRedInventory / checkBlueInventory，检查在线队员背包与队伍共享箱是否持有 Material.POLISHED_DEEPSLATE_WALL。该材质在 Paper 26.2 Material 枚举中存在，代码逻辑与静态结构一致。,"src/main/java/top/lqsnow/blockracing/managers/Game.java (checkRedInventory/checkBlueInventory), src/main/java/top/lqsnow/blockracing/managers/Block.java (loadTargets)",无
297,CRACKED_DEEPSLATE_BRICKS,block,1,裂纹深板岩砖,,consistent,中文显示“裂纹深板岩砖”与 ID（Material.CRACKED_DEEPSLATE_BRICKS）一致。作为 block 类型目标，requirement 为空符合系统设计规范（物品收集类任务由 Material ID 驱动）。,Game.runPer5Tick 每 5 tick 轮询 checkRedInventory / checkBlueInventory，检查在线队员背包与队伍共享箱是否持有 Material.CRACKED_DEEPSLATE_BRICKS。该材质在 Paper 26.2 Material 枚举中存在，代码逻辑与静态结构一致。,"src/main/java/top/lqsnow/blockracing/managers/Game.java (checkRedInventory/checkBlueInventory), src/main/java/top/lqsnow/blockracing/managers/Block.java (loadTargets)",无
298,CRACKED_DEEPSLATE_TILES,block,1,裂纹深板岩瓦,,consistent,中文显示“裂纹深板岩瓦”与 ID（Material.CRACKED_DEEPSLATE_TILES）一致。作为 block 类型目标，requirement 为空符合系统设计规范（物品收集类任务由 Material ID 驱动）。,Game.runPer5Tick 每 5 tick 轮询 checkRedInventory / checkBlueInventory，检查在线队员背包与队伍共享箱是否持有 Material.CRACKED_DEEPSLATE_TILES。该材质在 Paper 26.2 Material 枚举中存在，代码逻辑与静态结构一致。,"src/main/java/top/lqsnow/blockracing/managers/Game.java (checkRedInventory/checkBlueInventory), src/main/java/top/lqsnow/blockracing/managers/Block.java (loadTargets)",无
299,CRACKED_NETHER_BRICKS,block,1,裂纹下界砖块,,consistent,中文显示“裂纹下界砖块”与 ID（Material.CRACKED_NETHER_BRICKS）一致。作为 block 类型目标，requirement 为空符合系统设计规范（物品收集类任务由 Material ID 驱动）。,Game.runPer5Tick 每 5 tick 轮询 checkRedInventory / checkBlueInventory，检查在线队员背包与队伍共享箱是否持有 Material.CRACKED_NETHER_BRICKS。该材质在 Paper 26.2 Material 枚举中存在，代码逻辑与静态结构一致。,"src/main/java/top/lqsnow/blockracing/managers/Game.java (checkRedInventory/checkBlueInventory), src/main/java/top/lqsnow/blockracing/managers/Block.java (loadTargets)",无
300,CRACKED_STONE_BRICKS,block,1,裂纹石砖,,consistent,中文显示“裂纹石砖”与 ID（Material.CRACKED_STONE_BRICKS）一致。作为 block 类型目标，requirement 为空符合系统设计规范（物品收集类任务由 Material ID 驱动）。,Game.runPer5Tick 每 5 tick 轮询 checkRedInventory / checkBlueInventory，检查在线队员背包与队伍共享箱是否持有 Material.CRACKED_STONE_BRICKS。该材质在 Paper 26.2 Material 枚举中存在，代码逻辑与静态结构一致。,"src/main/java/top/lqsnow/blockracing/managers/Game.java (checkRedInventory/checkBlueInventory), src/main/java/top/lqsnow/blockracing/managers/Block.java (loadTargets)",无
301,DEEPSLATE_TILE_SLAB,block,1,深板岩瓦台阶,,consistent,中文显示“深板岩瓦台阶”与 ID（Material.DEEPSLATE_TILE_SLAB）一致。作为 block 类型目标，requirement 为空符合系统设计规范（物品收集类任务由 Material ID 驱动）。,Game.runPer5Tick 每 5 tick 轮询 checkRedInventory / checkBlueInventory，检查在线队员背包与队伍共享箱是否持有 Material.DEEPSLATE_TILE_SLAB。该材质在 Paper 26.2 Material 枚举中存在，代码逻辑与静态结构一致。,"src/main/java/top/lqsnow/blockracing/managers/Game.java (checkRedInventory/checkBlueInventory), src/main/java/top/lqsnow/blockracing/managers/Block.java (loadTargets)",无
302,DEEPSLATE_TILE_STAIRS,block,1,深板岩瓦楼梯,,consistent,中文显示“深板岩瓦楼梯”与 ID（Material.DEEPSLATE_TILE_STAIRS）一致。作为 block 类型目标，requirement 为空符合系统设计规范（物品收集类任务由 Material ID 驱动）。,Game.runPer5Tick 每 5 tick 轮询 checkRedInventory / checkBlueInventory，检查在线队员背包与队伍共享箱是否持有 Material.DEEPSLATE_TILE_STAIRS。该材质在 Paper 26.2 Material 枚举中存在，代码逻辑与静态结构一致。,"src/main/java/top/lqsnow/blockracing/managers/Game.java (checkRedInventory/checkBlueInventory), src/main/java/top/lqsnow/blockracing/managers/Block.java (loadTargets)",无
303,DEEPSLATE_TILE_WALL,block,1,深板岩瓦墙,,consistent,中文显示“深板岩瓦墙”与 ID（Material.DEEPSLATE_TILE_WALL）一致。作为 block 类型目标，requirement 为空符合系统设计规范（物品收集类任务由 Material ID 驱动）。,Game.runPer5Tick 每 5 tick 轮询 checkRedInventory / checkBlueInventory，检查在线队员背包与队伍共享箱是否持有 Material.DEEPSLATE_TILE_WALL。该材质在 Paper 26.2 Material 枚举中存在，代码逻辑与静态结构一致。,"src/main/java/top/lqsnow/blockracing/managers/Game.java (checkRedInventory/checkBlueInventory), src/main/java/top/lqsnow/blockracing/managers/Block.java (loadTargets)",无
304,DEEPSLATE_TILES,block,1,深板岩瓦,,consistent,中文显示“深板岩瓦”与 ID（Material.DEEPSLATE_TILES）一致。作为 block 类型目标，requirement 为空符合系统设计规范（物品收集类任务由 Material ID 驱动）。,Game.runPer5Tick 每 5 tick 轮询 checkRedInventory / checkBlueInventory，检查在线队员背包与队伍共享箱是否持有 Material.DEEPSLATE_TILES。该材质在 Paper 26.2 Material 枚举中存在，代码逻辑与静态结构一致。,"src/main/java/top/lqsnow/blockracing/managers/Game.java (checkRedInventory/checkBlueInventory), src/main/java/top/lqsnow/blockracing/managers/Block.java (loadTargets)",无
305,CHISELED_DEEPSLATE,block,1,雕纹深板岩,,consistent,中文显示“雕纹深板岩”与 ID（Material.CHISELED_DEEPSLATE）一致。作为 block 类型目标，requirement 为空符合系统设计规范（物品收集类任务由 Material ID 驱动）。,Game.runPer5Tick 每 5 tick 轮询 checkRedInventory / checkBlueInventory，检查在线队员背包与队伍共享箱是否持有 Material.CHISELED_DEEPSLATE。该材质在 Paper 26.2 Material 枚举中存在，代码逻辑与静态结构一致。,"src/main/java/top/lqsnow/blockracing/managers/Game.java (checkRedInventory/checkBlueInventory), src/main/java/top/lqsnow/blockracing/managers/Block.java (loadTargets)",无
306,CHISELED_SANDSTONE,block,1,雕纹砂岩,,consistent,中文显示“雕纹砂岩”与 ID（Material.CHISELED_SANDSTONE）一致。作为 block 类型目标，requirement 为空符合系统设计规范（物品收集类任务由 Material ID 驱动）。,Game.runPer5Tick 每 5 tick 轮询 checkRedInventory / checkBlueInventory，检查在线队员背包与队伍共享箱是否持有 Material.CHISELED_SANDSTONE。该材质在 Paper 26.2 Material 枚举中存在，代码逻辑与静态结构一致。,"src/main/java/top/lqsnow/blockracing/managers/Game.java (checkRedInventory/checkBlueInventory), src/main/java/top/lqsnow/blockracing/managers/Block.java (loadTargets)",无
307,KELP,block,1,海带,,consistent,中文显示“海带”与 ID（Material.KELP）一致。作为 block 类型目标，requirement 为空符合系统设计规范（物品收集类任务由 Material ID 驱动）。,Game.runPer5Tick 每 5 tick 轮询 checkRedInventory / checkBlueInventory，检查在线队员背包与队伍共享箱是否持有 Material.KELP。该材质在 Paper 26.2 Material 枚举中存在，代码逻辑与静态结构一致。,"src/main/java/top/lqsnow/blockracing/managers/Game.java (checkRedInventory/checkBlueInventory), src/main/java/top/lqsnow/blockracing/managers/Block.java (loadTargets)",无
308,GLOW_LICHEN,block,1,发光地衣,,consistent,中文显示“发光地衣”与 ID（Material.GLOW_LICHEN）一致。作为 block 类型目标，requirement 为空符合系统设计规范（物品收集类任务由 Material ID 驱动）。,Game.runPer5Tick 每 5 tick 轮询 checkRedInventory / checkBlueInventory，检查在线队员背包与队伍共享箱是否持有 Material.GLOW_LICHEN。该材质在 Paper 26.2 Material 枚举中存在，代码逻辑与静态结构一致。,"src/main/java/top/lqsnow/blockracing/managers/Game.java (checkRedInventory/checkBlueInventory), src/main/java/top/lqsnow/blockracing/managers/Block.java (loadTargets)",无
309,GLOW_INK_SAC,block,1,荧光墨囊,,consistent,中文显示“荧光墨囊”与 ID（Material.GLOW_INK_SAC）一致。作为 block 类型目标，requirement 为空符合系统设计规范（物品收集类任务由 Material ID 驱动）。,Game.runPer5Tick 每 5 tick 轮询 checkRedInventory / checkBlueInventory，检查在线队员背包与队伍共享箱是否持有 Material.GLOW_INK_SAC。该材质在 Paper 26.2 Material 枚举中存在，代码逻辑与静态结构一致。,"src/main/java/top/lqsnow/blockracing/managers/Game.java (checkRedInventory/checkBlueInventory), src/main/java/top/lqsnow/blockracing/managers/Block.java (loadTargets)",无
310,TARGET,block,1,标靶,,consistent,中文显示“标靶”与 ID（Material.TARGET）一致。作为 block 类型目标，requirement 为空符合系统设计规范（物品收集类任务由 Material ID 驱动）。,Game.runPer5Tick 每 5 tick 轮询 checkRedInventory / checkBlueInventory，检查在线队员背包与队伍共享箱是否持有 Material.TARGET。该材质在 Paper 26.2 Material 枚举中存在，代码逻辑与静态结构一致。,"src/main/java/top/lqsnow/blockracing/managers/Game.java (checkRedInventory/checkBlueInventory), src/main/java/top/lqsnow/blockracing/managers/Block.java (loadTargets)",无
311,HAY_BLOCK,block,1,干草捆,,consistent,中文显示“干草捆”与 ID（Material.HAY_BLOCK）一致。作为 block 类型目标，requirement 为空符合系统设计规范（物品收集类任务由 Material ID 驱动）。,Game.runPer5Tick 每 5 tick 轮询 checkRedInventory / checkBlueInventory，检查在线队员背包与队伍共享箱是否持有 Material.HAY_BLOCK。该材质在 Paper 26.2 Material 枚举中存在，代码逻辑与静态结构一致。,"src/main/java/top/lqsnow/blockracing/managers/Game.java (checkRedInventory/checkBlueInventory), src/main/java/top/lqsnow/blockracing/managers/Block.java (loadTargets)",无
312,RAW_COPPER_BLOCK,block,1,粗铜块,,consistent,中文显示“粗铜块”与 ID（Material.RAW_COPPER_BLOCK）一致。作为 block 类型目标，requirement 为空符合系统设计规范（物品收集类任务由 Material ID 驱动）。,Game.runPer5Tick 每 5 tick 轮询 checkRedInventory / checkBlueInventory，检查在线队员背包与队伍共享箱是否持有 Material.RAW_COPPER_BLOCK。该材质在 Paper 26.2 Material 枚举中存在，代码逻辑与静态结构一致。,"src/main/java/top/lqsnow/blockracing/managers/Game.java (checkRedInventory/checkBlueInventory), src/main/java/top/lqsnow/blockracing/managers/Block.java (loadTargets)",无
313,RAW_GOLD_BLOCK,block,1,粗金块,,consistent,中文显示“粗金块”与 ID（Material.RAW_GOLD_BLOCK）一致。作为 block 类型目标，requirement 为空符合系统设计规范（物品收集类任务由 Material ID 驱动）。,Game.runPer5Tick 每 5 tick 轮询 checkRedInventory / checkBlueInventory，检查在线队员背包与队伍共享箱是否持有 Material.RAW_GOLD_BLOCK。该材质在 Paper 26.2 Material 枚举中存在，代码逻辑与静态结构一致。,"src/main/java/top/lqsnow/blockracing/managers/Game.java (checkRedInventory/checkBlueInventory), src/main/java/top/lqsnow/blockracing/managers/Block.java (loadTargets)",无
314,GOLD_BLOCK,block,1,金块,,consistent,中文显示“金块”与 ID（Material.GOLD_BLOCK）一致。作为 block 类型目标，requirement 为空符合系统设计规范（物品收集类任务由 Material ID 驱动）。,Game.runPer5Tick 每 5 tick 轮询 checkRedInventory / checkBlueInventory，检查在线队员背包与队伍共享箱是否持有 Material.GOLD_BLOCK。该材质在 Paper 26.2 Material 枚举中存在，代码逻辑与静态结构一致。,"src/main/java/top/lqsnow/blockracing/managers/Game.java (checkRedInventory/checkBlueInventory), src/main/java/top/lqsnow/blockracing/managers/Block.java (loadTargets)",无
315,RAW_IRON_BLOCK,block,1,粗铁块,,consistent,中文显示“粗铁块”与 ID（Material.RAW_IRON_BLOCK）一致。作为 block 类型目标，requirement 为空符合系统设计规范（物品收集类任务由 Material ID 驱动）。,Game.runPer5Tick 每 5 tick 轮询 checkRedInventory / checkBlueInventory，检查在线队员背包与队伍共享箱是否持有 Material.RAW_IRON_BLOCK。该材质在 Paper 26.2 Material 枚举中存在，代码逻辑与静态结构一致。,"src/main/java/top/lqsnow/blockracing/managers/Game.java (checkRedInventory/checkBlueInventory), src/main/java/top/lqsnow/blockracing/managers/Block.java (loadTargets)",无
316,IRON_BLOCK,block,1,铁块,,consistent,中文显示“铁块”与 ID（Material.IRON_BLOCK）一致。作为 block 类型目标，requirement 为空符合系统设计规范（物品收集类任务由 Material ID 驱动）。,Game.runPer5Tick 每 5 tick 轮询 checkRedInventory / checkBlueInventory，检查在线队员背包与队伍共享箱是否持有 Material.IRON_BLOCK。该材质在 Paper 26.2 Material 枚举中存在，代码逻辑与静态结构一致。,"src/main/java/top/lqsnow/blockracing/managers/Game.java (checkRedInventory/checkBlueInventory), src/main/java/top/lqsnow/blockracing/managers/Block.java (loadTargets)",无
317,AMETHYST_BLOCK,block,1,紫水晶块,,consistent,中文显示“紫水晶块”与 ID（Material.AMETHYST_BLOCK）一致。作为 block 类型目标，requirement 为空符合系统设计规范（物品收集类任务由 Material ID 驱动）。,Game.runPer5Tick 每 5 tick 轮询 checkRedInventory / checkBlueInventory，检查在线队员背包与队伍共享箱是否持有 Material.AMETHYST_BLOCK。该材质在 Paper 26.2 Material 枚举中存在，代码逻辑与静态结构一致。,"src/main/java/top/lqsnow/blockracing/managers/Game.java (checkRedInventory/checkBlueInventory), src/main/java/top/lqsnow/blockracing/managers/Block.java (loadTargets)",无
318,EMERALD_BLOCK,block,1,绿宝石块,,consistent,中文显示“绿宝石块”与 ID（Material.EMERALD_BLOCK）一致。作为 block 类型目标，requirement 为空符合系统设计规范（物品收集类任务由 Material ID 驱动）。,Game.runPer5Tick 每 5 tick 轮询 checkRedInventory / checkBlueInventory，检查在线队员背包与队伍共享箱是否持有 Material.EMERALD_BLOCK。该材质在 Paper 26.2 Material 枚举中存在，代码逻辑与静态结构一致。,"src/main/java/top/lqsnow/blockracing/managers/Game.java (checkRedInventory/checkBlueInventory), src/main/java/top/lqsnow/blockracing/managers/Block.java (loadTargets)",无
319,LAPIS_BLOCK,block,1,青金石块,,consistent,中文显示“青金石块”与 ID（Material.LAPIS_BLOCK）一致。作为 block 类型目标，requirement 为空符合系统设计规范（物品收集类任务由 Material ID 驱动）。,Game.runPer5Tick 每 5 tick 轮询 checkRedInventory / checkBlueInventory，检查在线队员背包与队伍共享箱是否持有 Material.LAPIS_BLOCK。该材质在 Paper 26.2 Material 枚举中存在，代码逻辑与静态结构一致。,"src/main/java/top/lqsnow/blockracing/managers/Game.java (checkRedInventory/checkBlueInventory), src/main/java/top/lqsnow/blockracing/managers/Block.java (loadTargets)",无
320,REDSTONE_BLOCK,block,1,红石块,,consistent,中文显示“红石块”与 ID（Material.REDSTONE_BLOCK）一致。作为 block 类型目标，requirement 为空符合系统设计规范（物品收集类任务由 Material ID 驱动）。,Game.runPer5Tick 每 5 tick 轮询 checkRedInventory / checkBlueInventory，检查在线队员背包与队伍共享箱是否持有 Material.REDSTONE_BLOCK。该材质在 Paper 26.2 Material 枚举中存在，代码逻辑与静态结构一致。,"src/main/java/top/lqsnow/blockracing/managers/Game.java (checkRedInventory/checkBlueInventory), src/main/java/top/lqsnow/blockracing/managers/Block.java (loadTargets)",无
321,SUSPICIOUS_STEW,block,1,谜之炖菜,,consistent,中文显示“谜之炖菜”与 ID（Material.SUSPICIOUS_STEW）一致。作为 block 类型目标，requirement 为空符合系统设计规范（物品收集类任务由 Material ID 驱动）。,Game.runPer5Tick 每 5 tick 轮询 checkRedInventory / checkBlueInventory，检查在线队员背包与队伍共享箱是否持有 Material.SUSPICIOUS_STEW。该材质在 Paper 26.2 Material 枚举中存在，代码逻辑与静态结构一致。,"src/main/java/top/lqsnow/blockracing/managers/Game.java (checkRedInventory/checkBlueInventory), src/main/java/top/lqsnow/blockracing/managers/Block.java (loadTargets)",无
322,INK_SAC,block,1,墨囊,,consistent,中文显示“墨囊”与 ID（Material.INK_SAC）一致。作为 block 类型目标，requirement 为空符合系统设计规范（物品收集类任务由 Material ID 驱动）。,Game.runPer5Tick 每 5 tick 轮询 checkRedInventory / checkBlueInventory，检查在线队员背包与队伍共享箱是否持有 Material.INK_SAC。该材质在 Paper 26.2 Material 枚举中存在，代码逻辑与静态结构一致。,"src/main/java/top/lqsnow/blockracing/managers/Game.java (checkRedInventory/checkBlueInventory), src/main/java/top/lqsnow/blockracing/managers/Block.java (loadTargets)",无
323,CARROT_ON_A_STICK,block,1,胡萝卜钓竿,,consistent,中文显示“胡萝卜钓竿”与 ID（Material.CARROT_ON_A_STICK）一致。作为 block 类型目标，requirement 为空符合系统设计规范（物品收集类任务由 Material ID 驱动）。,Game.runPer5Tick 每 5 tick 轮询 checkRedInventory / checkBlueInventory，检查在线队员背包与队伍共享箱是否持有 Material.CARROT_ON_A_STICK。该材质在 Paper 26.2 Material 枚举中存在，代码逻辑与静态结构一致。,"src/main/java/top/lqsnow/blockracing/managers/Game.java (checkRedInventory/checkBlueInventory), src/main/java/top/lqsnow/blockracing/managers/Block.java (loadTargets)",无
324,WARPED_FUNGUS_ON_A_STICK,block,1,诡异菌钓竿,,consistent,中文显示“诡异菌钓竿”与 ID（Material.WARPED_FUNGUS_ON_A_STICK）一致。作为 block 类型目标，requirement 为空符合系统设计规范（物品收集类任务由 Material ID 驱动）。,Game.runPer5Tick 每 5 tick 轮询 checkRedInventory / checkBlueInventory，检查在线队员背包与队伍共享箱是否持有 Material.WARPED_FUNGUS_ON_A_STICK。该材质在 Paper 26.2 Material 枚举中存在，代码逻辑与静态结构一致。,"src/main/java/top/lqsnow/blockracing/managers/Game.java (checkRedInventory/checkBlueInventory), src/main/java/top/lqsnow/blockracing/managers/Block.java (loadTargets)",无
325,GLISTERING_MELON_SLICE,block,1,闪烁的西瓜片,,consistent,中文显示“闪烁的西瓜片”与 ID（Material.GLISTERING_MELON_SLICE）一致。作为 block 类型目标，requirement 为空符合系统设计规范（物品收集类任务由 Material ID 驱动）。,Game.runPer5Tick 每 5 tick 轮询 checkRedInventory / checkBlueInventory，检查在线队员背包与队伍共享箱是否持有 Material.GLISTERING_MELON_SLICE。该材质在 Paper 26.2 Material 枚举中存在，代码逻辑与静态结构一致。,"src/main/java/top/lqsnow/blockracing/managers/Game.java (checkRedInventory/checkBlueInventory), src/main/java/top/lqsnow/blockracing/managers/Block.java (loadTargets)",无
326,GOLDEN_APPLE,block,1,金苹果,,consistent,中文显示“金苹果”与 ID（Material.GOLDEN_APPLE）一致。作为 block 类型目标，requirement 为空符合系统设计规范（物品收集类任务由 Material ID 驱动）。,Game.runPer5Tick 每 5 tick 轮询 checkRedInventory / checkBlueInventory，检查在线队员背包与队伍共享箱是否持有 Material.GOLDEN_APPLE。该材质在 Paper 26.2 Material 枚举中存在，代码逻辑与静态结构一致。,"src/main/java/top/lqsnow/blockracing/managers/Game.java (checkRedInventory/checkBlueInventory), src/main/java/top/lqsnow/blockracing/managers/Block.java (loadTargets)",无
327,FERMENTED_SPIDER_EYE,block,1,发酵蛛眼,,consistent,中文显示“发酵蛛眼”与 ID（Material.FERMENTED_SPIDER_EYE）一致。作为 block 类型目标，requirement 为空符合系统设计规范（物品收集类任务由 Material ID 驱动）。,Game.runPer5Tick 每 5 tick 轮询 checkRedInventory / checkBlueInventory，检查在线队员背包与队伍共享箱是否持有 Material.FERMENTED_SPIDER_EYE。该材质在 Paper 26.2 Material 枚举中存在，代码逻辑与静态结构一致。,"src/main/java/top/lqsnow/blockracing/managers/Game.java (checkRedInventory/checkBlueInventory), src/main/java/top/lqsnow/blockracing/managers/Block.java (loadTargets)",无
328,MAGMA_CREAM,block,1,岩浆膏,,consistent,中文显示“岩浆膏”与 ID（Material.MAGMA_CREAM）一致。作为 block 类型目标，requirement 为空符合系统设计规范（物品收集类任务由 Material ID 驱动）。,Game.runPer5Tick 每 5 tick 轮询 checkRedInventory / checkBlueInventory，检查在线队员背包与队伍共享箱是否持有 Material.MAGMA_CREAM。该材质在 Paper 26.2 Material 枚举中存在，代码逻辑与静态结构一致。,"src/main/java/top/lqsnow/blockracing/managers/Game.java (checkRedInventory/checkBlueInventory), src/main/java/top/lqsnow/blockracing/managers/Block.java (loadTargets)",无
329,EGG,block,1,鸡蛋,,consistent,中文显示“鸡蛋”与 ID（Material.EGG）一致。作为 block 类型目标，requirement 为空符合系统设计规范（物品收集类任务由 Material ID 驱动）。,Game.runPer5Tick 每 5 tick 轮询 checkRedInventory / checkBlueInventory，检查在线队员背包与队伍共享箱是否持有 Material.EGG。该材质在 Paper 26.2 Material 枚举中存在，代码逻辑与静态结构一致。,"src/main/java/top/lqsnow/blockracing/managers/Game.java (checkRedInventory/checkBlueInventory), src/main/java/top/lqsnow/blockracing/managers/Block.java (loadTargets)",无
330,WRITABLE_BOOK,block,1,书与笔,,consistent,中文显示“书与笔”与 ID（Material.WRITABLE_BOOK）一致。作为 block 类型目标，requirement 为空符合系统设计规范（物品收集类任务由 Material ID 驱动）。,Game.runPer5Tick 每 5 tick 轮询 checkRedInventory / checkBlueInventory，检查在线队员背包与队伍共享箱是否持有 Material.WRITABLE_BOOK。该材质在 Paper 26.2 Material 枚举中存在，代码逻辑与静态结构一致。,"src/main/java/top/lqsnow/blockracing/managers/Game.java (checkRedInventory/checkBlueInventory), src/main/java/top/lqsnow/blockracing/managers/Block.java (loadTargets)",无
331,FEATHER,block,1,羽毛,,consistent,中文显示“羽毛”与 ID（Material.FEATHER）一致。作为 block 类型目标，requirement 为空符合系统设计规范（物品收集类任务由 Material ID 驱动）。,Game.runPer5Tick 每 5 tick 轮询 checkRedInventory / checkBlueInventory，检查在线队员背包与队伍共享箱是否持有 Material.FEATHER。该材质在 Paper 26.2 Material 枚举中存在，代码逻辑与静态结构一致。,"src/main/java/top/lqsnow/blockracing/managers/Game.java (checkRedInventory/checkBlueInventory), src/main/java/top/lqsnow/blockracing/managers/Block.java (loadTargets)",无
332,ANVIL,block,2,铁砧,,consistent,中文显示“铁砧”与 ID（Material.ANVIL）一致。作为 block 类型目标，requirement 为空符合系统设计规范（物品收集类任务由 Material ID 驱动）。,Game.runPer5Tick 每 5 tick 轮询 checkRedInventory / checkBlueInventory，检查在线队员背包与队伍共享箱是否持有 Material.ANVIL。该材质在 Paper 26.2 Material 枚举中存在，代码逻辑与静态结构一致。,"src/main/java/top/lqsnow/blockracing/managers/Game.java (checkRedInventory/checkBlueInventory), src/main/java/top/lqsnow/blockracing/managers/Block.java (loadTargets)",无
333,ARMADILLO_SCUTE,block,1,犰狳鳞甲,,consistent,中文显示“犰狳鳞甲”与 ID（Material.ARMADILLO_SCUTE）一致。作为 block 类型目标，requirement 为空符合系统设计规范（物品收集类任务由 Material ID 驱动）。,Game.runPer5Tick 每 5 tick 轮询 checkRedInventory / checkBlueInventory，检查在线队员背包与队伍共享箱是否持有 Material.ARMADILLO_SCUTE。该材质在 Paper 26.2 Material 枚举中存在，代码逻辑与静态结构一致。,"src/main/java/top/lqsnow/blockracing/managers/Game.java (checkRedInventory/checkBlueInventory), src/main/java/top/lqsnow/blockracing/managers/Block.java (loadTargets)",无
334,BEEHIVE,block,1,蜂箱,,consistent,中文显示“蜂箱”与 ID（Material.BEEHIVE）一致。作为 block 类型目标，requirement 为空符合系统设计规范（物品收集类任务由 Material ID 驱动）。,Game.runPer5Tick 每 5 tick 轮询 checkRedInventory / checkBlueInventory，检查在线队员背包与队伍共享箱是否持有 Material.BEEHIVE。该材质在 Paper 26.2 Material 枚举中存在，代码逻辑与静态结构一致。,"src/main/java/top/lqsnow/blockracing/managers/Game.java (checkRedInventory/checkBlueInventory), src/main/java/top/lqsnow/blockracing/managers/Block.java (loadTargets)",无
335,BEE_NEST,block,1,蜂巢,,consistent,中文显示“蜂巢”与 ID（Material.BEE_NEST）一致。作为 block 类型目标，requirement 为空符合系统设计规范（物品收集类任务由 Material ID 驱动）。,Game.runPer5Tick 每 5 tick 轮询 checkRedInventory / checkBlueInventory，检查在线队员背包与队伍共享箱是否持有 Material.BEE_NEST。该材质在 Paper 26.2 Material 枚举中存在，代码逻辑与静态结构一致。,"src/main/java/top/lqsnow/blockracing/managers/Game.java (checkRedInventory/checkBlueInventory), src/main/java/top/lqsnow/blockracing/managers/Block.java (loadTargets)",无
336,BLACKSTONE,block,1,黑石,,consistent,中文显示“黑石”与 ID（Material.BLACKSTONE）一致。作为 block 类型目标，requirement 为空符合系统设计规范（物品收集类任务由 Material ID 驱动）。,Game.runPer5Tick 每 5 tick 轮询 checkRedInventory / checkBlueInventory，检查在线队员背包与队伍共享箱是否持有 Material.BLACKSTONE。该材质在 Paper 26.2 Material 枚举中存在，代码逻辑与静态结构一致。,"src/main/java/top/lqsnow/blockracing/managers/Game.java (checkRedInventory/checkBlueInventory), src/main/java/top/lqsnow/blockracing/managers/Block.java (loadTargets)",无
337,BLACKSTONE_SLAB,block,1,黑石台阶,,consistent,中文显示“黑石台阶”与 ID（Material.BLACKSTONE_SLAB）一致。作为 block 类型目标，requirement 为空符合系统设计规范（物品收集类任务由 Material ID 驱动）。,Game.runPer5Tick 每 5 tick 轮询 checkRedInventory / checkBlueInventory，检查在线队员背包与队伍共享箱是否持有 Material.BLACKSTONE_SLAB。该材质在 Paper 26.2 Material 枚举中存在，代码逻辑与静态结构一致。,"src/main/java/top/lqsnow/blockracing/managers/Game.java (checkRedInventory/checkBlueInventory), src/main/java/top/lqsnow/blockracing/managers/Block.java (loadTargets)",无
338,BLACKSTONE_STAIRS,block,1,黑石楼梯,,consistent,中文显示“黑石楼梯”与 ID（Material.BLACKSTONE_STAIRS）一致。作为 block 类型目标，requirement 为空符合系统设计规范（物品收集类任务由 Material ID 驱动）。,Game.runPer5Tick 每 5 tick 轮询 checkRedInventory / checkBlueInventory，检查在线队员背包与队伍共享箱是否持有 Material.BLACKSTONE_STAIRS。该材质在 Paper 26.2 Material 枚举中存在，代码逻辑与静态结构一致。,"src/main/java/top/lqsnow/blockracing/managers/Game.java (checkRedInventory/checkBlueInventory), src/main/java/top/lqsnow/blockracing/managers/Block.java (loadTargets)",无
339,BLACKSTONE_WALL,block,1,黑石墙,,consistent,中文显示“黑石墙”与 ID（Material.BLACKSTONE_WALL）一致。作为 block 类型目标，requirement 为空符合系统设计规范（物品收集类任务由 Material ID 驱动）。,Game.runPer5Tick 每 5 tick 轮询 checkRedInventory / checkBlueInventory，检查在线队员背包与队伍共享箱是否持有 Material.BLACKSTONE_WALL。该材质在 Paper 26.2 Material 枚举中存在，代码逻辑与静态结构一致。,"src/main/java/top/lqsnow/blockracing/managers/Game.java (checkRedInventory/checkBlueInventory), src/main/java/top/lqsnow/blockracing/managers/Block.java (loadTargets)",无
340,BLUE_ICE,block,1,蓝冰,,consistent,中文显示“蓝冰”与 ID（Material.BLUE_ICE）一致。作为 block 类型目标，requirement 为空符合系统设计规范（物品收集类任务由 Material ID 驱动）。,Game.runPer5Tick 每 5 tick 轮询 checkRedInventory / checkBlueInventory，检查在线队员背包与队伍共享箱是否持有 Material.BLUE_ICE。该材质在 Paper 26.2 Material 枚举中存在，代码逻辑与静态结构一致。,"src/main/java/top/lqsnow/blockracing/managers/Game.java (checkRedInventory/checkBlueInventory), src/main/java/top/lqsnow/blockracing/managers/Block.java (loadTargets)",无
341,BOOKSHELF,block,1,书架,,consistent,中文显示“书架”与 ID（Material.BOOKSHELF）一致。作为 block 类型目标，requirement 为空符合系统设计规范（物品收集类任务由 Material ID 驱动）。,Game.runPer5Tick 每 5 tick 轮询 checkRedInventory / checkBlueInventory，检查在线队员背包与队伍共享箱是否持有 Material.BOOKSHELF。该材质在 Paper 26.2 Material 枚举中存在，代码逻辑与静态结构一致。,"src/main/java/top/lqsnow/blockracing/managers/Game.java (checkRedInventory/checkBlueInventory), src/main/java/top/lqsnow/blockracing/managers/Block.java (loadTargets)",无
342,CHIPPED_ANVIL,block,2,开裂的铁砧,,consistent,中文显示“开裂的铁砧”与 ID（Material.CHIPPED_ANVIL）一致。作为 block 类型目标，requirement 为空符合系统设计规范（物品收集类任务由 Material ID 驱动）。,Game.runPer5Tick 每 5 tick 轮询 checkRedInventory / checkBlueInventory，检查在线队员背包与队伍共享箱是否持有 Material.CHIPPED_ANVIL。该材质在 Paper 26.2 Material 枚举中存在，代码逻辑与静态结构一致。,"src/main/java/top/lqsnow/blockracing/managers/Game.java (checkRedInventory/checkBlueInventory), src/main/java/top/lqsnow/blockracing/managers/Block.java (loadTargets)",无
343,CHISELED_BOOKSHELF,block,1,雕纹书架,,consistent,中文显示“雕纹书架”与 ID（Material.CHISELED_BOOKSHELF）一致。作为 block 类型目标，requirement 为空符合系统设计规范（物品收集类任务由 Material ID 驱动）。,Game.runPer5Tick 每 5 tick 轮询 checkRedInventory / checkBlueInventory，检查在线队员背包与队伍共享箱是否持有 Material.CHISELED_BOOKSHELF。该材质在 Paper 26.2 Material 枚举中存在，代码逻辑与静态结构一致。,"src/main/java/top/lqsnow/blockracing/managers/Game.java (checkRedInventory/checkBlueInventory), src/main/java/top/lqsnow/blockracing/managers/Block.java (loadTargets)",无
344,CHISELED_NETHER_BRICKS,block,1,雕纹下界砖块,,consistent,中文显示“雕纹下界砖块”与 ID（Material.CHISELED_NETHER_BRICKS）一致。作为 block 类型目标，requirement 为空符合系统设计规范（物品收集类任务由 Material ID 驱动）。,Game.runPer5Tick 每 5 tick 轮询 checkRedInventory / checkBlueInventory，检查在线队员背包与队伍共享箱是否持有 Material.CHISELED_NETHER_BRICKS。该材质在 Paper 26.2 Material 枚举中存在，代码逻辑与静态结构一致。,"src/main/java/top/lqsnow/blockracing/managers/Game.java (checkRedInventory/checkBlueInventory), src/main/java/top/lqsnow/blockracing/managers/Block.java (loadTargets)",无
345,CHISELED_POLISHED_BLACKSTONE,block,1,雕纹磨制黑石,,consistent,中文显示“雕纹磨制黑石”与 ID（Material.CHISELED_POLISHED_BLACKSTONE）一致。作为 block 类型目标，requirement 为空符合系统设计规范（物品收集类任务由 Material ID 驱动）。,Game.runPer5Tick 每 5 tick 轮询 checkRedInventory / checkBlueInventory，检查在线队员背包与队伍共享箱是否持有 Material.CHISELED_POLISHED_BLACKSTONE。该材质在 Paper 26.2 Material 枚举中存在，代码逻辑与静态结构一致。,"src/main/java/top/lqsnow/blockracing/managers/Game.java (checkRedInventory/checkBlueInventory), src/main/java/top/lqsnow/blockracing/managers/Block.java (loadTargets)",无
346,CHISELED_QUARTZ_BLOCK,block,1,雕纹石英块,,consistent,中文显示“雕纹石英块”与 ID（Material.CHISELED_QUARTZ_BLOCK）一致。作为 block 类型目标，requirement 为空符合系统设计规范（物品收集类任务由 Material ID 驱动）。,Game.runPer5Tick 每 5 tick 轮询 checkRedInventory / checkBlueInventory，检查在线队员背包与队伍共享箱是否持有 Material.CHISELED_QUARTZ_BLOCK。该材质在 Paper 26.2 Material 枚举中存在，代码逻辑与静态结构一致。,"src/main/java/top/lqsnow/blockracing/managers/Game.java (checkRedInventory/checkBlueInventory), src/main/java/top/lqsnow/blockracing/managers/Block.java (loadTargets)",无
347,CRACKED_POLISHED_BLACKSTONE_BRICKS,block,1,裂纹磨制黑石砖,,consistent,中文显示“裂纹磨制黑石砖”与 ID（Material.CRACKED_POLISHED_BLACKSTONE_BRICKS）一致。作为 block 类型目标，requirement 为空符合系统设计规范（物品收集类任务由 Material ID 驱动）。,Game.runPer5Tick 每 5 tick 轮询 checkRedInventory / checkBlueInventory，检查在线队员背包与队伍共享箱是否持有 Material.CRACKED_POLISHED_BLACKSTONE_BRICKS。该材质在 Paper 26.2 Material 枚举中存在，代码逻辑与静态结构一致。,"src/main/java/top/lqsnow/blockracing/managers/Game.java (checkRedInventory/checkBlueInventory), src/main/java/top/lqsnow/blockracing/managers/Block.java (loadTargets)",无
348,CRIMSON_PLANKS,block,1,绯红木板,,consistent,中文显示“绯红木板”与 ID（Material.CRIMSON_PLANKS）一致。作为 block 类型目标，requirement 为空符合系统设计规范（物品收集类任务由 Material ID 驱动）。,Game.runPer5Tick 每 5 tick 轮询 checkRedInventory / checkBlueInventory，检查在线队员背包与队伍共享箱是否持有 Material.CRIMSON_PLANKS。该材质在 Paper 26.2 Material 枚举中存在，代码逻辑与静态结构一致。,"src/main/java/top/lqsnow/blockracing/managers/Game.java (checkRedInventory/checkBlueInventory), src/main/java/top/lqsnow/blockracing/managers/Block.java (loadTargets)",无
349,CRIMSON_ROOTS,block,1,绯红菌索,,consistent,中文显示“绯红菌索”与 ID（Material.CRIMSON_ROOTS）一致。作为 block 类型目标，requirement 为空符合系统设计规范（物品收集类任务由 Material ID 驱动）。,Game.runPer5Tick 每 5 tick 轮询 checkRedInventory / checkBlueInventory，检查在线队员背包与队伍共享箱是否持有 Material.CRIMSON_ROOTS。该材质在 Paper 26.2 Material 枚举中存在，代码逻辑与静态结构一致。,"src/main/java/top/lqsnow/blockracing/managers/Game.java (checkRedInventory/checkBlueInventory), src/main/java/top/lqsnow/blockracing/managers/Block.java (loadTargets)",无
350,CRYING_OBSIDIAN,block,2,哭泣的黑曜石,,consistent,中文显示“哭泣的黑曜石”与 ID（Material.CRYING_OBSIDIAN）一致。作为 block 类型目标，requirement 为空符合系统设计规范（物品收集类任务由 Material ID 驱动）。,Game.runPer5Tick 每 5 tick 轮询 checkRedInventory / checkBlueInventory，检查在线队员背包与队伍共享箱是否持有 Material.CRYING_OBSIDIAN。该材质在 Paper 26.2 Material 枚举中存在，代码逻辑与静态结构一致。,"src/main/java/top/lqsnow/blockracing/managers/Game.java (checkRedInventory/checkBlueInventory), src/main/java/top/lqsnow/blockracing/managers/Block.java (loadTargets)",无
351,DAMAGED_ANVIL,block,2,损坏的铁砧,,consistent,中文显示“损坏的铁砧”与 ID（Material.DAMAGED_ANVIL）一致。作为 block 类型目标，requirement 为空符合系统设计规范（物品收集类任务由 Material ID 驱动）。,Game.runPer5Tick 每 5 tick 轮询 checkRedInventory / checkBlueInventory，检查在线队员背包与队伍共享箱是否持有 Material.DAMAGED_ANVIL。该材质在 Paper 26.2 Material 枚举中存在，代码逻辑与静态结构一致。,"src/main/java/top/lqsnow/blockracing/managers/Game.java (checkRedInventory/checkBlueInventory), src/main/java/top/lqsnow/blockracing/managers/Block.java (loadTargets)",无
352,DARK_PRISMARINE,block,1,暗海晶石,,consistent,中文显示“暗海晶石”与 ID（Material.DARK_PRISMARINE）一致。作为 block 类型目标，requirement 为空符合系统设计规范（物品收集类任务由 Material ID 驱动）。,Game.runPer5Tick 每 5 tick 轮询 checkRedInventory / checkBlueInventory，检查在线队员背包与队伍共享箱是否持有 Material.DARK_PRISMARINE。该材质在 Paper 26.2 Material 枚举中存在，代码逻辑与静态结构一致。,"src/main/java/top/lqsnow/blockracing/managers/Game.java (checkRedInventory/checkBlueInventory), src/main/java/top/lqsnow/blockracing/managers/Block.java (loadTargets)",无
353,DARK_PRISMARINE_SLAB,block,1,暗海晶石台阶,,consistent,中文显示“暗海晶石台阶”与 ID（Material.DARK_PRISMARINE_SLAB）一致。作为 block 类型目标，requirement 为空符合系统设计规范（物品收集类任务由 Material ID 驱动）。,Game.runPer5Tick 每 5 tick 轮询 checkRedInventory / checkBlueInventory，检查在线队员背包与队伍共享箱是否持有 Material.DARK_PRISMARINE_SLAB。该材质在 Paper 26.2 Material 枚举中存在，代码逻辑与静态结构一致。,"src/main/java/top/lqsnow/blockracing/managers/Game.java (checkRedInventory/checkBlueInventory), src/main/java/top/lqsnow/blockracing/managers/Block.java (loadTargets)",无
354,DARK_PRISMARINE_STAIRS,block,1,暗海晶石楼梯,,consistent,中文显示“暗海晶石楼梯”与 ID（Material.DARK_PRISMARINE_STAIRS）一致。作为 block 类型目标，requirement 为空符合系统设计规范（物品收集类任务由 Material ID 驱动）。,Game.runPer5Tick 每 5 tick 轮询 checkRedInventory / checkBlueInventory，检查在线队员背包与队伍共享箱是否持有 Material.DARK_PRISMARINE_STAIRS。该材质在 Paper 26.2 Material 枚举中存在，代码逻辑与静态结构一致。,"src/main/java/top/lqsnow/blockracing/managers/Game.java (checkRedInventory/checkBlueInventory), src/main/java/top/lqsnow/blockracing/managers/Block.java (loadTargets)",无
355,DAYLIGHT_DETECTOR,block,1,阳光探测器,,consistent,中文显示“阳光探测器”与 ID（Material.DAYLIGHT_DETECTOR）一致。作为 block 类型目标，requirement 为空符合系统设计规范（物品收集类任务由 Material ID 驱动）。,Game.runPer5Tick 每 5 tick 轮询 checkRedInventory / checkBlueInventory，检查在线队员背包与队伍共享箱是否持有 Material.DAYLIGHT_DETECTOR。该材质在 Paper 26.2 Material 枚举中存在，代码逻辑与静态结构一致。,"src/main/java/top/lqsnow/blockracing/managers/Game.java (checkRedInventory/checkBlueInventory), src/main/java/top/lqsnow/blockracing/managers/Block.java (loadTargets)",无
356,DRIPSTONE_BLOCK,block,1,滴水石块,,consistent,中文显示“滴水石块”与 ID（Material.DRIPSTONE_BLOCK）一致。作为 block 类型目标，requirement 为空符合系统设计规范（物品收集类任务由 Material ID 驱动）。,Game.runPer5Tick 每 5 tick 轮询 checkRedInventory / checkBlueInventory，检查在线队员背包与队伍共享箱是否持有 Material.DRIPSTONE_BLOCK。该材质在 Paper 26.2 Material 枚举中存在，代码逻辑与静态结构一致。,"src/main/java/top/lqsnow/blockracing/managers/Game.java (checkRedInventory/checkBlueInventory), src/main/java/top/lqsnow/blockracing/managers/Block.java (loadTargets)",无
357,ENCHANTING_TABLE,block,1,附魔台,,consistent,中文显示“附魔台”与 ID（Material.ENCHANTING_TABLE）一致。作为 block 类型目标，requirement 为空符合系统设计规范（物品收集类任务由 Material ID 驱动）。,Game.runPer5Tick 每 5 tick 轮询 checkRedInventory / checkBlueInventory，检查在线队员背包与队伍共享箱是否持有 Material.ENCHANTING_TABLE。该材质在 Paper 26.2 Material 枚举中存在，代码逻辑与静态结构一致。,"src/main/java/top/lqsnow/blockracing/managers/Game.java (checkRedInventory/checkBlueInventory), src/main/java/top/lqsnow/blockracing/managers/Block.java (loadTargets)",无
358,ENDER_CHEST,block,2,末影箱,,consistent,中文显示“末影箱”与 ID（Material.ENDER_CHEST）一致。作为 block 类型目标，requirement 为空符合系统设计规范（物品收集类任务由 Material ID 驱动）。,Game.runPer5Tick 每 5 tick 轮询 checkRedInventory / checkBlueInventory，检查在线队员背包与队伍共享箱是否持有 Material.ENDER_CHEST。该材质在 Paper 26.2 Material 枚举中存在，代码逻辑与静态结构一致。,"src/main/java/top/lqsnow/blockracing/managers/Game.java (checkRedInventory/checkBlueInventory), src/main/java/top/lqsnow/blockracing/managers/Block.java (loadTargets)",无
359,ENDER_EYE,block,2,末影之眼,,consistent,中文显示“末影之眼”与 ID（Material.ENDER_EYE）一致。作为 block 类型目标，requirement 为空符合系统设计规范（物品收集类任务由 Material ID 驱动）。,Game.runPer5Tick 每 5 tick 轮询 checkRedInventory / checkBlueInventory，检查在线队员背包与队伍共享箱是否持有 Material.ENDER_EYE。该材质在 Paper 26.2 Material 枚举中存在，代码逻辑与静态结构一致。,"src/main/java/top/lqsnow/blockracing/managers/Game.java (checkRedInventory/checkBlueInventory), src/main/java/top/lqsnow/blockracing/managers/Block.java (loadTargets)",无
360,FERN,block,1,蕨,,consistent,中文显示“蕨”与 ID（Material.FERN）一致。作为 block 类型目标，requirement 为空符合系统设计规范（物品收集类任务由 Material ID 驱动）。,Game.runPer5Tick 每 5 tick 轮询 checkRedInventory / checkBlueInventory，检查在线队员背包与队伍共享箱是否持有 Material.FERN。该材质在 Paper 26.2 Material 枚举中存在，代码逻辑与静态结构一致。,"src/main/java/top/lqsnow/blockracing/managers/Game.java (checkRedInventory/checkBlueInventory), src/main/java/top/lqsnow/blockracing/managers/Block.java (loadTargets)",无
361,FLOWERING_AZALEA,block,1,盛开的杜鹃花丛,,consistent,中文显示“盛开的杜鹃花丛”与 ID（Material.FLOWERING_AZALEA）一致。作为 block 类型目标，requirement 为空符合系统设计规范（物品收集类任务由 Material ID 驱动）。,Game.runPer5Tick 每 5 tick 轮询 checkRedInventory / checkBlueInventory，检查在线队员背包与队伍共享箱是否持有 Material.FLOWERING_AZALEA。该材质在 Paper 26.2 Material 枚举中存在，代码逻辑与静态结构一致。,"src/main/java/top/lqsnow/blockracing/managers/Game.java (checkRedInventory/checkBlueInventory), src/main/java/top/lqsnow/blockracing/managers/Block.java (loadTargets)",无
362,FLOWERING_AZALEA_LEAVES,block,1,盛开的杜鹃树叶,,consistent,中文显示“盛开的杜鹃树叶”与 ID（Material.FLOWERING_AZALEA_LEAVES）一致。作为 block 类型目标，requirement 为空符合系统设计规范（物品收集类任务由 Material ID 驱动）。,Game.runPer5Tick 每 5 tick 轮询 checkRedInventory / checkBlueInventory，检查在线队员背包与队伍共享箱是否持有 Material.FLOWERING_AZALEA_LEAVES。该材质在 Paper 26.2 Material 枚举中存在，代码逻辑与静态结构一致。,"src/main/java/top/lqsnow/blockracing/managers/Game.java (checkRedInventory/checkBlueInventory), src/main/java/top/lqsnow/blockracing/managers/Block.java (loadTargets)",无
363,GHAST_TEAR,block,3,恶魂之泪,,consistent,中文显示“恶魂之泪”与 ID（Material.GHAST_TEAR）一致。作为 block 类型目标，requirement 为空符合系统设计规范（物品收集类任务由 Material ID 驱动）。,Game.runPer5Tick 每 5 tick 轮询 checkRedInventory / checkBlueInventory，检查在线队员背包与队伍共享箱是否持有 Material.GHAST_TEAR。该材质在 Paper 26.2 Material 枚举中存在，代码逻辑与静态结构一致。,"src/main/java/top/lqsnow/blockracing/managers/Game.java (checkRedInventory/checkBlueInventory), src/main/java/top/lqsnow/blockracing/managers/Block.java (loadTargets)",无
364,GILDED_BLACKSTONE,block,1,镶金黑石,,consistent,中文显示“镶金黑石”与 ID（Material.GILDED_BLACKSTONE）一致。作为 block 类型目标，requirement 为空符合系统设计规范（物品收集类任务由 Material ID 驱动）。,Game.runPer5Tick 每 5 tick 轮询 checkRedInventory / checkBlueInventory，检查在线队员背包与队伍共享箱是否持有 Material.GILDED_BLACKSTONE。该材质在 Paper 26.2 Material 枚举中存在，代码逻辑与静态结构一致。,"src/main/java/top/lqsnow/blockracing/managers/Game.java (checkRedInventory/checkBlueInventory), src/main/java/top/lqsnow/blockracing/managers/Block.java (loadTargets)",无
365,GLOWSTONE,block,1,荧石,,consistent,中文显示“荧石”与 ID（Material.GLOWSTONE）一致。作为 block 类型目标，requirement 为空符合系统设计规范（物品收集类任务由 Material ID 驱动）。,Game.runPer5Tick 每 5 tick 轮询 checkRedInventory / checkBlueInventory，检查在线队员背包与队伍共享箱是否持有 Material.GLOWSTONE。该材质在 Paper 26.2 Material 枚举中存在，代码逻辑与静态结构一致。,"src/main/java/top/lqsnow/blockracing/managers/Game.java (checkRedInventory/checkBlueInventory), src/main/java/top/lqsnow/blockracing/managers/Block.java (loadTargets)",无
366,HONEYCOMB_BLOCK,block,2,蜜脾块,,consistent,中文显示“蜜脾块”与 ID（Material.HONEYCOMB_BLOCK）一致。作为 block 类型目标，requirement 为空符合系统设计规范（物品收集类任务由 Material ID 驱动）。,Game.runPer5Tick 每 5 tick 轮询 checkRedInventory / checkBlueInventory，检查在线队员背包与队伍共享箱是否持有 Material.HONEYCOMB_BLOCK。该材质在 Paper 26.2 Material 枚举中存在，代码逻辑与静态结构一致。,"src/main/java/top/lqsnow/blockracing/managers/Game.java (checkRedInventory/checkBlueInventory), src/main/java/top/lqsnow/blockracing/managers/Block.java (loadTargets)",无
367,HONEY_BLOCK,block,2,蜂蜜块,,consistent,中文显示“蜂蜜块”与 ID（Material.HONEY_BLOCK）一致。作为 block 类型目标，requirement 为空符合系统设计规范（物品收集类任务由 Material ID 驱动）。,Game.runPer5Tick 每 5 tick 轮询 checkRedInventory / checkBlueInventory，检查在线队员背包与队伍共享箱是否持有 Material.HONEY_BLOCK。该材质在 Paper 26.2 Material 枚举中存在，代码逻辑与静态结构一致。,"src/main/java/top/lqsnow/blockracing/managers/Game.java (checkRedInventory/checkBlueInventory), src/main/java/top/lqsnow/blockracing/managers/Block.java (loadTargets)",无
368,ICE,block,1,冰,,consistent,中文显示“冰”与 ID（Material.ICE）一致。作为 block 类型目标，requirement 为空符合系统设计规范（物品收集类任务由 Material ID 驱动）。,Game.runPer5Tick 每 5 tick 轮询 checkRedInventory / checkBlueInventory，检查在线队员背包与队伍共享箱是否持有 Material.ICE。该材质在 Paper 26.2 Material 枚举中存在，代码逻辑与静态结构一致。,"src/main/java/top/lqsnow/blockracing/managers/Game.java (checkRedInventory/checkBlueInventory), src/main/java/top/lqsnow/blockracing/managers/Block.java (loadTargets)",无
369,LARGE_AMETHYST_BUD,block,1,大型紫晶芽,,consistent,中文显示“大型紫晶芽”与 ID（Material.LARGE_AMETHYST_BUD）一致。作为 block 类型目标，requirement 为空符合系统设计规范（物品收集类任务由 Material ID 驱动）。,Game.runPer5Tick 每 5 tick 轮询 checkRedInventory / checkBlueInventory，检查在线队员背包与队伍共享箱是否持有 Material.LARGE_AMETHYST_BUD。该材质在 Paper 26.2 Material 枚举中存在，代码逻辑与静态结构一致。,"src/main/java/top/lqsnow/blockracing/managers/Game.java (checkRedInventory/checkBlueInventory), src/main/java/top/lqsnow/blockracing/managers/Block.java (loadTargets)",无
370,MAGMA_BLOCK,block,1,岩浆块,,consistent,中文显示“岩浆块”与 ID（Material.MAGMA_BLOCK）一致。作为 block 类型目标，requirement 为空符合系统设计规范（物品收集类任务由 Material ID 驱动）。,Game.runPer5Tick 每 5 tick 轮询 checkRedInventory / checkBlueInventory，检查在线队员背包与队伍共享箱是否持有 Material.MAGMA_BLOCK。该材质在 Paper 26.2 Material 枚举中存在，代码逻辑与静态结构一致。,"src/main/java/top/lqsnow/blockracing/managers/Game.java (checkRedInventory/checkBlueInventory), src/main/java/top/lqsnow/blockracing/managers/Block.java (loadTargets)",无
371,MANGROVE_PLANKS,block,2,红树木板,,consistent,中文显示“红树木板”与 ID（Material.MANGROVE_PLANKS）一致。作为 block 类型目标，requirement 为空符合系统设计规范（物品收集类任务由 Material ID 驱动）。,Game.runPer5Tick 每 5 tick 轮询 checkRedInventory / checkBlueInventory，检查在线队员背包与队伍共享箱是否持有 Material.MANGROVE_PLANKS。该材质在 Paper 26.2 Material 枚举中存在，代码逻辑与静态结构一致。,"src/main/java/top/lqsnow/blockracing/managers/Game.java (checkRedInventory/checkBlueInventory), src/main/java/top/lqsnow/blockracing/managers/Block.java (loadTargets)",无
372,MEDIUM_AMETHYST_BUD,block,1,中型紫晶芽,,consistent,中文显示“中型紫晶芽”与 ID（Material.MEDIUM_AMETHYST_BUD）一致。作为 block 类型目标，requirement 为空符合系统设计规范（物品收集类任务由 Material ID 驱动）。,Game.runPer5Tick 每 5 tick 轮询 checkRedInventory / checkBlueInventory，检查在线队员背包与队伍共享箱是否持有 Material.MEDIUM_AMETHYST_BUD。该材质在 Paper 26.2 Material 枚举中存在，代码逻辑与静态结构一致。,"src/main/java/top/lqsnow/blockracing/managers/Game.java (checkRedInventory/checkBlueInventory), src/main/java/top/lqsnow/blockracing/managers/Block.java (loadTargets)",无
373,MOSSY_COBBLESTONE,block,1,苔石,,consistent,中文显示“苔石”与 ID（Material.MOSSY_COBBLESTONE）一致。作为 block 类型目标，requirement 为空符合系统设计规范（物品收集类任务由 Material ID 驱动）。,Game.runPer5Tick 每 5 tick 轮询 checkRedInventory / checkBlueInventory，检查在线队员背包与队伍共享箱是否持有 Material.MOSSY_COBBLESTONE。该材质在 Paper 26.2 Material 枚举中存在，代码逻辑与静态结构一致。,"src/main/java/top/lqsnow/blockracing/managers/Game.java (checkRedInventory/checkBlueInventory), src/main/java/top/lqsnow/blockracing/managers/Block.java (loadTargets)",无
374,MOSSY_STONE_BRICKS,block,1,苔石砖,,consistent,中文显示“苔石砖”与 ID（Material.MOSSY_STONE_BRICKS）一致。作为 block 类型目标，requirement 为空符合系统设计规范（物品收集类任务由 Material ID 驱动）。,Game.runPer5Tick 每 5 tick 轮询 checkRedInventory / checkBlueInventory，检查在线队员背包与队伍共享箱是否持有 Material.MOSSY_STONE_BRICKS。该材质在 Paper 26.2 Material 枚举中存在，代码逻辑与静态结构一致。,"src/main/java/top/lqsnow/blockracing/managers/Game.java (checkRedInventory/checkBlueInventory), src/main/java/top/lqsnow/blockracing/managers/Block.java (loadTargets)",无
375,NETHER_BRICKS,block,1,下界砖块,,consistent,中文显示“下界砖块”与 ID（Material.NETHER_BRICKS）一致。作为 block 类型目标，requirement 为空符合系统设计规范（物品收集类任务由 Material ID 驱动）。,Game.runPer5Tick 每 5 tick 轮询 checkRedInventory / checkBlueInventory，检查在线队员背包与队伍共享箱是否持有 Material.NETHER_BRICKS。该材质在 Paper 26.2 Material 枚举中存在，代码逻辑与静态结构一致。,"src/main/java/top/lqsnow/blockracing/managers/Game.java (checkRedInventory/checkBlueInventory), src/main/java/top/lqsnow/blockracing/managers/Block.java (loadTargets)",无
376,NETHER_SPROUTS,block,2,下界苗,,consistent,中文显示“下界苗”与 ID（Material.NETHER_SPROUTS）一致。作为 block 类型目标，requirement 为空符合系统设计规范（物品收集类任务由 Material ID 驱动）。,Game.runPer5Tick 每 5 tick 轮询 checkRedInventory / checkBlueInventory，检查在线队员背包与队伍共享箱是否持有 Material.NETHER_SPROUTS。该材质在 Paper 26.2 Material 枚举中存在，代码逻辑与静态结构一致。,"src/main/java/top/lqsnow/blockracing/managers/Game.java (checkRedInventory/checkBlueInventory), src/main/java/top/lqsnow/blockracing/managers/Block.java (loadTargets)",无
377,NETHER_WART,block,2,下界疣,,consistent,中文显示“下界疣”与 ID（Material.NETHER_WART）一致。作为 block 类型目标，requirement 为空符合系统设计规范（物品收集类任务由 Material ID 驱动）。,Game.runPer5Tick 每 5 tick 轮询 checkRedInventory / checkBlueInventory，检查在线队员背包与队伍共享箱是否持有 Material.NETHER_WART。该材质在 Paper 26.2 Material 枚举中存在，代码逻辑与静态结构一致。,"src/main/java/top/lqsnow/blockracing/managers/Game.java (checkRedInventory/checkBlueInventory), src/main/java/top/lqsnow/blockracing/managers/Block.java (loadTargets)",无
378,NETHER_WART_BLOCK,block,1,下界疣块,,consistent,中文显示“下界疣块”与 ID（Material.NETHER_WART_BLOCK）一致。作为 block 类型目标，requirement 为空符合系统设计规范（物品收集类任务由 Material ID 驱动）。,Game.runPer5Tick 每 5 tick 轮询 checkRedInventory / checkBlueInventory，检查在线队员背包与队伍共享箱是否持有 Material.NETHER_WART_BLOCK。该材质在 Paper 26.2 Material 枚举中存在，代码逻辑与静态结构一致。,"src/main/java/top/lqsnow/blockracing/managers/Game.java (checkRedInventory/checkBlueInventory), src/main/java/top/lqsnow/blockracing/managers/Block.java (loadTargets)",无
379,OBSERVER,block,1,侦测器,,consistent,中文显示“侦测器”与 ID（Material.OBSERVER）一致。作为 block 类型目标，requirement 为空符合系统设计规范（物品收集类任务由 Material ID 驱动）。,Game.runPer5Tick 每 5 tick 轮询 checkRedInventory / checkBlueInventory，检查在线队员背包与队伍共享箱是否持有 Material.OBSERVER。该材质在 Paper 26.2 Material 枚举中存在，代码逻辑与静态结构一致。,"src/main/java/top/lqsnow/blockracing/managers/Game.java (checkRedInventory/checkBlueInventory), src/main/java/top/lqsnow/blockracing/managers/Block.java (loadTargets)",无
380,PACKED_ICE,block,1,浮冰,,consistent,中文显示“浮冰”与 ID（Material.PACKED_ICE）一致。作为 block 类型目标，requirement 为空符合系统设计规范（物品收集类任务由 Material ID 驱动）。,Game.runPer5Tick 每 5 tick 轮询 checkRedInventory / checkBlueInventory，检查在线队员背包与队伍共享箱是否持有 Material.PACKED_ICE。该材质在 Paper 26.2 Material 枚举中存在，代码逻辑与静态结构一致。,"src/main/java/top/lqsnow/blockracing/managers/Game.java (checkRedInventory/checkBlueInventory), src/main/java/top/lqsnow/blockracing/managers/Block.java (loadTargets)",无
381,PRISMARINE,block,1,海晶石,,consistent,中文显示“海晶石”与 ID（Material.PRISMARINE）一致。作为 block 类型目标，requirement 为空符合系统设计规范（物品收集类任务由 Material ID 驱动）。,Game.runPer5Tick 每 5 tick 轮询 checkRedInventory / checkBlueInventory，检查在线队员背包与队伍共享箱是否持有 Material.PRISMARINE。该材质在 Paper 26.2 Material 枚举中存在，代码逻辑与静态结构一致。,"src/main/java/top/lqsnow/blockracing/managers/Game.java (checkRedInventory/checkBlueInventory), src/main/java/top/lqsnow/blockracing/managers/Block.java (loadTargets)",无
382,PRISMARINE_BRICKS,block,1,海晶石砖,,consistent,中文显示“海晶石砖”与 ID（Material.PRISMARINE_BRICKS）一致。作为 block 类型目标，requirement 为空符合系统设计规范（物品收集类任务由 Material ID 驱动）。,Game.runPer5Tick 每 5 tick 轮询 checkRedInventory / checkBlueInventory，检查在线队员背包与队伍共享箱是否持有 Material.PRISMARINE_BRICKS。该材质在 Paper 26.2 Material 枚举中存在，代码逻辑与静态结构一致。,"src/main/java/top/lqsnow/blockracing/managers/Game.java (checkRedInventory/checkBlueInventory), src/main/java/top/lqsnow/blockracing/managers/Block.java (loadTargets)",无
383,PRISMARINE_BRICK_SLAB,block,1,海晶石砖台阶,,consistent,中文显示“海晶石砖台阶”与 ID（Material.PRISMARINE_BRICK_SLAB）一致。作为 block 类型目标，requirement 为空符合系统设计规范（物品收集类任务由 Material ID 驱动）。,Game.runPer5Tick 每 5 tick 轮询 checkRedInventory / checkBlueInventory，检查在线队员背包与队伍共享箱是否持有 Material.PRISMARINE_BRICK_SLAB。该材质在 Paper 26.2 Material 枚举中存在，代码逻辑与静态结构一致。,"src/main/java/top/lqsnow/blockracing/managers/Game.java (checkRedInventory/checkBlueInventory), src/main/java/top/lqsnow/blockracing/managers/Block.java (loadTargets)",无
384,PRISMARINE_BRICK_STAIRS,block,1,海晶石砖楼梯,,consistent,中文显示“海晶石砖楼梯”与 ID（Material.PRISMARINE_BRICK_STAIRS）一致。作为 block 类型目标，requirement 为空符合系统设计规范（物品收集类任务由 Material ID 驱动）。,Game.runPer5Tick 每 5 tick 轮询 checkRedInventory / checkBlueInventory，检查在线队员背包与队伍共享箱是否持有 Material.PRISMARINE_BRICK_STAIRS。该材质在 Paper 26.2 Material 枚举中存在，代码逻辑与静态结构一致。,"src/main/java/top/lqsnow/blockracing/managers/Game.java (checkRedInventory/checkBlueInventory), src/main/java/top/lqsnow/blockracing/managers/Block.java (loadTargets)",无
385,PRISMARINE_SLAB,block,1,海晶石台阶,,consistent,中文显示“海晶石台阶”与 ID（Material.PRISMARINE_SLAB）一致。作为 block 类型目标，requirement 为空符合系统设计规范（物品收集类任务由 Material ID 驱动）。,Game.runPer5Tick 每 5 tick 轮询 checkRedInventory / checkBlueInventory，检查在线队员背包与队伍共享箱是否持有 Material.PRISMARINE_SLAB。该材质在 Paper 26.2 Material 枚举中存在，代码逻辑与静态结构一致。,"src/main/java/top/lqsnow/blockracing/managers/Game.java (checkRedInventory/checkBlueInventory), src/main/java/top/lqsnow/blockracing/managers/Block.java (loadTargets)",无
386,PRISMARINE_STAIRS,block,1,海晶石楼梯,,consistent,中文显示“海晶石楼梯”与 ID（Material.PRISMARINE_STAIRS）一致。作为 block 类型目标，requirement 为空符合系统设计规范（物品收集类任务由 Material ID 驱动）。,Game.runPer5Tick 每 5 tick 轮询 checkRedInventory / checkBlueInventory，检查在线队员背包与队伍共享箱是否持有 Material.PRISMARINE_STAIRS。该材质在 Paper 26.2 Material 枚举中存在，代码逻辑与静态结构一致。,"src/main/java/top/lqsnow/blockracing/managers/Game.java (checkRedInventory/checkBlueInventory), src/main/java/top/lqsnow/blockracing/managers/Block.java (loadTargets)",无
387,PRISMARINE_WALL,block,1,海晶石墙,,consistent,中文显示“海晶石墙”与 ID（Material.PRISMARINE_WALL）一致。作为 block 类型目标，requirement 为空符合系统设计规范（物品收集类任务由 Material ID 驱动）。,Game.runPer5Tick 每 5 tick 轮询 checkRedInventory / checkBlueInventory，检查在线队员背包与队伍共享箱是否持有 Material.PRISMARINE_WALL。该材质在 Paper 26.2 Material 枚举中存在，代码逻辑与静态结构一致。,"src/main/java/top/lqsnow/blockracing/managers/Game.java (checkRedInventory/checkBlueInventory), src/main/java/top/lqsnow/blockracing/managers/Block.java (loadTargets)",无
388,QUARTZ_BRICKS,block,1,石英砖,,consistent,中文显示“石英砖”与 ID（Material.QUARTZ_BRICKS）一致。作为 block 类型目标，requirement 为空符合系统设计规范（物品收集类任务由 Material ID 驱动）。,Game.runPer5Tick 每 5 tick 轮询 checkRedInventory / checkBlueInventory，检查在线队员背包与队伍共享箱是否持有 Material.QUARTZ_BRICKS。该材质在 Paper 26.2 Material 枚举中存在，代码逻辑与静态结构一致。,"src/main/java/top/lqsnow/blockracing/managers/Game.java (checkRedInventory/checkBlueInventory), src/main/java/top/lqsnow/blockracing/managers/Block.java (loadTargets)",无
389,QUARTZ_PILLAR,block,1,石英柱,,consistent,中文显示“石英柱”与 ID（Material.QUARTZ_PILLAR）一致。作为 block 类型目标，requirement 为空符合系统设计规范（物品收集类任务由 Material ID 驱动）。,Game.runPer5Tick 每 5 tick 轮询 checkRedInventory / checkBlueInventory，检查在线队员背包与队伍共享箱是否持有 Material.QUARTZ_PILLAR。该材质在 Paper 26.2 Material 枚举中存在，代码逻辑与静态结构一致。,"src/main/java/top/lqsnow/blockracing/managers/Game.java (checkRedInventory/checkBlueInventory), src/main/java/top/lqsnow/blockracing/managers/Block.java (loadTargets)",无
390,QUARTZ_SLAB,block,1,石英台阶,,consistent,中文显示“石英台阶”与 ID（Material.QUARTZ_SLAB）一致。作为 block 类型目标，requirement 为空符合系统设计规范（物品收集类任务由 Material ID 驱动）。,Game.runPer5Tick 每 5 tick 轮询 checkRedInventory / checkBlueInventory，检查在线队员背包与队伍共享箱是否持有 Material.QUARTZ_SLAB。该材质在 Paper 26.2 Material 枚举中存在，代码逻辑与静态结构一致。,"src/main/java/top/lqsnow/blockracing/managers/Game.java (checkRedInventory/checkBlueInventory), src/main/java/top/lqsnow/blockracing/managers/Block.java (loadTargets)",无
391,QUARTZ_STAIRS,block,1,石英楼梯,,consistent,中文显示“石英楼梯”与 ID（Material.QUARTZ_STAIRS）一致。作为 block 类型目标，requirement 为空符合系统设计规范（物品收集类任务由 Material ID 驱动）。,Game.runPer5Tick 每 5 tick 轮询 checkRedInventory / checkBlueInventory，检查在线队员背包与队伍共享箱是否持有 Material.QUARTZ_STAIRS。该材质在 Paper 26.2 Material 枚举中存在，代码逻辑与静态结构一致。,"src/main/java/top/lqsnow/blockracing/managers/Game.java (checkRedInventory/checkBlueInventory), src/main/java/top/lqsnow/blockracing/managers/Block.java (loadTargets)",无
392,RED_NETHER_BRICKS,block,2,红色下界砖块,,consistent,中文显示“红色下界砖块”与 ID（Material.RED_NETHER_BRICKS）一致。作为 block 类型目标，requirement 为空符合系统设计规范（物品收集类任务由 Material ID 驱动）。,Game.runPer5Tick 每 5 tick 轮询 checkRedInventory / checkBlueInventory，检查在线队员背包与队伍共享箱是否持有 Material.RED_NETHER_BRICKS。该材质在 Paper 26.2 Material 枚举中存在，代码逻辑与静态结构一致。,"src/main/java/top/lqsnow/blockracing/managers/Game.java (checkRedInventory/checkBlueInventory), src/main/java/top/lqsnow/blockracing/managers/Block.java (loadTargets)",无
393,RESPAWN_ANCHOR,block,2,重生锚,,consistent,中文显示“重生锚”与 ID（Material.RESPAWN_ANCHOR）一致。作为 block 类型目标，requirement 为空符合系统设计规范（物品收集类任务由 Material ID 驱动）。,Game.runPer5Tick 每 5 tick 轮询 checkRedInventory / checkBlueInventory，检查在线队员背包与队伍共享箱是否持有 Material.RESPAWN_ANCHOR。该材质在 Paper 26.2 Material 枚举中存在，代码逻辑与静态结构一致。,"src/main/java/top/lqsnow/blockracing/managers/Game.java (checkRedInventory/checkBlueInventory), src/main/java/top/lqsnow/blockracing/managers/Block.java (loadTargets)",无
394,SEA_LANTERN,block,1,海晶灯,,consistent,中文显示“海晶灯”与 ID（Material.SEA_LANTERN）一致。作为 block 类型目标，requirement 为空符合系统设计规范（物品收集类任务由 Material ID 驱动）。,Game.runPer5Tick 每 5 tick 轮询 checkRedInventory / checkBlueInventory，检查在线队员背包与队伍共享箱是否持有 Material.SEA_LANTERN。该材质在 Paper 26.2 Material 枚举中存在，代码逻辑与静态结构一致。,"src/main/java/top/lqsnow/blockracing/managers/Game.java (checkRedInventory/checkBlueInventory), src/main/java/top/lqsnow/blockracing/managers/Block.java (loadTargets)",无
395,SMALL_DRIPLEAF,block,1,小型垂滴叶,,consistent,中文显示“小型垂滴叶”与 ID（Material.SMALL_DRIPLEAF）一致。作为 block 类型目标，requirement 为空符合系统设计规范（物品收集类任务由 Material ID 驱动）。,Game.runPer5Tick 每 5 tick 轮询 checkRedInventory / checkBlueInventory，检查在线队员背包与队伍共享箱是否持有 Material.SMALL_DRIPLEAF。该材质在 Paper 26.2 Material 枚举中存在，代码逻辑与静态结构一致。,"src/main/java/top/lqsnow/blockracing/managers/Game.java (checkRedInventory/checkBlueInventory), src/main/java/top/lqsnow/blockracing/managers/Block.java (loadTargets)",无
396,SMOOTH_QUARTZ_SLAB,block,1,平滑石英台阶,,consistent,中文显示“平滑石英台阶”与 ID（Material.SMOOTH_QUARTZ_SLAB）一致。作为 block 类型目标，requirement 为空符合系统设计规范（物品收集类任务由 Material ID 驱动）。,Game.runPer5Tick 每 5 tick 轮询 checkRedInventory / checkBlueInventory，检查在线队员背包与队伍共享箱是否持有 Material.SMOOTH_QUARTZ_SLAB。该材质在 Paper 26.2 Material 枚举中存在，代码逻辑与静态结构一致。,"src/main/java/top/lqsnow/blockracing/managers/Game.java (checkRedInventory/checkBlueInventory), src/main/java/top/lqsnow/blockracing/managers/Block.java (loadTargets)",无
397,SMOOTH_QUARTZ_STAIRS,block,1,平滑石英楼梯,,consistent,中文显示“平滑石英楼梯”与 ID（Material.SMOOTH_QUARTZ_STAIRS）一致。作为 block 类型目标，requirement 为空符合系统设计规范（物品收集类任务由 Material ID 驱动）。,Game.runPer5Tick 每 5 tick 轮询 checkRedInventory / checkBlueInventory，检查在线队员背包与队伍共享箱是否持有 Material.SMOOTH_QUARTZ_STAIRS。该材质在 Paper 26.2 Material 枚举中存在，代码逻辑与静态结构一致。,"src/main/java/top/lqsnow/blockracing/managers/Game.java (checkRedInventory/checkBlueInventory), src/main/java/top/lqsnow/blockracing/managers/Block.java (loadTargets)",无
398,SOUL_CAMPFIRE,block,1,灵魂营火,,consistent,中文显示“灵魂营火”与 ID（Material.SOUL_CAMPFIRE）一致。作为 block 类型目标，requirement 为空符合系统设计规范（物品收集类任务由 Material ID 驱动）。,Game.runPer5Tick 每 5 tick 轮询 checkRedInventory / checkBlueInventory，检查在线队员背包与队伍共享箱是否持有 Material.SOUL_CAMPFIRE。该材质在 Paper 26.2 Material 枚举中存在，代码逻辑与静态结构一致。,"src/main/java/top/lqsnow/blockracing/managers/Game.java (checkRedInventory/checkBlueInventory), src/main/java/top/lqsnow/blockracing/managers/Block.java (loadTargets)",无
399,SOUL_LANTERN,block,1,灵魂灯笼,,consistent,中文显示“灵魂灯笼”与 ID（Material.SOUL_LANTERN）一致。作为 block 类型目标，requirement 为空符合系统设计规范（物品收集类任务由 Material ID 驱动）。,Game.runPer5Tick 每 5 tick 轮询 checkRedInventory / checkBlueInventory，检查在线队员背包与队伍共享箱是否持有 Material.SOUL_LANTERN。该材质在 Paper 26.2 Material 枚举中存在，代码逻辑与静态结构一致。,"src/main/java/top/lqsnow/blockracing/managers/Game.java (checkRedInventory/checkBlueInventory), src/main/java/top/lqsnow/blockracing/managers/Block.java (loadTargets)",无
400,SOUL_SAND,block,1,灵魂沙,,consistent,中文显示“灵魂沙”与 ID（Material.SOUL_SAND）一致。作为 block 类型目标，requirement 为空符合系统设计规范（物品收集类任务由 Material ID 驱动）。,Game.runPer5Tick 每 5 tick 轮询 checkRedInventory / checkBlueInventory，检查在线队员背包与队伍共享箱是否持有 Material.SOUL_SAND。该材质在 Paper 26.2 Material 枚举中存在，代码逻辑与静态结构一致。,"src/main/java/top/lqsnow/blockracing/managers/Game.java (checkRedInventory/checkBlueInventory), src/main/java/top/lqsnow/blockracing/managers/Block.java (loadTargets)",无
401,SOUL_SOIL,block,1,灵魂土,,consistent,中文显示“灵魂土”与 ID（Material.SOUL_SOIL）一致。作为 block 类型目标，requirement 为空符合系统设计规范（物品收集类任务由 Material ID 驱动）。,Game.runPer5Tick 每 5 tick 轮询 checkRedInventory / checkBlueInventory，检查在线队员背包与队伍共享箱是否持有 Material.SOUL_SOIL。该材质在 Paper 26.2 Material 枚举中存在，代码逻辑与静态结构一致。,"src/main/java/top/lqsnow/blockracing/managers/Game.java (checkRedInventory/checkBlueInventory), src/main/java/top/lqsnow/blockracing/managers/Block.java (loadTargets)",无
402,SOUL_TORCH,block,1,灵魂火把,,consistent,中文显示“灵魂火把”与 ID（Material.SOUL_TORCH）一致。作为 block 类型目标，requirement 为空符合系统设计规范（物品收集类任务由 Material ID 驱动）。,Game.runPer5Tick 每 5 tick 轮询 checkRedInventory / checkBlueInventory，检查在线队员背包与队伍共享箱是否持有 Material.SOUL_TORCH。该材质在 Paper 26.2 Material 枚举中存在，代码逻辑与静态结构一致。,"src/main/java/top/lqsnow/blockracing/managers/Game.java (checkRedInventory/checkBlueInventory), src/main/java/top/lqsnow/blockracing/managers/Block.java (loadTargets)",无
403,TWISTING_VINES,block,1,缠怨藤,,consistent,中文显示“缠怨藤”与 ID（Material.TWISTING_VINES）一致。作为 block 类型目标，requirement 为空符合系统设计规范（物品收集类任务由 Material ID 驱动）。,Game.runPer5Tick 每 5 tick 轮询 checkRedInventory / checkBlueInventory，检查在线队员背包与队伍共享箱是否持有 Material.TWISTING_VINES。该材质在 Paper 26.2 Material 枚举中存在，代码逻辑与静态结构一致。,"src/main/java/top/lqsnow/blockracing/managers/Game.java (checkRedInventory/checkBlueInventory), src/main/java/top/lqsnow/blockracing/managers/Block.java (loadTargets)",无
404,WARPED_PLANKS,block,2,诡异木板,,consistent,中文显示“诡异木板”与 ID（Material.WARPED_PLANKS）一致。作为 block 类型目标，requirement 为空符合系统设计规范（物品收集类任务由 Material ID 驱动）。,Game.runPer5Tick 每 5 tick 轮询 checkRedInventory / checkBlueInventory，检查在线队员背包与队伍共享箱是否持有 Material.WARPED_PLANKS。该材质在 Paper 26.2 Material 枚举中存在，代码逻辑与静态结构一致。,"src/main/java/top/lqsnow/blockracing/managers/Game.java (checkRedInventory/checkBlueInventory), src/main/java/top/lqsnow/blockracing/managers/Block.java (loadTargets)",无
405,CRAFTER,block,1,合成器,,consistent,中文显示“合成器”与 ID（Material.CRAFTER）一致。作为 block 类型目标，requirement 为空符合系统设计规范（物品收集类任务由 Material ID 驱动）。,Game.runPer5Tick 每 5 tick 轮询 checkRedInventory / checkBlueInventory，检查在线队员背包与队伍共享箱是否持有 Material.CRAFTER。该材质在 Paper 26.2 Material 枚举中存在，代码逻辑与静态结构一致。,"src/main/java/top/lqsnow/blockracing/managers/Game.java (checkRedInventory/checkBlueInventory), src/main/java/top/lqsnow/blockracing/managers/Block.java (loadTargets)",无
406,EXPOSED_COPPER_BULB,block,1,斑驳的铜灯,,consistent,中文显示“斑驳的铜灯”与 ID（Material.EXPOSED_COPPER_BULB）一致。作为 block 类型目标，requirement 为空符合系统设计规范（物品收集类任务由 Material ID 驱动）。,Game.runPer5Tick 每 5 tick 轮询 checkRedInventory / checkBlueInventory，检查在线队员背包与队伍共享箱是否持有 Material.EXPOSED_COPPER_BULB。该材质在 Paper 26.2 Material 枚举中存在，代码逻辑与静态结构一致。,"src/main/java/top/lqsnow/blockracing/managers/Game.java (checkRedInventory/checkBlueInventory), src/main/java/top/lqsnow/blockracing/managers/Block.java (loadTargets)",无
407,CLOSED_EYEBLOSSOM,block,2,闭合的眼眸花,,consistent,中文显示“闭合的眼眸花”与 ID（Material.CLOSED_EYEBLOSSOM）一致。作为 block 类型目标，requirement 为空符合系统设计规范（物品收集类任务由 Material ID 驱动）。,Game.runPer5Tick 每 5 tick 轮询 checkRedInventory / checkBlueInventory，检查在线队员背包与队伍共享箱是否持有 Material.CLOSED_EYEBLOSSOM。该材质在 Paper 26.2 Material 枚举中存在，代码逻辑与静态结构一致。,"src/main/java/top/lqsnow/blockracing/managers/Game.java (checkRedInventory/checkBlueInventory), src/main/java/top/lqsnow/blockracing/managers/Block.java (loadTargets)",无
408,PALE_OAK_PLANKS,block,2,苍白橡木木板,,consistent,中文显示“苍白橡木木板”与 ID（Material.PALE_OAK_PLANKS）一致。作为 block 类型目标，requirement 为空符合系统设计规范（物品收集类任务由 Material ID 驱动）。,Game.runPer5Tick 每 5 tick 轮询 checkRedInventory / checkBlueInventory，检查在线队员背包与队伍共享箱是否持有 Material.PALE_OAK_PLANKS。该材质在 Paper 26.2 Material 枚举中存在，代码逻辑与静态结构一致。,"src/main/java/top/lqsnow/blockracing/managers/Game.java (checkRedInventory/checkBlueInventory), src/main/java/top/lqsnow/blockracing/managers/Block.java (loadTargets)",无
409,SHORT_DRY_GRASS,block,1,矮枯草丛,,consistent,中文显示“矮枯草丛”与 ID（Material.SHORT_DRY_GRASS）一致。作为 block 类型目标，requirement 为空符合系统设计规范（物品收集类任务由 Material ID 驱动）。,Game.runPer5Tick 每 5 tick 轮询 checkRedInventory / checkBlueInventory，检查在线队员背包与队伍共享箱是否持有 Material.SHORT_DRY_GRASS。该材质在 Paper 26.2 Material 枚举中存在，代码逻辑与静态结构一致。,"src/main/java/top/lqsnow/blockracing/managers/Game.java (checkRedInventory/checkBlueInventory), src/main/java/top/lqsnow/blockracing/managers/Block.java (loadTargets)",无
410,TALL_DRY_GRASS,block,1,高枯草丛,,consistent,中文显示“高枯草丛”与 ID（Material.TALL_DRY_GRASS）一致。作为 block 类型目标，requirement 为空符合系统设计规范（物品收集类任务由 Material ID 驱动）。,Game.runPer5Tick 每 5 tick 轮询 checkRedInventory / checkBlueInventory，检查在线队员背包与队伍共享箱是否持有 Material.TALL_DRY_GRASS。该材质在 Paper 26.2 Material 枚举中存在，代码逻辑与静态结构一致。,"src/main/java/top/lqsnow/blockracing/managers/Game.java (checkRedInventory/checkBlueInventory), src/main/java/top/lqsnow/blockracing/managers/Block.java (loadTargets)",无
411,CACTUS_FLOWER,block,1,仙人掌花,,consistent,中文显示“仙人掌花”与 ID（Material.CACTUS_FLOWER）一致。作为 block 类型目标，requirement 为空符合系统设计规范（物品收集类任务由 Material ID 驱动）。,Game.runPer5Tick 每 5 tick 轮询 checkRedInventory / checkBlueInventory，检查在线队员背包与队伍共享箱是否持有 Material.CACTUS_FLOWER。该材质在 Paper 26.2 Material 枚举中存在，代码逻辑与静态结构一致。,"src/main/java/top/lqsnow/blockracing/managers/Game.java (checkRedInventory/checkBlueInventory), src/main/java/top/lqsnow/blockracing/managers/Block.java (loadTargets)",无
412,EXPOSED_COPPER_CHEST,block,2,斑驳的铜箱子,,consistent,中文显示“斑驳的铜箱子”与 ID（Material.EXPOSED_COPPER_CHEST）一致。作为 block 类型目标，requirement 为空符合系统设计规范（物品收集类任务由 Material ID 驱动）。,Game.runPer5Tick 每 5 tick 轮询 checkRedInventory / checkBlueInventory，检查在线队员背包与队伍共享箱是否持有 Material.EXPOSED_COPPER_CHEST。该材质在 Paper 26.2 Material 枚举中存在，代码逻辑与静态结构一致。,"src/main/java/top/lqsnow/blockracing/managers/Game.java (checkRedInventory/checkBlueInventory), src/main/java/top/lqsnow/blockracing/managers/Block.java (loadTargets)",无
413,WAXED_COPPER_GOLEM_STATUE,block,2,涂蜡的铜傀儡像,,consistent,中文显示“涂蜡的铜傀儡像”与 ID（Material.WAXED_COPPER_GOLEM_STATUE）一致。作为 block 类型目标，requirement 为空符合系统设计规范（物品收集类任务由 Material ID 驱动）。,Game.runPer5Tick 每 5 tick 轮询 checkRedInventory / checkBlueInventory，检查在线队员背包与队伍共享箱是否持有 Material.WAXED_COPPER_GOLEM_STATUE。该材质在 Paper 26.2 Material 枚举中存在，代码逻辑与静态结构一致。,"src/main/java/top/lqsnow/blockracing/managers/Game.java (checkRedInventory/checkBlueInventory), src/main/java/top/lqsnow/blockracing/managers/Block.java (loadTargets)",无
414,CANDLE,block,1,蜡烛,,consistent,中文显示“蜡烛”与 ID（Material.CANDLE）一致。作为 block 类型目标，requirement 为空符合系统设计规范（物品收集类任务由 Material ID 驱动）。,Game.runPer5Tick 每 5 tick 轮询 checkRedInventory / checkBlueInventory，检查在线队员背包与队伍共享箱是否持有 Material.CANDLE。该材质在 Paper 26.2 Material 枚举中存在，代码逻辑与静态结构一致。,"src/main/java/top/lqsnow/blockracing/managers/Game.java (checkRedInventory/checkBlueInventory), src/main/java/top/lqsnow/blockracing/managers/Block.java (loadTargets)",无
415,BREEZE_ROD,block,2,旋风棒,,consistent,中文显示“旋风棒”与 ID（Material.BREEZE_ROD）一致。作为 block 类型目标，requirement 为空符合系统设计规范（物品收集类任务由 Material ID 驱动）。,Game.runPer5Tick 每 5 tick 轮询 checkRedInventory / checkBlueInventory，检查在线队员背包与队伍共享箱是否持有 Material.BREEZE_ROD。该材质在 Paper 26.2 Material 枚举中存在，代码逻辑与静态结构一致。,"src/main/java/top/lqsnow/blockracing/managers/Game.java (checkRedInventory/checkBlueInventory), src/main/java/top/lqsnow/blockracing/managers/Block.java (loadTargets)",无
416,DIAMOND_BLOCK,block,2,钻石块,,consistent,中文显示“钻石块”与 ID（Material.DIAMOND_BLOCK）一致。作为 block 类型目标，requirement 为空符合系统设计规范（物品收集类任务由 Material ID 驱动）。,Game.runPer5Tick 每 5 tick 轮询 checkRedInventory / checkBlueInventory，检查在线队员背包与队伍共享箱是否持有 Material.DIAMOND_BLOCK。该材质在 Paper 26.2 Material 枚举中存在，代码逻辑与静态结构一致。,"src/main/java/top/lqsnow/blockracing/managers/Game.java (checkRedInventory/checkBlueInventory), src/main/java/top/lqsnow/blockracing/managers/Block.java (loadTargets)",无
417,HEART_OF_THE_SEA,block,2,海洋之心,,consistent,中文显示“海洋之心”与 ID（Material.HEART_OF_THE_SEA）一致。作为 block 类型目标，requirement 为空符合系统设计规范（物品收集类任务由 Material ID 驱动）。,Game.runPer5Tick 每 5 tick 轮询 checkRedInventory / checkBlueInventory，检查在线队员背包与队伍共享箱是否持有 Material.HEART_OF_THE_SEA。该材质在 Paper 26.2 Material 枚举中存在，代码逻辑与静态结构一致。,"src/main/java/top/lqsnow/blockracing/managers/Game.java (checkRedInventory/checkBlueInventory), src/main/java/top/lqsnow/blockracing/managers/Block.java (loadTargets)",无
418,SCULK,block,2,幽匿块,,consistent,中文显示“幽匿块”与 ID（Material.SCULK）一致。作为 block 类型目标，requirement 为空符合系统设计规范（物品收集类任务由 Material ID 驱动）。,Game.runPer5Tick 每 5 tick 轮询 checkRedInventory / checkBlueInventory，检查在线队员背包与队伍共享箱是否持有 Material.SCULK。该材质在 Paper 26.2 Material 枚举中存在，代码逻辑与静态结构一致。,"src/main/java/top/lqsnow/blockracing/managers/Game.java (checkRedInventory/checkBlueInventory), src/main/java/top/lqsnow/blockracing/managers/Block.java (loadTargets)",无
419,SCULK_SHRIEKER,block,2,幽匿尖啸体,,consistent,中文显示“幽匿尖啸体”与 ID（Material.SCULK_SHRIEKER）一致。作为 block 类型目标，requirement 为空符合系统设计规范（物品收集类任务由 Material ID 驱动）。,Game.runPer5Tick 每 5 tick 轮询 checkRedInventory / checkBlueInventory，检查在线队员背包与队伍共享箱是否持有 Material.SCULK_SHRIEKER。该材质在 Paper 26.2 Material 枚举中存在，代码逻辑与静态结构一致。,"src/main/java/top/lqsnow/blockracing/managers/Game.java (checkRedInventory/checkBlueInventory), src/main/java/top/lqsnow/blockracing/managers/Block.java (loadTargets)",无
420,POWDER_SNOW_BUCKET,block,2,细雪桶,,consistent,中文显示“细雪桶”与 ID（Material.POWDER_SNOW_BUCKET）一致。作为 block 类型目标，requirement 为空符合系统设计规范（物品收集类任务由 Material ID 驱动）。,Game.runPer5Tick 每 5 tick 轮询 checkRedInventory / checkBlueInventory，检查在线队员背包与队伍共享箱是否持有 Material.POWDER_SNOW_BUCKET。该材质在 Paper 26.2 Material 枚举中存在，代码逻辑与静态结构一致。,"src/main/java/top/lqsnow/blockracing/managers/Game.java (checkRedInventory/checkBlueInventory), src/main/java/top/lqsnow/blockracing/managers/Block.java (loadTargets)",无
421,COD_BUCKET,block,1,鳕鱼桶,,consistent,中文显示“鳕鱼桶”与 ID（Material.COD_BUCKET）一致。作为 block 类型目标，requirement 为空符合系统设计规范（物品收集类任务由 Material ID 驱动）。,Game.runPer5Tick 每 5 tick 轮询 checkRedInventory / checkBlueInventory，检查在线队员背包与队伍共享箱是否持有 Material.COD_BUCKET。该材质在 Paper 26.2 Material 枚举中存在，代码逻辑与静态结构一致。,"src/main/java/top/lqsnow/blockracing/managers/Game.java (checkRedInventory/checkBlueInventory), src/main/java/top/lqsnow/blockracing/managers/Block.java (loadTargets)",无
422,SALMON_BUCKET,block,1,鲑鱼桶,,consistent,中文显示“鲑鱼桶”与 ID（Material.SALMON_BUCKET）一致。作为 block 类型目标，requirement 为空符合系统设计规范（物品收集类任务由 Material ID 驱动）。,Game.runPer5Tick 每 5 tick 轮询 checkRedInventory / checkBlueInventory，检查在线队员背包与队伍共享箱是否持有 Material.SALMON_BUCKET。该材质在 Paper 26.2 Material 枚举中存在，代码逻辑与静态结构一致。,"src/main/java/top/lqsnow/blockracing/managers/Game.java (checkRedInventory/checkBlueInventory), src/main/java/top/lqsnow/blockracing/managers/Block.java (loadTargets)",无
423,PUFFERFISH_BUCKET,block,2,河豚桶,,consistent,中文显示“河豚桶”与 ID（Material.PUFFERFISH_BUCKET）一致。作为 block 类型目标，requirement 为空符合系统设计规范（物品收集类任务由 Material ID 驱动）。,Game.runPer5Tick 每 5 tick 轮询 checkRedInventory / checkBlueInventory，检查在线队员背包与队伍共享箱是否持有 Material.PUFFERFISH_BUCKET。该材质在 Paper 26.2 Material 枚举中存在，代码逻辑与静态结构一致。,"src/main/java/top/lqsnow/blockracing/managers/Game.java (checkRedInventory/checkBlueInventory), src/main/java/top/lqsnow/blockracing/managers/Block.java (loadTargets)",无
424,TROPICAL_FISH_BUCKET,block,1,热带鱼桶,,consistent,中文显示“热带鱼桶”与 ID（Material.TROPICAL_FISH_BUCKET）一致。作为 block 类型目标，requirement 为空符合系统设计规范（物品收集类任务由 Material ID 驱动）。,Game.runPer5Tick 每 5 tick 轮询 checkRedInventory / checkBlueInventory，检查在线队员背包与队伍共享箱是否持有 Material.TROPICAL_FISH_BUCKET。该材质在 Paper 26.2 Material 枚举中存在，代码逻辑与静态结构一致。,"src/main/java/top/lqsnow/blockracing/managers/Game.java (checkRedInventory/checkBlueInventory), src/main/java/top/lqsnow/blockracing/managers/Block.java (loadTargets)",无
425,SPECTRAL_ARROW,block,1,光灵箭,,consistent,中文显示“光灵箭”与 ID（Material.SPECTRAL_ARROW）一致。作为 block 类型目标，requirement 为空符合系统设计规范（物品收集类任务由 Material ID 驱动）。,Game.runPer5Tick 每 5 tick 轮询 checkRedInventory / checkBlueInventory，检查在线队员背包与队伍共享箱是否持有 Material.SPECTRAL_ARROW。该材质在 Paper 26.2 Material 枚举中存在，代码逻辑与静态结构一致。,"src/main/java/top/lqsnow/blockracing/managers/Game.java (checkRedInventory/checkBlueInventory), src/main/java/top/lqsnow/blockracing/managers/Block.java (loadTargets)",无
426,TIPPED_ARROW,block,1,药箭,,consistent,中文显示“药箭”与 ID（Material.TIPPED_ARROW）一致。作为 block 类型目标，requirement 为空符合系统设计规范（物品收集类任务由 Material ID 驱动）。,Game.runPer5Tick 每 5 tick 轮询 checkRedInventory / checkBlueInventory，检查在线队员背包与队伍共享箱是否持有 Material.TIPPED_ARROW。该材质在 Paper 26.2 Material 枚举中存在，代码逻辑与静态结构一致。,"src/main/java/top/lqsnow/blockracing/managers/Game.java (checkRedInventory/checkBlueInventory), src/main/java/top/lqsnow/blockracing/managers/Block.java (loadTargets)",无
427,EXPERIENCE_BOTTLE,block,2,附魔之瓶,,consistent,中文显示“附魔之瓶”与 ID（Material.EXPERIENCE_BOTTLE）一致。作为 block 类型目标，requirement 为空符合系统设计规范（物品收集类任务由 Material ID 驱动）。,Game.runPer5Tick 每 5 tick 轮询 checkRedInventory / checkBlueInventory，检查在线队员背包与队伍共享箱是否持有 Material.EXPERIENCE_BOTTLE。该材质在 Paper 26.2 Material 枚举中存在，代码逻辑与静态结构一致。,"src/main/java/top/lqsnow/blockracing/managers/Game.java (checkRedInventory/checkBlueInventory), src/main/java/top/lqsnow/blockracing/managers/Block.java (loadTargets)",无
428,SPYGLASS,block,1,望远镜,,consistent,中文显示“望远镜”与 ID（Material.SPYGLASS）一致。作为 block 类型目标，requirement 为空符合系统设计规范（物品收集类任务由 Material ID 驱动）。,Game.runPer5Tick 每 5 tick 轮询 checkRedInventory / checkBlueInventory，检查在线队员背包与队伍共享箱是否持有 Material.SPYGLASS。该材质在 Paper 26.2 Material 枚举中存在，代码逻辑与静态结构一致。,"src/main/java/top/lqsnow/blockracing/managers/Game.java (checkRedInventory/checkBlueInventory), src/main/java/top/lqsnow/blockracing/managers/Block.java (loadTargets)",无
429,RABBIT_HIDE,block,1,兔子皮,,consistent,中文显示“兔子皮”与 ID（Material.RABBIT_HIDE）一致。作为 block 类型目标，requirement 为空符合系统设计规范（物品收集类任务由 Material ID 驱动）。,Game.runPer5Tick 每 5 tick 轮询 checkRedInventory / checkBlueInventory，检查在线队员背包与队伍共享箱是否持有 Material.RABBIT_HIDE。该材质在 Paper 26.2 Material 枚举中存在，代码逻辑与静态结构一致。,"src/main/java/top/lqsnow/blockracing/managers/Game.java (checkRedInventory/checkBlueInventory), src/main/java/top/lqsnow/blockracing/managers/Block.java (loadTargets)",无
430,RABBIT_STEW,block,2,兔肉煲,,consistent,中文显示“兔肉煲”与 ID（Material.RABBIT_STEW）一致。作为 block 类型目标，requirement 为空符合系统设计规范（物品收集类任务由 Material ID 驱动）。,Game.runPer5Tick 每 5 tick 轮询 checkRedInventory / checkBlueInventory，检查在线队员背包与队伍共享箱是否持有 Material.RABBIT_STEW。该材质在 Paper 26.2 Material 枚举中存在，代码逻辑与静态结构一致。,"src/main/java/top/lqsnow/blockracing/managers/Game.java (checkRedInventory/checkBlueInventory), src/main/java/top/lqsnow/blockracing/managers/Block.java (loadTargets)",无
431,NAME_TAG,block,1,命名牌,,consistent,中文显示“命名牌”与 ID（Material.NAME_TAG）一致。作为 block 类型目标，requirement 为空符合系统设计规范（物品收集类任务由 Material ID 驱动）。,Game.runPer5Tick 每 5 tick 轮询 checkRedInventory / checkBlueInventory，检查在线队员背包与队伍共享箱是否持有 Material.NAME_TAG。该材质在 Paper 26.2 Material 枚举中存在，代码逻辑与静态结构一致。,"src/main/java/top/lqsnow/blockracing/managers/Game.java (checkRedInventory/checkBlueInventory), src/main/java/top/lqsnow/blockracing/managers/Block.java (loadTargets)",无
432,POISONOUS_POTATO,block,3,毒马铃薯,,consistent,中文显示“毒马铃薯”与 ID（Material.POISONOUS_POTATO）一致。作为 block 类型目标，requirement 为空符合系统设计规范（物品收集类任务由 Material ID 驱动）。,Game.runPer5Tick 每 5 tick 轮询 checkRedInventory / checkBlueInventory，检查在线队员背包与队伍共享箱是否持有 Material.POISONOUS_POTATO。该材质在 Paper 26.2 Material 枚举中存在，代码逻辑与静态结构一致。,"src/main/java/top/lqsnow/blockracing/managers/Game.java (checkRedInventory/checkBlueInventory), src/main/java/top/lqsnow/blockracing/managers/Block.java (loadTargets)",无
433,FIRE_CHARGE,block,1,火焰弹,,consistent,中文显示“火焰弹”与 ID（Material.FIRE_CHARGE）一致。作为 block 类型目标，requirement 为空符合系统设计规范（物品收集类任务由 Material ID 驱动）。,Game.runPer5Tick 每 5 tick 轮询 checkRedInventory / checkBlueInventory，检查在线队员背包与队伍共享箱是否持有 Material.FIRE_CHARGE。该材质在 Paper 26.2 Material 枚举中存在，代码逻辑与静态结构一致。,"src/main/java/top/lqsnow/blockracing/managers/Game.java (checkRedInventory/checkBlueInventory), src/main/java/top/lqsnow/blockracing/managers/Block.java (loadTargets)",无
434,GOAT_HORN,block,3,山羊角,,consistent,中文显示“山羊角”与 ID（Material.GOAT_HORN）一致。作为 block 类型目标，requirement 为空符合系统设计规范（物品收集类任务由 Material ID 驱动）。,Game.runPer5Tick 每 5 tick 轮询 checkRedInventory / checkBlueInventory，检查在线队员背包与队伍共享箱是否持有 Material.GOAT_HORN。该材质在 Paper 26.2 Material 枚举中存在，代码逻辑与静态结构一致。,"src/main/java/top/lqsnow/blockracing/managers/Game.java (checkRedInventory/checkBlueInventory), src/main/java/top/lqsnow/blockracing/managers/Block.java (loadTargets)",无
435,BLUE_EGG,block,2,寒带鸡蛋,,consistent,中文显示“寒带鸡蛋”与 ID（Material.BLUE_EGG）一致。作为 block 类型目标，requirement 为空符合系统设计规范（物品收集类任务由 Material ID 驱动）。,Game.runPer5Tick 每 5 tick 轮询 checkRedInventory / checkBlueInventory，检查在线队员背包与队伍共享箱是否持有 Material.BLUE_EGG。该材质在 Paper 26.2 Material 枚举中存在，代码逻辑与静态结构一致。,"src/main/java/top/lqsnow/blockracing/managers/Game.java (checkRedInventory/checkBlueInventory), src/main/java/top/lqsnow/blockracing/managers/Block.java (loadTargets)",无
436,BROWN_EGG,block,2,热带鸡蛋,,consistent,中文显示“热带鸡蛋”与 ID（Material.BROWN_EGG）一致。作为 block 类型目标，requirement 为空符合系统设计规范（物品收集类任务由 Material ID 驱动）。,Game.runPer5Tick 每 5 tick 轮询 checkRedInventory / checkBlueInventory，检查在线队员背包与队伍共享箱是否持有 Material.BROWN_EGG。该材质在 Paper 26.2 Material 枚举中存在，代码逻辑与静态结构一致。,"src/main/java/top/lqsnow/blockracing/managers/Game.java (checkRedInventory/checkBlueInventory), src/main/java/top/lqsnow/blockracing/managers/Block.java (loadTargets)",无
437,AMETHYST_CLUSTER,block,1,紫水晶簇,,consistent,中文显示“紫水晶簇”与 ID（Material.AMETHYST_CLUSTER）一致。作为 block 类型目标，requirement 为空符合系统设计规范（物品收集类任务由 Material ID 驱动）。,Game.runPer5Tick 每 5 tick 轮询 checkRedInventory / checkBlueInventory，检查在线队员背包与队伍共享箱是否持有 Material.AMETHYST_CLUSTER。该材质在 Paper 26.2 Material 枚举中存在，代码逻辑与静态结构一致。,"src/main/java/top/lqsnow/blockracing/managers/Game.java (checkRedInventory/checkBlueInventory), src/main/java/top/lqsnow/blockracing/managers/Block.java (loadTargets)",无
438,ANCIENT_DEBRIS,block,3,远古残骸,,consistent,中文显示“远古残骸”与 ID（Material.ANCIENT_DEBRIS）一致。作为 block 类型目标，requirement 为空符合系统设计规范（物品收集类任务由 Material ID 驱动）。,Game.runPer5Tick 每 5 tick 轮询 checkRedInventory / checkBlueInventory，检查在线队员背包与队伍共享箱是否持有 Material.ANCIENT_DEBRIS。该材质在 Paper 26.2 Material 枚举中存在，代码逻辑与静态结构一致。,"src/main/java/top/lqsnow/blockracing/managers/Game.java (checkRedInventory/checkBlueInventory), src/main/java/top/lqsnow/blockracing/managers/Block.java (loadTargets)",无
439,BRAIN_CORAL,block,2,脑纹珊瑚,,consistent,中文显示“脑纹珊瑚”与 ID（Material.BRAIN_CORAL）一致。作为 block 类型目标，requirement 为空符合系统设计规范（物品收集类任务由 Material ID 驱动）。,Game.runPer5Tick 每 5 tick 轮询 checkRedInventory / checkBlueInventory，检查在线队员背包与队伍共享箱是否持有 Material.BRAIN_CORAL。该材质在 Paper 26.2 Material 枚举中存在，代码逻辑与静态结构一致。,"src/main/java/top/lqsnow/blockracing/managers/Game.java (checkRedInventory/checkBlueInventory), src/main/java/top/lqsnow/blockracing/managers/Block.java (loadTargets)",无
440,BRAIN_CORAL_BLOCK,block,2,脑纹珊瑚块,,consistent,中文显示“脑纹珊瑚块”与 ID（Material.BRAIN_CORAL_BLOCK）一致。作为 block 类型目标，requirement 为空符合系统设计规范（物品收集类任务由 Material ID 驱动）。,Game.runPer5Tick 每 5 tick 轮询 checkRedInventory / checkBlueInventory，检查在线队员背包与队伍共享箱是否持有 Material.BRAIN_CORAL_BLOCK。该材质在 Paper 26.2 Material 枚举中存在，代码逻辑与静态结构一致。,"src/main/java/top/lqsnow/blockracing/managers/Game.java (checkRedInventory/checkBlueInventory), src/main/java/top/lqsnow/blockracing/managers/Block.java (loadTargets)",无
441,BRAIN_CORAL_FAN,block,2,脑纹珊瑚扇,,consistent,中文显示“脑纹珊瑚扇”与 ID（Material.BRAIN_CORAL_FAN）一致。作为 block 类型目标，requirement 为空符合系统设计规范（物品收集类任务由 Material ID 驱动）。,Game.runPer5Tick 每 5 tick 轮询 checkRedInventory / checkBlueInventory，检查在线队员背包与队伍共享箱是否持有 Material.BRAIN_CORAL_FAN。该材质在 Paper 26.2 Material 枚举中存在，代码逻辑与静态结构一致。,"src/main/java/top/lqsnow/blockracing/managers/Game.java (checkRedInventory/checkBlueInventory), src/main/java/top/lqsnow/blockracing/managers/Block.java (loadTargets)",无
442,CALIBRATED_SCULK_SENSOR,block,2,校频幽匿感测体,,consistent,中文显示“校频幽匿感测体”与 ID（Material.CALIBRATED_SCULK_SENSOR）一致。作为 block 类型目标，requirement 为空符合系统设计规范（物品收集类任务由 Material ID 驱动）。,Game.runPer5Tick 每 5 tick 轮询 checkRedInventory / checkBlueInventory，检查在线队员背包与队伍共享箱是否持有 Material.CALIBRATED_SCULK_SENSOR。该材质在 Paper 26.2 Material 枚举中存在，代码逻辑与静态结构一致。,"src/main/java/top/lqsnow/blockracing/managers/Game.java (checkRedInventory/checkBlueInventory), src/main/java/top/lqsnow/blockracing/managers/Block.java (loadTargets)",无
443,COAL_ORE,block,1,煤矿石,,consistent,中文显示“煤矿石”与 ID（Material.COAL_ORE）一致。作为 block 类型目标，requirement 为空符合系统设计规范（物品收集类任务由 Material ID 驱动）。,Game.runPer5Tick 每 5 tick 轮询 checkRedInventory / checkBlueInventory，检查在线队员背包与队伍共享箱是否持有 Material.COAL_ORE。该材质在 Paper 26.2 Material 枚举中存在，代码逻辑与静态结构一致。,"src/main/java/top/lqsnow/blockracing/managers/Game.java (checkRedInventory/checkBlueInventory), src/main/java/top/lqsnow/blockracing/managers/Block.java (loadTargets)",无
444,COPPER_ORE,block,1,铜矿石,,consistent,中文显示“铜矿石”与 ID（Material.COPPER_ORE）一致。作为 block 类型目标，requirement 为空符合系统设计规范（物品收集类任务由 Material ID 驱动）。,Game.runPer5Tick 每 5 tick 轮询 checkRedInventory / checkBlueInventory，检查在线队员背包与队伍共享箱是否持有 Material.COPPER_ORE。该材质在 Paper 26.2 Material 枚举中存在，代码逻辑与静态结构一致。,"src/main/java/top/lqsnow/blockracing/managers/Game.java (checkRedInventory/checkBlueInventory), src/main/java/top/lqsnow/blockracing/managers/Block.java (loadTargets)",无
445,DEAD_BRAIN_CORAL,block,2,失活的脑纹珊瑚,,consistent,中文显示“失活的脑纹珊瑚”与 ID（Material.DEAD_BRAIN_CORAL）一致。作为 block 类型目标，requirement 为空符合系统设计规范（物品收集类任务由 Material ID 驱动）。,Game.runPer5Tick 每 5 tick 轮询 checkRedInventory / checkBlueInventory，检查在线队员背包与队伍共享箱是否持有 Material.DEAD_BRAIN_CORAL。该材质在 Paper 26.2 Material 枚举中存在，代码逻辑与静态结构一致。,"src/main/java/top/lqsnow/blockracing/managers/Game.java (checkRedInventory/checkBlueInventory), src/main/java/top/lqsnow/blockracing/managers/Block.java (loadTargets)",无
446,DEAD_BRAIN_CORAL_BLOCK,block,2,失活的脑纹珊瑚块,,consistent,中文显示“失活的脑纹珊瑚块”与 ID（Material.DEAD_BRAIN_CORAL_BLOCK）一致。作为 block 类型目标，requirement 为空符合系统设计规范（物品收集类任务由 Material ID 驱动）。,Game.runPer5Tick 每 5 tick 轮询 checkRedInventory / checkBlueInventory，检查在线队员背包与队伍共享箱是否持有 Material.DEAD_BRAIN_CORAL_BLOCK。该材质在 Paper 26.2 Material 枚举中存在，代码逻辑与静态结构一致。,"src/main/java/top/lqsnow/blockracing/managers/Game.java (checkRedInventory/checkBlueInventory), src/main/java/top/lqsnow/blockracing/managers/Block.java (loadTargets)",无
447,DEAD_BRAIN_CORAL_FAN,block,2,失活的脑纹珊瑚扇,,consistent,中文显示“失活的脑纹珊瑚扇”与 ID（Material.DEAD_BRAIN_CORAL_FAN）一致。作为 block 类型目标，requirement 为空符合系统设计规范（物品收集类任务由 Material ID 驱动）。,Game.runPer5Tick 每 5 tick 轮询 checkRedInventory / checkBlueInventory，检查在线队员背包与队伍共享箱是否持有 Material.DEAD_BRAIN_CORAL_FAN。该材质在 Paper 26.2 Material 枚举中存在，代码逻辑与静态结构一致。,"src/main/java/top/lqsnow/blockracing/managers/Game.java (checkRedInventory/checkBlueInventory), src/main/java/top/lqsnow/blockracing/managers/Block.java (loadTargets)",无
448,DEEPSLATE_COPPER_ORE,block,1,深层铜矿石,,consistent,中文显示“深层铜矿石”与 ID（Material.DEEPSLATE_COPPER_ORE）一致。作为 block 类型目标，requirement 为空符合系统设计规范（物品收集类任务由 Material ID 驱动）。,Game.runPer5Tick 每 5 tick 轮询 checkRedInventory / checkBlueInventory，检查在线队员背包与队伍共享箱是否持有 Material.DEEPSLATE_COPPER_ORE。该材质在 Paper 26.2 Material 枚举中存在，代码逻辑与静态结构一致。,"src/main/java/top/lqsnow/blockracing/managers/Game.java (checkRedInventory/checkBlueInventory), src/main/java/top/lqsnow/blockracing/managers/Block.java (loadTargets)",无
449,DEEPSLATE_DIAMOND_ORE,block,1,深层钻石矿石,,consistent,中文显示“深层钻石矿石”与 ID（Material.DEEPSLATE_DIAMOND_ORE）一致。作为 block 类型目标，requirement 为空符合系统设计规范（物品收集类任务由 Material ID 驱动）。,Game.runPer5Tick 每 5 tick 轮询 checkRedInventory / checkBlueInventory，检查在线队员背包与队伍共享箱是否持有 Material.DEEPSLATE_DIAMOND_ORE。该材质在 Paper 26.2 Material 枚举中存在，代码逻辑与静态结构一致。,"src/main/java/top/lqsnow/blockracing/managers/Game.java (checkRedInventory/checkBlueInventory), src/main/java/top/lqsnow/blockracing/managers/Block.java (loadTargets)",无
450,DEEPSLATE_GOLD_ORE,block,1,深层金矿石,,consistent,中文显示“深层金矿石”与 ID（Material.DEEPSLATE_GOLD_ORE）一致。作为 block 类型目标，requirement 为空符合系统设计规范（物品收集类任务由 Material ID 驱动）。,Game.runPer5Tick 每 5 tick 轮询 checkRedInventory / checkBlueInventory，检查在线队员背包与队伍共享箱是否持有 Material.DEEPSLATE_GOLD_ORE。该材质在 Paper 26.2 Material 枚举中存在，代码逻辑与静态结构一致。,"src/main/java/top/lqsnow/blockracing/managers/Game.java (checkRedInventory/checkBlueInventory), src/main/java/top/lqsnow/blockracing/managers/Block.java (loadTargets)",无
451,DEEPSLATE_IRON_ORE,block,1,深层铁矿石,,consistent,中文显示“深层铁矿石”与 ID（Material.DEEPSLATE_IRON_ORE）一致。作为 block 类型目标，requirement 为空符合系统设计规范（物品收集类任务由 Material ID 驱动）。,Game.runPer5Tick 每 5 tick 轮询 checkRedInventory / checkBlueInventory，检查在线队员背包与队伍共享箱是否持有 Material.DEEPSLATE_IRON_ORE。该材质在 Paper 26.2 Material 枚举中存在，代码逻辑与静态结构一致。,"src/main/java/top/lqsnow/blockracing/managers/Game.java (checkRedInventory/checkBlueInventory), src/main/java/top/lqsnow/blockracing/managers/Block.java (loadTargets)",无
452,DEEPSLATE_REDSTONE_ORE,block,1,深层红石矿石,,consistent,中文显示“深层红石矿石”与 ID（Material.DEEPSLATE_REDSTONE_ORE）一致。作为 block 类型目标，requirement 为空符合系统设计规范（物品收集类任务由 Material ID 驱动）。,Game.runPer5Tick 每 5 tick 轮询 checkRedInventory / checkBlueInventory，检查在线队员背包与队伍共享箱是否持有 Material.DEEPSLATE_REDSTONE_ORE。该材质在 Paper 26.2 Material 枚举中存在，代码逻辑与静态结构一致。,"src/main/java/top/lqsnow/blockracing/managers/Game.java (checkRedInventory/checkBlueInventory), src/main/java/top/lqsnow/blockracing/managers/Block.java (loadTargets)",无
453,EMERALD_ORE,block,2,绿宝石矿石,,consistent,中文显示“绿宝石矿石”与 ID（Material.EMERALD_ORE）一致。作为 block 类型目标，requirement 为空符合系统设计规范（物品收集类任务由 Material ID 驱动）。,Game.runPer5Tick 每 5 tick 轮询 checkRedInventory / checkBlueInventory，检查在线队员背包与队伍共享箱是否持有 Material.EMERALD_ORE。该材质在 Paper 26.2 Material 枚举中存在，代码逻辑与静态结构一致。,"src/main/java/top/lqsnow/blockracing/managers/Game.java (checkRedInventory/checkBlueInventory), src/main/java/top/lqsnow/blockracing/managers/Block.java (loadTargets)",无
454,GOLD_ORE,block,1,金矿石,,consistent,中文显示“金矿石”与 ID（Material.GOLD_ORE）一致。作为 block 类型目标，requirement 为空符合系统设计规范（物品收集类任务由 Material ID 驱动）。,Game.runPer5Tick 每 5 tick 轮询 checkRedInventory / checkBlueInventory，检查在线队员背包与队伍共享箱是否持有 Material.GOLD_ORE。该材质在 Paper 26.2 Material 枚举中存在，代码逻辑与静态结构一致。,"src/main/java/top/lqsnow/blockracing/managers/Game.java (checkRedInventory/checkBlueInventory), src/main/java/top/lqsnow/blockracing/managers/Block.java (loadTargets)",无
455,GRASS_BLOCK,block,1,草方块,,consistent,中文显示“草方块”与 ID（Material.GRASS_BLOCK）一致。作为 block 类型目标，requirement 为空符合系统设计规范（物品收集类任务由 Material ID 驱动）。,Game.runPer5Tick 每 5 tick 轮询 checkRedInventory / checkBlueInventory，检查在线队员背包与队伍共享箱是否持有 Material.GRASS_BLOCK。该材质在 Paper 26.2 Material 枚举中存在，代码逻辑与静态结构一致。,"src/main/java/top/lqsnow/blockracing/managers/Game.java (checkRedInventory/checkBlueInventory), src/main/java/top/lqsnow/blockracing/managers/Block.java (loadTargets)",无
456,IRON_ORE,block,1,铁矿石,,consistent,中文显示“铁矿石”与 ID（Material.IRON_ORE）一致。作为 block 类型目标，requirement 为空符合系统设计规范（物品收集类任务由 Material ID 驱动）。,Game.runPer5Tick 每 5 tick 轮询 checkRedInventory / checkBlueInventory，检查在线队员背包与队伍共享箱是否持有 Material.IRON_ORE。该材质在 Paper 26.2 Material 枚举中存在，代码逻辑与静态结构一致。,"src/main/java/top/lqsnow/blockracing/managers/Game.java (checkRedInventory/checkBlueInventory), src/main/java/top/lqsnow/blockracing/managers/Block.java (loadTargets)",无
457,MUSHROOM_STEM,block,1,蘑菇柄,,consistent,中文显示“蘑菇柄”与 ID（Material.MUSHROOM_STEM）一致。作为 block 类型目标，requirement 为空符合系统设计规范（物品收集类任务由 Material ID 驱动）。,Game.runPer5Tick 每 5 tick 轮询 checkRedInventory / checkBlueInventory，检查在线队员背包与队伍共享箱是否持有 Material.MUSHROOM_STEM。该材质在 Paper 26.2 Material 枚举中存在，代码逻辑与静态结构一致。,"src/main/java/top/lqsnow/blockracing/managers/Game.java (checkRedInventory/checkBlueInventory), src/main/java/top/lqsnow/blockracing/managers/Block.java (loadTargets)",无
458,NETHER_GOLD_ORE,block,1,下界金矿石,,consistent,中文显示“下界金矿石”与 ID（Material.NETHER_GOLD_ORE）一致。作为 block 类型目标，requirement 为空符合系统设计规范（物品收集类任务由 Material ID 驱动）。,Game.runPer5Tick 每 5 tick 轮询 checkRedInventory / checkBlueInventory，检查在线队员背包与队伍共享箱是否持有 Material.NETHER_GOLD_ORE。该材质在 Paper 26.2 Material 枚举中存在，代码逻辑与静态结构一致。,"src/main/java/top/lqsnow/blockracing/managers/Game.java (checkRedInventory/checkBlueInventory), src/main/java/top/lqsnow/blockracing/managers/Block.java (loadTargets)",无
459,NETHER_QUARTZ_ORE,block,1,下界石英矿石,,consistent,中文显示“下界石英矿石”与 ID（Material.NETHER_QUARTZ_ORE）一致。作为 block 类型目标，requirement 为空符合系统设计规范（物品收集类任务由 Material ID 驱动）。,Game.runPer5Tick 每 5 tick 轮询 checkRedInventory / checkBlueInventory，检查在线队员背包与队伍共享箱是否持有 Material.NETHER_QUARTZ_ORE。该材质在 Paper 26.2 Material 枚举中存在，代码逻辑与静态结构一致。,"src/main/java/top/lqsnow/blockracing/managers/Game.java (checkRedInventory/checkBlueInventory), src/main/java/top/lqsnow/blockracing/managers/Block.java (loadTargets)",无
460,PODZOL,block,1,灰化土,,consistent,中文显示“灰化土”与 ID（Material.PODZOL）一致。作为 block 类型目标，requirement 为空符合系统设计规范（物品收集类任务由 Material ID 驱动）。,Game.runPer5Tick 每 5 tick 轮询 checkRedInventory / checkBlueInventory，检查在线队员背包与队伍共享箱是否持有 Material.PODZOL。该材质在 Paper 26.2 Material 枚举中存在，代码逻辑与静态结构一致。,"src/main/java/top/lqsnow/blockracing/managers/Game.java (checkRedInventory/checkBlueInventory), src/main/java/top/lqsnow/blockracing/managers/Block.java (loadTargets)",无
461,REDSTONE_ORE,block,1,红石矿石,,consistent,中文显示“红石矿石”与 ID（Material.REDSTONE_ORE）一致。作为 block 类型目标，requirement 为空符合系统设计规范（物品收集类任务由 Material ID 驱动）。,Game.runPer5Tick 每 5 tick 轮询 checkRedInventory / checkBlueInventory，检查在线队员背包与队伍共享箱是否持有 Material.REDSTONE_ORE。该材质在 Paper 26.2 Material 枚举中存在，代码逻辑与静态结构一致。,"src/main/java/top/lqsnow/blockracing/managers/Game.java (checkRedInventory/checkBlueInventory), src/main/java/top/lqsnow/blockracing/managers/Block.java (loadTargets)",无
462,SMALL_AMETHYST_BUD,block,1,小型紫晶芽,,consistent,中文显示“小型紫晶芽”与 ID（Material.SMALL_AMETHYST_BUD）一致。作为 block 类型目标，requirement 为空符合系统设计规范（物品收集类任务由 Material ID 驱动）。,Game.runPer5Tick 每 5 tick 轮询 checkRedInventory / checkBlueInventory，检查在线队员背包与队伍共享箱是否持有 Material.SMALL_AMETHYST_BUD。该材质在 Paper 26.2 Material 枚举中存在，代码逻辑与静态结构一致。,"src/main/java/top/lqsnow/blockracing/managers/Game.java (checkRedInventory/checkBlueInventory), src/main/java/top/lqsnow/blockracing/managers/Block.java (loadTargets)",无
463,SPONGE,block,2,海绵,,consistent,中文显示“海绵”与 ID（Material.SPONGE）一致。作为 block 类型目标，requirement 为空符合系统设计规范（物品收集类任务由 Material ID 驱动）。,Game.runPer5Tick 每 5 tick 轮询 checkRedInventory / checkBlueInventory，检查在线队员背包与队伍共享箱是否持有 Material.SPONGE。该材质在 Paper 26.2 Material 枚举中存在，代码逻辑与静态结构一致。,"src/main/java/top/lqsnow/blockracing/managers/Game.java (checkRedInventory/checkBlueInventory), src/main/java/top/lqsnow/blockracing/managers/Block.java (loadTargets)",无
464,TURTLE_EGG,block,2,海龟蛋,,consistent,中文显示“海龟蛋”与 ID（Material.TURTLE_EGG）一致。作为 block 类型目标，requirement 为空符合系统设计规范（物品收集类任务由 Material ID 驱动）。,Game.runPer5Tick 每 5 tick 轮询 checkRedInventory / checkBlueInventory，检查在线队员背包与队伍共享箱是否持有 Material.TURTLE_EGG。该材质在 Paper 26.2 Material 枚举中存在，代码逻辑与静态结构一致。,"src/main/java/top/lqsnow/blockracing/managers/Game.java (checkRedInventory/checkBlueInventory), src/main/java/top/lqsnow/blockracing/managers/Block.java (loadTargets)",无
465,WET_SPONGE,block,2,湿海绵,,consistent,中文显示“湿海绵”与 ID（Material.WET_SPONGE）一致。作为 block 类型目标，requirement 为空符合系统设计规范（物品收集类任务由 Material ID 驱动）。,Game.runPer5Tick 每 5 tick 轮询 checkRedInventory / checkBlueInventory，检查在线队员背包与队伍共享箱是否持有 Material.WET_SPONGE。该材质在 Paper 26.2 Material 枚举中存在，代码逻辑与静态结构一致。,"src/main/java/top/lqsnow/blockracing/managers/Game.java (checkRedInventory/checkBlueInventory), src/main/java/top/lqsnow/blockracing/managers/Block.java (loadTargets)",无
466,WAXED_EXPOSED_CHISELED_COPPER,block,1,涂蜡的斑驳雕纹铜块,,consistent,中文显示“涂蜡的斑驳雕纹铜块”与 ID（Material.WAXED_EXPOSED_CHISELED_COPPER）一致。作为 block 类型目标，requirement 为空符合系统设计规范（物品收集类任务由 Material ID 驱动）。,Game.runPer5Tick 每 5 tick 轮询 checkRedInventory / checkBlueInventory，检查在线队员背包与队伍共享箱是否持有 Material.WAXED_EXPOSED_CHISELED_COPPER。该材质在 Paper 26.2 Material 枚举中存在，代码逻辑与静态结构一致。,"src/main/java/top/lqsnow/blockracing/managers/Game.java (checkRedInventory/checkBlueInventory), src/main/java/top/lqsnow/blockracing/managers/Block.java (loadTargets)",无
467,WAXED_EXPOSED_COPPER,block,1,涂蜡的斑驳铜块,,consistent,中文显示“涂蜡的斑驳铜块”与 ID（Material.WAXED_EXPOSED_COPPER）一致。作为 block 类型目标，requirement 为空符合系统设计规范（物品收集类任务由 Material ID 驱动）。,Game.runPer5Tick 每 5 tick 轮询 checkRedInventory / checkBlueInventory，检查在线队员背包与队伍共享箱是否持有 Material.WAXED_EXPOSED_COPPER。该材质在 Paper 26.2 Material 枚举中存在，代码逻辑与静态结构一致。,"src/main/java/top/lqsnow/blockracing/managers/Game.java (checkRedInventory/checkBlueInventory), src/main/java/top/lqsnow/blockracing/managers/Block.java (loadTargets)",无
468,WAXED_EXPOSED_COPPER_TRAPDOOR,block,2,涂蜡的斑驳铜活板门,,consistent,中文显示“涂蜡的斑驳铜活板门”与 ID（Material.WAXED_EXPOSED_COPPER_TRAPDOOR）一致。作为 block 类型目标，requirement 为空符合系统设计规范（物品收集类任务由 Material ID 驱动）。,Game.runPer5Tick 每 5 tick 轮询 checkRedInventory / checkBlueInventory，检查在线队员背包与队伍共享箱是否持有 Material.WAXED_EXPOSED_COPPER_TRAPDOOR。该材质在 Paper 26.2 Material 枚举中存在，代码逻辑与静态结构一致。,"src/main/java/top/lqsnow/blockracing/managers/Game.java (checkRedInventory/checkBlueInventory), src/main/java/top/lqsnow/blockracing/managers/Block.java (loadTargets)",无
469,WAXED_EXPOSED_CUT_COPPER_STAIRS,block,1,涂蜡的斑驳切制铜楼梯,,consistent,中文显示“涂蜡的斑驳切制铜楼梯”与 ID（Material.WAXED_EXPOSED_CUT_COPPER_STAIRS）一致。作为 block 类型目标，requirement 为空符合系统设计规范（物品收集类任务由 Material ID 驱动）。,Game.runPer5Tick 每 5 tick 轮询 checkRedInventory / checkBlueInventory，检查在线队员背包与队伍共享箱是否持有 Material.WAXED_EXPOSED_CUT_COPPER_STAIRS。该材质在 Paper 26.2 Material 枚举中存在，代码逻辑与静态结构一致。,"src/main/java/top/lqsnow/blockracing/managers/Game.java (checkRedInventory/checkBlueInventory), src/main/java/top/lqsnow/blockracing/managers/Block.java (loadTargets)",无
470,CREAKING_HEART,block,2,嘎枝之心,,consistent,中文显示“嘎枝之心”与 ID（Material.CREAKING_HEART）一致。作为 block 类型目标，requirement 为空符合系统设计规范（物品收集类任务由 Material ID 驱动）。,Game.runPer5Tick 每 5 tick 轮询 checkRedInventory / checkBlueInventory，检查在线队员背包与队伍共享箱是否持有 Material.CREAKING_HEART。该材质在 Paper 26.2 Material 枚举中存在，代码逻辑与静态结构一致。,"src/main/java/top/lqsnow/blockracing/managers/Game.java (checkRedInventory/checkBlueInventory), src/main/java/top/lqsnow/blockracing/managers/Block.java (loadTargets)",无
471,RESIN_BLOCK,block,2,树脂块,,consistent,中文显示“树脂块”与 ID（Material.RESIN_BLOCK）一致。作为 block 类型目标，requirement 为空符合系统设计规范（物品收集类任务由 Material ID 驱动）。,Game.runPer5Tick 每 5 tick 轮询 checkRedInventory / checkBlueInventory，检查在线队员背包与队伍共享箱是否持有 Material.RESIN_BLOCK。该材质在 Paper 26.2 Material 枚举中存在，代码逻辑与静态结构一致。,"src/main/java/top/lqsnow/blockracing/managers/Game.java (checkRedInventory/checkBlueInventory), src/main/java/top/lqsnow/blockracing/managers/Block.java (loadTargets)",无
472,DRIED_GHAST,block,2,失水恶魂,,consistent,中文显示“失水恶魂”与 ID（Material.DRIED_GHAST）一致。作为 block 类型目标，requirement 为空符合系统设计规范（物品收集类任务由 Material ID 驱动）。,Game.runPer5Tick 每 5 tick 轮询 checkRedInventory / checkBlueInventory，检查在线队员背包与队伍共享箱是否持有 Material.DRIED_GHAST。该材质在 Paper 26.2 Material 枚举中存在，代码逻辑与静态结构一致。,"src/main/java/top/lqsnow/blockracing/managers/Game.java (checkRedInventory/checkBlueInventory), src/main/java/top/lqsnow/blockracing/managers/Block.java (loadTargets)",无
473,WAXED_EXPOSED_COPPER_CHEST,block,1,涂蜡的斑驳铜箱子,,consistent,中文显示“涂蜡的斑驳铜箱子”与 ID（Material.WAXED_EXPOSED_COPPER_CHEST）一致。作为 block 类型目标，requirement 为空符合系统设计规范（物品收集类任务由 Material ID 驱动）。,Game.runPer5Tick 每 5 tick 轮询 checkRedInventory / checkBlueInventory，检查在线队员背包与队伍共享箱是否持有 Material.WAXED_EXPOSED_COPPER_CHEST。该材质在 Paper 26.2 Material 枚举中存在，代码逻辑与静态结构一致。,"src/main/java/top/lqsnow/blockracing/managers/Game.java (checkRedInventory/checkBlueInventory), src/main/java/top/lqsnow/blockracing/managers/Block.java (loadTargets)",无
474,WAXED_EXPOSED_LIGHTNING_ROD,block,2,涂蜡的斑驳避雷针,,consistent,中文显示“涂蜡的斑驳避雷针”与 ID（Material.WAXED_EXPOSED_LIGHTNING_ROD）一致。作为 block 类型目标，requirement 为空符合系统设计规范（物品收集类任务由 Material ID 驱动）。,Game.runPer5Tick 每 5 tick 轮询 checkRedInventory / checkBlueInventory，检查在线队员背包与队伍共享箱是否持有 Material.WAXED_EXPOSED_LIGHTNING_ROD。该材质在 Paper 26.2 Material 枚举中存在，代码逻辑与静态结构一致。,"src/main/java/top/lqsnow/blockracing/managers/Game.java (checkRedInventory/checkBlueInventory), src/main/java/top/lqsnow/blockracing/managers/Block.java (loadTargets)",无
475,WAXED_EXPOSED_COPPER_GOLEM_STATUE,block,1,涂蜡的斑驳铜傀儡像,,consistent,中文显示“涂蜡的斑驳铜傀儡像”与 ID（Material.WAXED_EXPOSED_COPPER_GOLEM_STATUE）一致。作为 block 类型目标，requirement 为空符合系统设计规范（物品收集类任务由 Material ID 驱动）。,Game.runPer5Tick 每 5 tick 轮询 checkRedInventory / checkBlueInventory，检查在线队员背包与队伍共享箱是否持有 Material.WAXED_EXPOSED_COPPER_GOLEM_STATUE。该材质在 Paper 26.2 Material 枚举中存在，代码逻辑与静态结构一致。,"src/main/java/top/lqsnow/blockracing/managers/Game.java (checkRedInventory/checkBlueInventory), src/main/java/top/lqsnow/blockracing/managers/Block.java (loadTargets)",无
476,LAPIS_ORE,block,1,青金石矿石,,consistent,中文显示“青金石矿石”与 ID（Material.LAPIS_ORE）一致。作为 block 类型目标，requirement 为空符合系统设计规范（物品收集类任务由 Material ID 驱动）。,Game.runPer5Tick 每 5 tick 轮询 checkRedInventory / checkBlueInventory，检查在线队员背包与队伍共享箱是否持有 Material.LAPIS_ORE。该材质在 Paper 26.2 Material 枚举中存在，代码逻辑与静态结构一致。,"src/main/java/top/lqsnow/blockracing/managers/Game.java (checkRedInventory/checkBlueInventory), src/main/java/top/lqsnow/blockracing/managers/Block.java (loadTargets)",无
477,DEEPSLATE_LAPIS_ORE,block,1,深层青金石矿石,,consistent,中文显示“深层青金石矿石”与 ID（Material.DEEPSLATE_LAPIS_ORE）一致。作为 block 类型目标，requirement 为空符合系统设计规范（物品收集类任务由 Material ID 驱动）。,Game.runPer5Tick 每 5 tick 轮询 checkRedInventory / checkBlueInventory，检查在线队员背包与队伍共享箱是否持有 Material.DEEPSLATE_LAPIS_ORE。该材质在 Paper 26.2 Material 枚举中存在，代码逻辑与静态结构一致。,"src/main/java/top/lqsnow/blockracing/managers/Game.java (checkRedInventory/checkBlueInventory), src/main/java/top/lqsnow/blockracing/managers/Block.java (loadTargets)",无
478,NAUTILUS_SHELL,block,3,鹦鹉螺壳,,consistent,中文显示“鹦鹉螺壳”与 ID（Material.NAUTILUS_SHELL）一致。作为 block 类型目标，requirement 为空符合系统设计规范（物品收集类任务由 Material ID 驱动）。,Game.runPer5Tick 每 5 tick 轮询 checkRedInventory / checkBlueInventory，检查在线队员背包与队伍共享箱是否持有 Material.NAUTILUS_SHELL。该材质在 Paper 26.2 Material 枚举中存在，代码逻辑与静态结构一致。,"src/main/java/top/lqsnow/blockracing/managers/Game.java (checkRedInventory/checkBlueInventory), src/main/java/top/lqsnow/blockracing/managers/Block.java (loadTargets)",无
479,WITHER_SKELETON_SKULL,block,5,凋灵骷髅头颅,,consistent,中文显示“凋灵骷髅头颅”与 ID（Material.WITHER_SKELETON_SKULL）一致。作为 block 类型目标，requirement 为空符合系统设计规范（物品收集类任务由 Material ID 驱动）。,Game.runPer5Tick 每 5 tick 轮询 checkRedInventory / checkBlueInventory，检查在线队员背包与队伍共享箱是否持有 Material.WITHER_SKELETON_SKULL。该材质在 Paper 26.2 Material 枚举中存在，代码逻辑与静态结构一致。,"src/main/java/top/lqsnow/blockracing/managers/Game.java (checkRedInventory/checkBlueInventory), src/main/java/top/lqsnow/blockracing/managers/Block.java (loadTargets)",无
480,OMINOUS_BOTTLE,block,2,不祥之瓶,,consistent,中文显示“不祥之瓶”与 ID（Material.OMINOUS_BOTTLE）一致。作为 block 类型目标，requirement 为空符合系统设计规范（物品收集类任务由 Material ID 驱动）。,Game.runPer5Tick 每 5 tick 轮询 checkRedInventory / checkBlueInventory，检查在线队员背包与队伍共享箱是否持有 Material.OMINOUS_BOTTLE。该材质在 Paper 26.2 Material 枚举中存在，代码逻辑与静态结构一致。,"src/main/java/top/lqsnow/blockracing/managers/Game.java (checkRedInventory/checkBlueInventory), src/main/java/top/lqsnow/blockracing/managers/Block.java (loadTargets)",无
481,ECHO_SHARD,block,2,回响碎片,,consistent,中文显示“回响碎片”与 ID（Material.ECHO_SHARD）一致。作为 block 类型目标，requirement 为空符合系统设计规范（物品收集类任务由 Material ID 驱动）。,Game.runPer5Tick 每 5 tick 轮询 checkRedInventory / checkBlueInventory，检查在线队员背包与队伍共享箱是否持有 Material.ECHO_SHARD。该材质在 Paper 26.2 Material 枚举中存在，代码逻辑与静态结构一致。,"src/main/java/top/lqsnow/blockracing/managers/Game.java (checkRedInventory/checkBlueInventory), src/main/java/top/lqsnow/blockracing/managers/Block.java (loadTargets)",无
482,RECOVERY_COMPASS,block,3,追溯指针,,consistent,中文显示“追溯指针”与 ID（Material.RECOVERY_COMPASS）一致。作为 block 类型目标，requirement 为空符合系统设计规范（物品收集类任务由 Material ID 驱动）。,Game.runPer5Tick 每 5 tick 轮询 checkRedInventory / checkBlueInventory，检查在线队员背包与队伍共享箱是否持有 Material.RECOVERY_COMPASS。该材质在 Paper 26.2 Material 枚举中存在，代码逻辑与静态结构一致。,"src/main/java/top/lqsnow/blockracing/managers/Game.java (checkRedInventory/checkBlueInventory), src/main/java/top/lqsnow/blockracing/managers/Block.java (loadTargets)",无
483,TOTEM_OF_UNDYING,block,4,不死图腾,,consistent,中文显示“不死图腾”与 ID（Material.TOTEM_OF_UNDYING）一致。作为 block 类型目标，requirement 为空符合系统设计规范（物品收集类任务由 Material ID 驱动）。,Game.runPer5Tick 每 5 tick 轮询 checkRedInventory / checkBlueInventory，检查在线队员背包与队伍共享箱是否持有 Material.TOTEM_OF_UNDYING。该材质在 Paper 26.2 Material 枚举中存在，代码逻辑与静态结构一致。,"src/main/java/top/lqsnow/blockracing/managers/Game.java (checkRedInventory/checkBlueInventory), src/main/java/top/lqsnow/blockracing/managers/Block.java (loadTargets)",无
484,NETHERITE_UPGRADE_SMITHING_TEMPLATE,block,3,下界合金升级锻造模板,,consistent,中文显示“下界合金升级锻造模板”与 ID（Material.NETHERITE_UPGRADE_SMITHING_TEMPLATE）一致。作为 block 类型目标，requirement 为空符合系统设计规范（物品收集类任务由 Material ID 驱动）。,Game.runPer5Tick 每 5 tick 轮询 checkRedInventory / checkBlueInventory，检查在线队员背包与队伍共享箱是否持有 Material.NETHERITE_UPGRADE_SMITHING_TEMPLATE。该材质在 Paper 26.2 Material 枚举中存在，代码逻辑与静态结构一致。,"src/main/java/top/lqsnow/blockracing/managers/Game.java (checkRedInventory/checkBlueInventory), src/main/java/top/lqsnow/blockracing/managers/Block.java (loadTargets)",无
485,NETHERITE_INGOT,block,4,下界合金锭,,consistent,中文显示“下界合金锭”与 ID（Material.NETHERITE_INGOT）一致。作为 block 类型目标，requirement 为空符合系统设计规范（物品收集类任务由 Material ID 驱动）。,Game.runPer5Tick 每 5 tick 轮询 checkRedInventory / checkBlueInventory，检查在线队员背包与队伍共享箱是否持有 Material.NETHERITE_INGOT。该材质在 Paper 26.2 Material 枚举中存在，代码逻辑与静态结构一致。,"src/main/java/top/lqsnow/blockracing/managers/Game.java (checkRedInventory/checkBlueInventory), src/main/java/top/lqsnow/blockracing/managers/Block.java (loadTargets)",无
486,NETHERITE_BLOCK,block,10,下界合金块,,consistent,中文显示“下界合金块”与 ID（Material.NETHERITE_BLOCK）一致。作为 block 类型目标，requirement 为空符合系统设计规范（物品收集类任务由 Material ID 驱动）。,Game.runPer5Tick 每 5 tick 轮询 checkRedInventory / checkBlueInventory，检查在线队员背包与队伍共享箱是否持有 Material.NETHERITE_BLOCK。该材质在 Paper 26.2 Material 枚举中存在，代码逻辑与静态结构一致。,"src/main/java/top/lqsnow/blockracing/managers/Game.java (checkRedInventory/checkBlueInventory), src/main/java/top/lqsnow/blockracing/managers/Block.java (loadTargets)",无
487,TRIDENT,block,7,三叉戟,,consistent,中文显示“三叉戟”与 ID（Material.TRIDENT）一致。作为 block 类型目标，requirement 为空符合系统设计规范（物品收集类任务由 Material ID 驱动）。,Game.runPer5Tick 每 5 tick 轮询 checkRedInventory / checkBlueInventory，检查在线队员背包与队伍共享箱是否持有 Material.TRIDENT。该材质在 Paper 26.2 Material 枚举中存在，代码逻辑与静态结构一致。,"src/main/java/top/lqsnow/blockracing/managers/Game.java (checkRedInventory/checkBlueInventory), src/main/java/top/lqsnow/blockracing/managers/Block.java (loadTargets)",无
488,MACE,block,20,重锤,,consistent,中文显示“重锤”与 ID（Material.MACE）一致。作为 block 类型目标，requirement 为空符合系统设计规范（物品收集类任务由 Material ID 驱动）。,Game.runPer5Tick 每 5 tick 轮询 checkRedInventory / checkBlueInventory，检查在线队员背包与队伍共享箱是否持有 Material.MACE。该材质在 Paper 26.2 Material 枚举中存在，代码逻辑与静态结构一致。,"src/main/java/top/lqsnow/blockracing/managers/Game.java (checkRedInventory/checkBlueInventory), src/main/java/top/lqsnow/blockracing/managers/Block.java (loadTargets)",无
489,SNIFFER_EGG,block,5,嗅探兽蛋,,consistent,中文显示“嗅探兽蛋”与 ID（Material.SNIFFER_EGG）一致。作为 block 类型目标，requirement 为空符合系统设计规范（物品收集类任务由 Material ID 驱动）。,Game.runPer5Tick 每 5 tick 轮询 checkRedInventory / checkBlueInventory，检查在线队员背包与队伍共享箱是否持有 Material.SNIFFER_EGG。该材质在 Paper 26.2 Material 枚举中存在，代码逻辑与静态结构一致。,"src/main/java/top/lqsnow/blockracing/managers/Game.java (checkRedInventory/checkBlueInventory), src/main/java/top/lqsnow/blockracing/managers/Block.java (loadTargets)",无
490,RABBIT_FOOT,block,3,兔子脚,,consistent,中文显示“兔子脚”与 ID（Material.RABBIT_FOOT）一致。作为 block 类型目标，requirement 为空符合系统设计规范（物品收集类任务由 Material ID 驱动）。,Game.runPer5Tick 每 5 tick 轮询 checkRedInventory / checkBlueInventory，检查在线队员背包与队伍共享箱是否持有 Material.RABBIT_FOOT。该材质在 Paper 26.2 Material 枚举中存在，代码逻辑与静态结构一致。,"src/main/java/top/lqsnow/blockracing/managers/Game.java (checkRedInventory/checkBlueInventory), src/main/java/top/lqsnow/blockracing/managers/Block.java (loadTargets)",无
491,CHORUS_FLOWER,block,-1,紫颂花,,consistent,目标已禁用（score=-1）。中文显示“紫颂花”与 ID（Material.CHORUS_FLOWER）一致。作为 block 类型目标，requirement 为空符合系统设计规范。,Game.runPer5Tick 每 5 tick 轮询 checkRedInventory / checkBlueInventory，检查在线队员背包与队伍共享箱是否持有 Material.CHORUS_FLOWER。该材质在 Paper 26.2 Material 枚举中存在，代码逻辑与静态结构一致。,"src/main/java/top/lqsnow/blockracing/managers/Game.java (checkRedInventory/checkBlueInventory), src/main/java/top/lqsnow/blockracing/managers/Block.java (loadTargets)",无
492,END_ROD,block,-1,末地烛,,consistent,目标已禁用（score=-1）。中文显示“末地烛”与 ID（Material.END_ROD）一致。作为 block 类型目标，requirement 为空符合系统设计规范。,Game.runPer5Tick 每 5 tick 轮询 checkRedInventory / checkBlueInventory，检查在线队员背包与队伍共享箱是否持有 Material.END_ROD。该材质在 Paper 26.2 Material 枚举中存在，代码逻辑与静态结构一致。,"src/main/java/top/lqsnow/blockracing/managers/Game.java (checkRedInventory/checkBlueInventory), src/main/java/top/lqsnow/blockracing/managers/Block.java (loadTargets)",无
493,END_STONE,block,-1,末地石,,consistent,目标已禁用（score=-1）。中文显示“末地石”与 ID（Material.END_STONE）一致。作为 block 类型目标，requirement 为空符合系统设计规范。,Game.runPer5Tick 每 5 tick 轮询 checkRedInventory / checkBlueInventory，检查在线队员背包与队伍共享箱是否持有 Material.END_STONE。该材质在 Paper 26.2 Material 枚举中存在，代码逻辑与静态结构一致。,"src/main/java/top/lqsnow/blockracing/managers/Game.java (checkRedInventory/checkBlueInventory), src/main/java/top/lqsnow/blockracing/managers/Block.java (loadTargets)",无
494,END_STONE_BRICK_SLAB,block,-1,末地石砖台阶,,consistent,目标已禁用（score=-1）。中文显示“末地石砖台阶”与 ID（Material.END_STONE_BRICK_SLAB）一致。作为 block 类型目标，requirement 为空符合系统设计规范。,Game.runPer5Tick 每 5 tick 轮询 checkRedInventory / checkBlueInventory，检查在线队员背包与队伍共享箱是否持有 Material.END_STONE_BRICK_SLAB。该材质在 Paper 26.2 Material 枚举中存在，代码逻辑与静态结构一致。,"src/main/java/top/lqsnow/blockracing/managers/Game.java (checkRedInventory/checkBlueInventory), src/main/java/top/lqsnow/blockracing/managers/Block.java (loadTargets)",无
495,END_STONE_BRICK_STAIRS,block,-1,末地石砖楼梯,,consistent,目标已禁用（score=-1）。中文显示“末地石砖楼梯”与 ID（Material.END_STONE_BRICK_STAIRS）一致。作为 block 类型目标，requirement 为空符合系统设计规范。,Game.runPer5Tick 每 5 tick 轮询 checkRedInventory / checkBlueInventory，检查在线队员背包与队伍共享箱是否持有 Material.END_STONE_BRICK_STAIRS。该材质在 Paper 26.2 Material 枚举中存在，代码逻辑与静态结构一致。,"src/main/java/top/lqsnow/blockracing/managers/Game.java (checkRedInventory/checkBlueInventory), src/main/java/top/lqsnow/blockracing/managers/Block.java (loadTargets)",无
496,END_STONE_BRICK_WALL,block,-1,末地石砖墙,,consistent,目标已禁用（score=-1）。中文显示“末地石砖墙”与 ID（Material.END_STONE_BRICK_WALL）一致。作为 block 类型目标，requirement 为空符合系统设计规范。,Game.runPer5Tick 每 5 tick 轮询 checkRedInventory / checkBlueInventory，检查在线队员背包与队伍共享箱是否持有 Material.END_STONE_BRICK_WALL。该材质在 Paper 26.2 Material 枚举中存在，代码逻辑与静态结构一致。,"src/main/java/top/lqsnow/blockracing/managers/Game.java (checkRedInventory/checkBlueInventory), src/main/java/top/lqsnow/blockracing/managers/Block.java (loadTargets)",无
497,END_STONE_BRICKS,block,-1,末地石砖,,consistent,目标已禁用（score=-1）。中文显示“末地石砖”与 ID（Material.END_STONE_BRICKS）一致。作为 block 类型目标，requirement 为空符合系统设计规范。,Game.runPer5Tick 每 5 tick 轮询 checkRedInventory / checkBlueInventory，检查在线队员背包与队伍共享箱是否持有 Material.END_STONE_BRICKS。该材质在 Paper 26.2 Material 枚举中存在，代码逻辑与静态结构一致。,"src/main/java/top/lqsnow/blockracing/managers/Game.java (checkRedInventory/checkBlueInventory), src/main/java/top/lqsnow/blockracing/managers/Block.java (loadTargets)",无
498,SHULKER_BOX,block,-1,潜影盒,,consistent,目标已禁用（score=-1）。中文显示“潜影盒”与 ID（Material.SHULKER_BOX）一致。作为 block 类型目标，requirement 为空符合系统设计规范。,Game.runPer5Tick 每 5 tick 轮询 checkRedInventory / checkBlueInventory，检查在线队员背包与队伍共享箱是否持有 Material.SHULKER_BOX。该材质在 Paper 26.2 Material 枚举中存在，代码逻辑与静态结构一致。,"src/main/java/top/lqsnow/blockracing/managers/Game.java (checkRedInventory/checkBlueInventory), src/main/java/top/lqsnow/blockracing/managers/Block.java (loadTargets)",无
499,DRAGON_HEAD,block,-1,龙首,,consistent,目标已禁用（score=-1）。中文显示“龙首”与 ID（Material.DRAGON_HEAD）一致。作为 block 类型目标，requirement 为空符合系统设计规范。,Game.runPer5Tick 每 5 tick 轮询 checkRedInventory / checkBlueInventory，检查在线队员背包与队伍共享箱是否持有 Material.DRAGON_HEAD。该材质在 Paper 26.2 Material 枚举中存在，代码逻辑与静态结构一致。,"src/main/java/top/lqsnow/blockracing/managers/Game.java (checkRedInventory/checkBlueInventory), src/main/java/top/lqsnow/blockracing/managers/Block.java (loadTargets)",无
500,DEEPSLATE_COAL_ORE,block,3,深层煤矿石,,consistent,中文显示“深层煤矿石”与 ID（Material.DEEPSLATE_COAL_ORE）一致。作为 block 类型目标，requirement 为空符合系统设计规范（物品收集类任务由 Material ID 驱动）。,Game.runPer5Tick 每 5 tick 轮询 checkRedInventory / checkBlueInventory，检查在线队员背包与队伍共享箱是否持有 Material.DEEPSLATE_COAL_ORE。该材质在 Paper 26.2 Material 枚举中存在，代码逻辑与静态结构一致。,"src/main/java/top/lqsnow/blockracing/managers/Game.java (checkRedInventory/checkBlueInventory), src/main/java/top/lqsnow/blockracing/managers/Block.java (loadTargets)",无
501,ZOMBIE_HEAD,block,30,僵尸的头,,consistent,中文显示“僵尸的头”与 ID（Material.ZOMBIE_HEAD）一致。作为 block 类型目标，requirement 为空符合系统设计规范（物品收集类任务由 Material ID 驱动）。,Game.runPer5Tick 每 5 tick 轮询 checkRedInventory / checkBlueInventory，检查在线队员背包与队伍共享箱是否持有 Material.ZOMBIE_HEAD。该材质在 Paper 26.2 Material 枚举中存在，代码逻辑与静态结构一致。,"src/main/java/top/lqsnow/blockracing/managers/Game.java (checkRedInventory/checkBlueInventory), src/main/java/top/lqsnow/blockracing/managers/Block.java (loadTargets)",无
502,PHANTOM_MEMBRANE,block,7,幻翼膜,,consistent,中文显示“幻翼膜”与 ID（Material.PHANTOM_MEMBRANE）一致。作为 block 类型目标，requirement 为空符合系统设计规范（物品收集类任务由 Material ID 驱动）。,Game.runPer5Tick 每 5 tick 轮询 checkRedInventory / checkBlueInventory，检查在线队员背包与队伍共享箱是否持有 Material.PHANTOM_MEMBRANE。该材质在 Paper 26.2 Material 枚举中存在，代码逻辑与静态结构一致。,"src/main/java/top/lqsnow/blockracing/managers/Game.java (checkRedInventory/checkBlueInventory), src/main/java/top/lqsnow/blockracing/managers/Block.java (loadTargets)",无
503,ENCHANTED_GOLDEN_APPLE,block,3,附魔金苹果,,consistent,中文显示“附魔金苹果”与 ID（Material.ENCHANTED_GOLDEN_APPLE）一致。作为 block 类型目标，requirement 为空符合系统设计规范（物品收集类任务由 Material ID 驱动）。,Game.runPer5Tick 每 5 tick 轮询 checkRedInventory / checkBlueInventory，检查在线队员背包与队伍共享箱是否持有 Material.ENCHANTED_GOLDEN_APPLE。该材质在 Paper 26.2 Material 枚举中存在，代码逻辑与静态结构一致。,"src/main/java/top/lqsnow/blockracing/managers/Game.java (checkRedInventory/checkBlueInventory), src/main/java/top/lqsnow/blockracing/managers/Block.java (loadTargets)",无
504,MYCELIUM,block,4,菌丝体,,consistent,中文显示“菌丝体”与 ID（Material.MYCELIUM）一致。作为 block 类型目标，requirement 为空符合系统设计规范（物品收集类任务由 Material ID 驱动）。,Game.runPer5Tick 每 5 tick 轮询 checkRedInventory / checkBlueInventory，检查在线队员背包与队伍共享箱是否持有 Material.MYCELIUM。该材质在 Paper 26.2 Material 枚举中存在，代码逻辑与静态结构一致。,"src/main/java/top/lqsnow/blockracing/managers/Game.java (checkRedInventory/checkBlueInventory), src/main/java/top/lqsnow/blockracing/managers/Block.java (loadTargets)",无
505,SLIME_BLOCK,block,2,黏液块,,consistent,中文显示“黏液块”与 ID（Material.SLIME_BLOCK）一致。作为 block 类型目标，requirement 为空符合系统设计规范（物品收集类任务由 Material ID 驱动）。,Game.runPer5Tick 每 5 tick 轮询 checkRedInventory / checkBlueInventory，检查在线队员背包与队伍共享箱是否持有 Material.SLIME_BLOCK。该材质在 Paper 26.2 Material 枚举中存在，代码逻辑与静态结构一致。,"src/main/java/top/lqsnow/blockracing/managers/Game.java (checkRedInventory/checkBlueInventory), src/main/java/top/lqsnow/blockracing/managers/Block.java (loadTargets)",无
506,SILENCE_ARMOR_TRIM_SMITHING_TEMPLATE,block,4,幽静盔甲纹饰,,consistent,中文显示“幽静盔甲纹饰”与 ID（Material.SILENCE_ARMOR_TRIM_SMITHING_TEMPLATE）一致。作为 block 类型目标，requirement 为空符合系统设计规范（物品收集类任务由 Material ID 驱动）。,Game.runPer5Tick 每 5 tick 轮询 checkRedInventory / checkBlueInventory，检查在线队员背包与队伍共享箱是否持有 Material.SILENCE_ARMOR_TRIM_SMITHING_TEMPLATE。该材质在 Paper 26.2 Material 枚举中存在，代码逻辑与静态结构一致。,"src/main/java/top/lqsnow/blockracing/managers/Game.java (checkRedInventory/checkBlueInventory), src/main/java/top/lqsnow/blockracing/managers/Block.java (loadTargets)",无
507,OBTAIN_WOODEN_TOOLS,goal,1,获得全套木质工具,"item:WOODEN_SWORD,WOODEN_PICKAXE,WOODEN_AXE,WOODEN_SHOVEL,WOODEN_HOE",consistent,"中文要求“获得全套木质工具”，requirement 指定了 item:WOODEN_SWORD,WOODEN_PICKAXE,WOODEN_AXE,WOODEN_SHOVEL,WOODEN_HOE（要求列表中所有物品及对应数量全部满足）。",Goal.sharedItemProgress 聚合队伍当前在线成员背包与队伍箱的物品数量映射，检查列表中每一项材质数量均满足要求即判定完成。,src/main/java/top/lqsnow/blockracing/managers/Goal.java (sharedItemProgress),无
508,OBTAIN_STONE_TOOLS,goal,1,获得全套石质工具,"item:STONE_SWORD,STONE_PICKAXE,STONE_AXE,STONE_SHOVEL,STONE_HOE",consistent,"中文要求“获得全套石质工具”，requirement 指定了 item:STONE_SWORD,STONE_PICKAXE,STONE_AXE,STONE_SHOVEL,STONE_HOE（要求列表中所有物品及对应数量全部满足）。",Goal.sharedItemProgress 聚合队伍当前在线成员背包与队伍箱的物品数量映射，检查列表中每一项材质数量均满足要求即判定完成。,src/main/java/top/lqsnow/blockracing/managers/Goal.java (sharedItemProgress),无
509,OBTAIN_IRON_TOOLS,goal,1,获得全套铁质工具,"item:IRON_SWORD,IRON_PICKAXE,IRON_AXE,IRON_SHOVEL,IRON_HOE",consistent,"中文要求“获得全套铁质工具”，requirement 指定了 item:IRON_SWORD,IRON_PICKAXE,IRON_AXE,IRON_SHOVEL,IRON_HOE（要求列表中所有物品及对应数量全部满足）。",Goal.sharedItemProgress 聚合队伍当前在线成员背包与队伍箱的物品数量映射，检查列表中每一项材质数量均满足要求即判定完成。,src/main/java/top/lqsnow/blockracing/managers/Goal.java (sharedItemProgress),无
510,OBTAIN_GOLDEN_TOOLS,goal,1,获得全套金质工具,"item:GOLDEN_SWORD,GOLDEN_PICKAXE,GOLDEN_AXE,GOLDEN_SHOVEL,GOLDEN_HOE",consistent,"中文要求“获得全套金质工具”，requirement 指定了 item:GOLDEN_SWORD,GOLDEN_PICKAXE,GOLDEN_AXE,GOLDEN_SHOVEL,GOLDEN_HOE（要求列表中所有物品及对应数量全部满足）。",Goal.sharedItemProgress 聚合队伍当前在线成员背包与队伍箱的物品数量映射，检查列表中每一项材质数量均满足要求即判定完成。,src/main/java/top/lqsnow/blockracing/managers/Goal.java (sharedItemProgress),无
511,OBTAIN_DIAMOND_TOOLS,goal,2,获得全套钻石工具,"item:DIAMOND_SWORD,DIAMOND_PICKAXE,DIAMOND_AXE,DIAMOND_SHOVEL,DIAMOND_HOE",consistent,"中文要求“获得全套钻石工具”，requirement 指定了 item:DIAMOND_SWORD,DIAMOND_PICKAXE,DIAMOND_AXE,DIAMOND_SHOVEL,DIAMOND_HOE（要求列表中所有物品及对应数量全部满足）。",Goal.sharedItemProgress 聚合队伍当前在线成员背包与队伍箱的物品数量映射，检查列表中每一项材质数量均满足要求即判定完成。,src/main/java/top/lqsnow/blockracing/managers/Goal.java (sharedItemProgress),无
512,OBTAIN_COPPER_TOOLS,goal,1,获得全套铜质工具,"item:COPPER_SWORD,COPPER_PICKAXE,COPPER_AXE,COPPER_SHOVEL,COPPER_HOE,COPPER_SPEAR",consistent,"中文要求“获得全套铜质工具”，requirement 指定了 item:COPPER_SWORD,COPPER_PICKAXE,COPPER_AXE,COPPER_SHOVEL,COPPER_HOE,COPPER_SPEAR（要求列表中所有物品及对应数量全部满足）。",Goal.sharedItemProgress 聚合队伍当前在线成员背包与队伍箱的物品数量映射，检查列表中每一项材质数量均满足要求即判定完成。,src/main/java/top/lqsnow/blockracing/managers/Goal.java (sharedItemProgress),无
513,MINE_DIAMOND_ORE,goal,1,挖掘钻石矿石,break:DIAMOND_ORE,needs_verification,中文描述为“挖掘钻石矿石”，requirement 为 break:DIAMOND_ORE。,BasicListener.onBlockBreak 监听 BlockBreakEvent 并严格按 block.getType() 比对 DIAMOND_ORE。深层变种 DEEPSLATE_DIAMOND_ORE 属于独立 Material 枚举，挖掘深层矿石不会触发该目标，需确认玩法设计意图。,"src/main/java/top/lqsnow/blockracing/listeners/BasicListener.java (onBlockBreak), src/main/java/top/lqsnow/blockracing/managers/Goal.java (teamProgress)",建议确认玩法是否需合并支持深层变种（DEEPSLATE_DIAMOND_ORE），或在文案明确“非深层钻石矿石”。
514,MINE_EMERALD_ORE,goal,2,挖掘绿宝石矿石,break:EMERALD_ORE,needs_verification,中文描述为“挖掘绿宝石矿石”，requirement 为 break:EMERALD_ORE。,BasicListener.onBlockBreak 监听 BlockBreakEvent 并严格按 block.getType() 比对 EMERALD_ORE。深层变种 DEEPSLATE_EMERALD_ORE 属于独立 Material 枚举，挖掘深层矿石不会触发该目标，需确认玩法设计意图。,"src/main/java/top/lqsnow/blockracing/listeners/BasicListener.java (onBlockBreak), src/main/java/top/lqsnow/blockracing/managers/Goal.java (teamProgress)",建议确认玩法是否需合并支持深层变种（DEEPSLATE_EMERALD_ORE），或在文案明确“非深层绿宝石矿石”。
515,MINE_MOB_SPAWNER,goal,1,挖掘刷怪笼,break:SPAWNER,consistent,中文要求“挖掘刷怪笼”，requirement 指定 break:SPAWNER，方块匹配。,BasicListener.onBlockBreak 监听 BlockBreakEvent 并调用 Goal.recordBreak；Goal.teamProgress 汇总队伍破坏过的方块判定完成。,"src/main/java/top/lqsnow/blockracing/listeners/BasicListener.java (onBlockBreak), src/main/java/top/lqsnow/blockracing/managers/Goal.java (teamProgress)",无
516,MINE_CRAFTER,goal,1,挖掘合成器,break:CRAFTER,consistent,中文要求“挖掘合成器”，requirement 指定 break:CRAFTER，方块匹配。,BasicListener.onBlockBreak 监听 BlockBreakEvent 并调用 Goal.recordBreak；Goal.teamProgress 汇总队伍破坏过的方块判定完成。,"src/main/java/top/lqsnow/blockracing/listeners/BasicListener.java (onBlockBreak), src/main/java/top/lqsnow/blockracing/managers/Goal.java (teamProgress)",无
517,WEAR_LEATHER_ARMOR,goal,2,穿上全套皮革盔甲,"equipment-all:LEATHER_HELMET,LEATHER_CHESTPLATE,LEATHER_LEGGINGS,LEATHER_BOOTS",consistent,"中文要求“穿上全套皮革盔甲”，requirement 列出全套装备物品（LEATHER_HELMET,LEATHER_CHESTPLATE,LEATHER_LEGGINGS,LEATHER_BOOTS）。",Goal.individualProgress 检查同一玩家身上的 4 个盔甲槽是否同时穿戴了所有指定装备；Goal.teamProgress 取全队在线成员最佳值判定完成。,"src/main/java/top/lqsnow/blockracing/managers/Goal.java (individualProgress), src/main/java/top/lqsnow/blockracing/managers/Goal.java (teamProgress)",无
518,WEAR_GOLDEN_ARMOR,goal,1,穿上全套金质盔甲,"equipment-all:GOLDEN_HELMET,GOLDEN_CHESTPLATE,GOLDEN_LEGGINGS,GOLDEN_BOOTS",consistent,"中文要求“穿上全套金质盔甲”，requirement 列出全套装备物品（GOLDEN_HELMET,GOLDEN_CHESTPLATE,GOLDEN_LEGGINGS,GOLDEN_BOOTS）。",Goal.individualProgress 检查同一玩家身上的 4 个盔甲槽是否同时穿戴了所有指定装备；Goal.teamProgress 取全队在线成员最佳值判定完成。,"src/main/java/top/lqsnow/blockracing/managers/Goal.java (individualProgress), src/main/java/top/lqsnow/blockracing/managers/Goal.java (teamProgress)",无
519,WEAR_CHAIN_ARMOR_PIECE,goal,2,穿上一件锁链盔甲,"equipment-any:CHAINMAIL_HELMET,CHAINMAIL_CHESTPLATE,CHAINMAIL_LEGGINGS,CHAINMAIL_BOOTS",consistent,"中文要求“穿上一件锁链盔甲”，requirement 列出候选装备物品（CHAINMAIL_HELMET,CHAINMAIL_CHESTPLATE,CHAINMAIL_LEGGINGS,CHAINMAIL_BOOTS）。",Goal.individualProgress 检查同一玩家身上是否穿戴了候选列表中的任意一件装备；Goal.teamProgress 取全队在线成员最佳值判定完成。,"src/main/java/top/lqsnow/blockracing/managers/Goal.java (individualProgress), src/main/java/top/lqsnow/blockracing/managers/Goal.java (teamProgress)",无
520,WEAR_IRON_ARMOR,goal,1,穿上全套铁质盔甲,"equipment-all:IRON_HELMET,IRON_CHESTPLATE,IRON_LEGGINGS,IRON_BOOTS",consistent,"中文要求“穿上全套铁质盔甲”，requirement 列出全套装备物品（IRON_HELMET,IRON_CHESTPLATE,IRON_LEGGINGS,IRON_BOOTS）。",Goal.individualProgress 检查同一玩家身上的 4 个盔甲槽是否同时穿戴了所有指定装备；Goal.teamProgress 取全队在线成员最佳值判定完成。,"src/main/java/top/lqsnow/blockracing/managers/Goal.java (individualProgress), src/main/java/top/lqsnow/blockracing/managers/Goal.java (teamProgress)",无
521,WEAR_DIAMOND_ARMOR,goal,2,穿上全套钻石盔甲,"equipment-all:DIAMOND_HELMET,DIAMOND_CHESTPLATE,DIAMOND_LEGGINGS,DIAMOND_BOOTS",consistent,"中文要求“穿上全套钻石盔甲”，requirement 列出全套装备物品（DIAMOND_HELMET,DIAMOND_CHESTPLATE,DIAMOND_LEGGINGS,DIAMOND_BOOTS）。",Goal.individualProgress 检查同一玩家身上的 4 个盔甲槽是否同时穿戴了所有指定装备；Goal.teamProgress 取全队在线成员最佳值判定完成。,"src/main/java/top/lqsnow/blockracing/managers/Goal.java (individualProgress), src/main/java/top/lqsnow/blockracing/managers/Goal.java (teamProgress)",无
522,WEAR_COPPER_ARMOR,goal,1,穿上全套铜质盔甲,"equipment-all:COPPER_HELMET,COPPER_CHESTPLATE,COPPER_LEGGINGS,COPPER_BOOTS",consistent,"中文要求“穿上全套铜质盔甲”，requirement 列出全套装备物品（COPPER_HELMET,COPPER_CHESTPLATE,COPPER_LEGGINGS,COPPER_BOOTS）。",Goal.individualProgress 检查同一玩家身上的 4 个盔甲槽是否同时穿戴了所有指定装备；Goal.teamProgress 取全队在线成员最佳值判定完成。,"src/main/java/top/lqsnow/blockracing/managers/Goal.java (individualProgress), src/main/java/top/lqsnow/blockracing/managers/Goal.java (teamProgress)",无
523,TAME_CAT,goal,1,驯服一只猫,tame:CAT,consistent,中文要求“驯服一只猫”，requirement 指定 tame:CAT，生物种类匹配。,BasicListener.onEntityTame 监听 EntityTameEvent 并通过 Goal.recordTame 记录到 TAMED_ENTITY_TYPES；Goal.teamProgress 汇总队伍历史驯服集合，包含 CAT 即判定完成。,"src/main/java/top/lqsnow/blockracing/listeners/BasicListener.java (onEntityTame), src/main/java/top/lqsnow/blockracing/managers/Goal.java (teamProgress)",无
524,TAME_PARROT,goal,2,驯服一只鹦鹉,tame:PARROT,consistent,中文要求“驯服一只鹦鹉”，requirement 指定 tame:PARROT，生物种类匹配。,BasicListener.onEntityTame 监听 EntityTameEvent 并通过 Goal.recordTame 记录到 TAMED_ENTITY_TYPES；Goal.teamProgress 汇总队伍历史驯服集合，包含 PARROT 即判定完成。,"src/main/java/top/lqsnow/blockracing/listeners/BasicListener.java (onEntityTame), src/main/java/top/lqsnow/blockracing/managers/Goal.java (teamProgress)",无
525,TAME_HORSE,goal,1,驯服一匹马,tame:HORSE,consistent,中文要求“驯服一匹马”，requirement 指定 tame:HORSE，生物种类匹配。,BasicListener.onEntityTame 监听 EntityTameEvent 并通过 Goal.recordTame 记录到 TAMED_ENTITY_TYPES；Goal.teamProgress 汇总队伍历史驯服集合，包含 HORSE 即判定完成。,"src/main/java/top/lqsnow/blockracing/listeners/BasicListener.java (onEntityTame), src/main/java/top/lqsnow/blockracing/managers/Goal.java (teamProgress)",无
526,TAME_WOLF,goal,1,驯服一只狼,tame:WOLF,consistent,中文要求“驯服一只狼”，requirement 指定 tame:WOLF，生物种类匹配。,BasicListener.onEntityTame 监听 EntityTameEvent 并通过 Goal.recordTame 记录到 TAMED_ENTITY_TYPES；Goal.teamProgress 汇总队伍历史驯服集合，包含 WOLF 即判定完成。,"src/main/java/top/lqsnow/blockracing/listeners/BasicListener.java (onEntityTame), src/main/java/top/lqsnow/blockracing/managers/Goal.java (teamProgress)",无
527,TAME_NAUTILUS,goal,2,驯服一只鹦鹉螺,tame:NAUTILUS,consistent,中文要求“驯服一只鹦鹉螺”，requirement 指定 tame:NAUTILUS，生物种类匹配。,BasicListener.onEntityTame 监听 EntityTameEvent 并通过 Goal.recordTame 记录到 TAMED_ENTITY_TYPES；Goal.teamProgress 汇总队伍历史驯服集合，包含 NAUTILUS 即判定完成。,"src/main/java/top/lqsnow/blockracing/listeners/BasicListener.java (onEntityTame), src/main/java/top/lqsnow/blockracing/managers/Goal.java (teamProgress)",无
528,BREED_4_UNIQUE_ANIMALS,goal,1,繁殖 4 种不同动物,breed-unique:4,consistent,中文要求繁殖 4 种不同动物，requirement 指定 breed-unique:4，数量与去重语义一致。,"Goal.teamProgress 通过 union(BRED_ENTITY_TYPES, names).size() 统计队伍成员繁殖的不同生物种类总数，达到 4 即判定完成。","src/main/java/top/lqsnow/blockracing/listeners/BasicListener.java (onEntityBreed), src/main/java/top/lqsnow/blockracing/managers/Goal.java (teamProgress)",无
529,BREED_6_UNIQUE_ANIMALS,goal,1,繁殖 6 种不同动物,breed-unique:6,consistent,中文要求繁殖 6 种不同动物，requirement 指定 breed-unique:6，数量与去重语义一致。,"Goal.teamProgress 通过 union(BRED_ENTITY_TYPES, names).size() 统计队伍成员繁殖的不同生物种类总数，达到 6 即判定完成。","src/main/java/top/lqsnow/blockracing/listeners/BasicListener.java (onEntityBreed), src/main/java/top/lqsnow/blockracing/managers/Goal.java (teamProgress)",无
530,BREED_8_UNIQUE_ANIMALS,goal,2,繁殖 8 种不同动物,breed-unique:8,consistent,中文要求繁殖 8 种不同动物，requirement 指定 breed-unique:8，数量与去重语义一致。,"Goal.teamProgress 通过 union(BRED_ENTITY_TYPES, names).size() 统计队伍成员繁殖的不同生物种类总数，达到 8 即判定完成。","src/main/java/top/lqsnow/blockracing/listeners/BasicListener.java (onEntityBreed), src/main/java/top/lqsnow/blockracing/managers/Goal.java (teamProgress)",无
531,BREED_CHICKEN,goal,1,繁殖鸡,breed:CHICKEN,consistent,中文要求繁殖“鸡”，requirement 指定 breed:CHICKEN，生物种类匹配。,BasicListener.onEntityBreed 监听 EntityBreedEvent 并通过 Goal.recordBreed 记录繁殖幼崽类型到 BRED_ENTITY_TYPES；Goal.teamProgress 汇总队伍成员（包含已记录离线成员）繁殖集合，包含 CHICKEN 即判定完成。,"src/main/java/top/lqsnow/blockracing/listeners/BasicListener.java (onEntityBreed), src/main/java/top/lqsnow/blockracing/managers/Goal.java (teamProgress)",无
532,BREED_COW,goal,1,繁殖牛,breed:COW,consistent,中文要求繁殖“牛”，requirement 指定 breed:COW，生物种类匹配。,BasicListener.onEntityBreed 监听 EntityBreedEvent 并通过 Goal.recordBreed 记录繁殖幼崽类型到 BRED_ENTITY_TYPES；Goal.teamProgress 汇总队伍成员（包含已记录离线成员）繁殖集合，包含 COW 即判定完成。,"src/main/java/top/lqsnow/blockracing/listeners/BasicListener.java (onEntityBreed), src/main/java/top/lqsnow/blockracing/managers/Goal.java (teamProgress)",无
533,BREED_HOGLIN,goal,1,繁殖疣猪兽,breed:HOGLIN,consistent,中文要求繁殖“疣猪兽”，requirement 指定 breed:HOGLIN，生物种类匹配。,BasicListener.onEntityBreed 监听 EntityBreedEvent 并通过 Goal.recordBreed 记录繁殖幼崽类型到 BRED_ENTITY_TYPES；Goal.teamProgress 汇总队伍成员（包含已记录离线成员）繁殖集合，包含 HOGLIN 即判定完成。,"src/main/java/top/lqsnow/blockracing/listeners/BasicListener.java (onEntityBreed), src/main/java/top/lqsnow/blockracing/managers/Goal.java (teamProgress)",无
534,BREED_PIG,goal,1,繁殖猪,breed:PIG,consistent,中文要求繁殖“猪”，requirement 指定 breed:PIG，生物种类匹配。,BasicListener.onEntityBreed 监听 EntityBreedEvent 并通过 Goal.recordBreed 记录繁殖幼崽类型到 BRED_ENTITY_TYPES；Goal.teamProgress 汇总队伍成员（包含已记录离线成员）繁殖集合，包含 PIG 即判定完成。,"src/main/java/top/lqsnow/blockracing/listeners/BasicListener.java (onEntityBreed), src/main/java/top/lqsnow/blockracing/managers/Goal.java (teamProgress)",无
535,BREED_CAMEL,goal,3,繁殖骆驼,breed:CAMEL,consistent,中文要求繁殖“骆驼”，requirement 指定 breed:CAMEL，生物种类匹配。,BasicListener.onEntityBreed 监听 EntityBreedEvent 并通过 Goal.recordBreed 记录繁殖幼崽类型到 BRED_ENTITY_TYPES；Goal.teamProgress 汇总队伍成员（包含已记录离线成员）繁殖集合，包含 CAMEL 即判定完成。,"src/main/java/top/lqsnow/blockracing/listeners/BasicListener.java (onEntityBreed), src/main/java/top/lqsnow/blockracing/managers/Goal.java (teamProgress)",无
536,BREED_ARMADILLO,goal,1,繁殖犰狳,breed:ARMADILLO,consistent,中文要求繁殖“犰狳”，requirement 指定 breed:ARMADILLO，生物种类匹配。,BasicListener.onEntityBreed 监听 EntityBreedEvent 并通过 Goal.recordBreed 记录繁殖幼崽类型到 BRED_ENTITY_TYPES；Goal.teamProgress 汇总队伍成员（包含已记录离线成员）繁殖集合，包含 ARMADILLO 即判定完成。,"src/main/java/top/lqsnow/blockracing/listeners/BasicListener.java (onEntityBreed), src/main/java/top/lqsnow/blockracing/managers/Goal.java (teamProgress)",无
537,BREED_RABBIT,goal,1,繁殖兔子,breed:RABBIT,consistent,中文要求繁殖“兔子”，requirement 指定 breed:RABBIT，生物种类匹配。,BasicListener.onEntityBreed 监听 EntityBreedEvent 并通过 Goal.recordBreed 记录繁殖幼崽类型到 BRED_ENTITY_TYPES；Goal.teamProgress 汇总队伍成员（包含已记录离线成员）繁殖集合，包含 RABBIT 即判定完成。,"src/main/java/top/lqsnow/blockracing/listeners/BasicListener.java (onEntityBreed), src/main/java/top/lqsnow/blockracing/managers/Goal.java (teamProgress)",无
538,BREED_FOX,goal,1,繁殖狐狸,breed:FOX,consistent,中文要求繁殖“狐狸”，requirement 指定 breed:FOX，生物种类匹配。,BasicListener.onEntityBreed 监听 EntityBreedEvent 并通过 Goal.recordBreed 记录繁殖幼崽类型到 BRED_ENTITY_TYPES；Goal.teamProgress 汇总队伍成员（包含已记录离线成员）繁殖集合，包含 FOX 即判定完成。,"src/main/java/top/lqsnow/blockracing/listeners/BasicListener.java (onEntityBreed), src/main/java/top/lqsnow/blockracing/managers/Goal.java (teamProgress)",无
539,BREED_SHEEP,goal,1,繁殖羊,breed:SHEEP,consistent,中文要求繁殖“羊”，requirement 指定 breed:SHEEP，生物种类匹配。,BasicListener.onEntityBreed 监听 EntityBreedEvent 并通过 Goal.recordBreed 记录繁殖幼崽类型到 BRED_ENTITY_TYPES；Goal.teamProgress 汇总队伍成员（包含已记录离线成员）繁殖集合，包含 SHEEP 即判定完成。,"src/main/java/top/lqsnow/blockracing/listeners/BasicListener.java (onEntityBreed), src/main/java/top/lqsnow/blockracing/managers/Goal.java (teamProgress)",无
540,BREED_STRIDER,goal,2,繁殖炽足兽,breed:STRIDER,consistent,中文要求繁殖“炽足兽”，requirement 指定 breed:STRIDER，生物种类匹配。,BasicListener.onEntityBreed 监听 EntityBreedEvent 并通过 Goal.recordBreed 记录繁殖幼崽类型到 BRED_ENTITY_TYPES；Goal.teamProgress 汇总队伍成员（包含已记录离线成员）繁殖集合，包含 STRIDER 即判定完成。,"src/main/java/top/lqsnow/blockracing/listeners/BasicListener.java (onEntityBreed), src/main/java/top/lqsnow/blockracing/managers/Goal.java (teamProgress)",无
541,BREED_GOAT,goal,2,繁殖山羊,breed:GOAT,consistent,中文要求繁殖“山羊”，requirement 指定 breed:GOAT，生物种类匹配。,BasicListener.onEntityBreed 监听 EntityBreedEvent 并通过 Goal.recordBreed 记录繁殖幼崽类型到 BRED_ENTITY_TYPES；Goal.teamProgress 汇总队伍成员（包含已记录离线成员）繁殖集合，包含 GOAT 即判定完成。,"src/main/java/top/lqsnow/blockracing/listeners/BasicListener.java (onEntityBreed), src/main/java/top/lqsnow/blockracing/managers/Goal.java (teamProgress)",无
542,BREED_FROGS,goal,2,繁殖青蛙,breed:FROG,consistent,中文要求繁殖“青蛙”，requirement 指定 breed:FROG，生物种类匹配。,BasicListener.onEntityBreed 监听 EntityBreedEvent 并通过 Goal.recordBreed 记录繁殖幼崽类型到 BRED_ENTITY_TYPES；Goal.teamProgress 汇总队伍成员（包含已记录离线成员）繁殖集合，包含 FROG 即判定完成。,"src/main/java/top/lqsnow/blockracing/listeners/BasicListener.java (onEntityBreed), src/main/java/top/lqsnow/blockracing/managers/Goal.java (teamProgress)",无
543,BREED_SNIFFER,goal,10,繁殖嗅探兽,breed:SNIFFER,consistent,中文要求繁殖“嗅探兽”，requirement 指定 breed:SNIFFER，生物种类匹配。,BasicListener.onEntityBreed 监听 EntityBreedEvent 并通过 Goal.recordBreed 记录繁殖幼崽类型到 BRED_ENTITY_TYPES；Goal.teamProgress 汇总队伍成员（包含已记录离线成员）繁殖集合，包含 SNIFFER 即判定完成。,"src/main/java/top/lqsnow/blockracing/listeners/BasicListener.java (onEntityBreed), src/main/java/top/lqsnow/blockracing/managers/Goal.java (teamProgress)",无
544,KILL_WITCH,goal,1,击杀女巫,kill:WITCH,consistent,中文要求“击杀女巫”，requirement 指定 kill:WITCH，实体类型匹配。,BasicListener.onEntityDeath 监听 EntityDeathEvent（玩家为 killer 时），调用 Goal.recordKill 记录到 KILLED_ENTITY_TYPES；Goal.teamProgress 汇总队伍历史击杀集合，包含 WITCH 即判定完成。,"src/main/java/top/lqsnow/blockracing/listeners/BasicListener.java (onEntityDeath), src/main/java/top/lqsnow/blockracing/managers/Goal.java (teamProgress)",无
545,KILL_BOGGED,goal,1,击杀沼骸,kill:BOGGED,consistent,中文要求“击杀沼骸”，requirement 指定 kill:BOGGED，实体类型匹配。,BasicListener.onEntityDeath 监听 EntityDeathEvent（玩家为 killer 时），调用 Goal.recordKill 记录到 KILLED_ENTITY_TYPES；Goal.teamProgress 汇总队伍历史击杀集合，包含 BOGGED 即判定完成。,"src/main/java/top/lqsnow/blockracing/listeners/BasicListener.java (onEntityDeath), src/main/java/top/lqsnow/blockracing/managers/Goal.java (teamProgress)",无
546,KILL_PARCHED,goal,1,击杀干尸,kill:PARCHED,consistent,中文要求“击杀干尸”，requirement 指定 kill:PARCHED，实体类型匹配。,BasicListener.onEntityDeath 监听 EntityDeathEvent（玩家为 killer 时），调用 Goal.recordKill 记录到 KILLED_ENTITY_TYPES；Goal.teamProgress 汇总队伍历史击杀集合，包含 PARCHED 即判定完成。,"src/main/java/top/lqsnow/blockracing/listeners/BasicListener.java (onEntityDeath), src/main/java/top/lqsnow/blockracing/managers/Goal.java (teamProgress)",无
547,KILL_ZOMBIE_VILLAGER,goal,2,击杀僵尸村民,kill:ZOMBIE_VILLAGER,consistent,中文要求“击杀僵尸村民”，requirement 指定 kill:ZOMBIE_VILLAGER，实体类型匹配。,BasicListener.onEntityDeath 监听 EntityDeathEvent（玩家为 killer 时），调用 Goal.recordKill 记录到 KILLED_ENTITY_TYPES；Goal.teamProgress 汇总队伍历史击杀集合，包含 ZOMBIE_VILLAGER 即判定完成。,"src/main/java/top/lqsnow/blockracing/listeners/BasicListener.java (onEntityDeath), src/main/java/top/lqsnow/blockracing/managers/Goal.java (teamProgress)",无
548,KILL_STRAY,goal,1,击杀流浪者,kill:STRAY,consistent,中文要求“击杀流浪者”，requirement 指定 kill:STRAY，实体类型匹配。,BasicListener.onEntityDeath 监听 EntityDeathEvent（玩家为 killer 时），调用 Goal.recordKill 记录到 KILLED_ENTITY_TYPES；Goal.teamProgress 汇总队伍历史击杀集合，包含 STRAY 即判定完成。,"src/main/java/top/lqsnow/blockracing/listeners/BasicListener.java (onEntityDeath), src/main/java/top/lqsnow/blockracing/managers/Goal.java (teamProgress)",无
549,KILL_ZOGLIN,goal,2,击杀僵尸疣猪兽,kill:ZOGLIN,consistent,中文要求“击杀僵尸疣猪兽”，requirement 指定 kill:ZOGLIN，实体类型匹配。,BasicListener.onEntityDeath 监听 EntityDeathEvent（玩家为 killer 时），调用 Goal.recordKill 记录到 KILLED_ENTITY_TYPES；Goal.teamProgress 汇总队伍历史击杀集合，包含 ZOGLIN 即判定完成。,"src/main/java/top/lqsnow/blockracing/listeners/BasicListener.java (onEntityDeath), src/main/java/top/lqsnow/blockracing/managers/Goal.java (teamProgress)",无
550,KILL_SILVERFISH,goal,2,击杀蠹虫,kill:SILVERFISH,consistent,中文要求“击杀蠹虫”，requirement 指定 kill:SILVERFISH，实体类型匹配。,BasicListener.onEntityDeath 监听 EntityDeathEvent（玩家为 killer 时），调用 Goal.recordKill 记录到 KILLED_ENTITY_TYPES；Goal.teamProgress 汇总队伍历史击杀集合，包含 SILVERFISH 即判定完成。,"src/main/java/top/lqsnow/blockracing/listeners/BasicListener.java (onEntityDeath), src/main/java/top/lqsnow/blockracing/managers/Goal.java (teamProgress)",无
551,KILL_GUARDIAN,goal,1,击杀守卫者,kill:GUARDIAN,consistent,中文要求“击杀守卫者”，requirement 指定 kill:GUARDIAN，实体类型匹配。,BasicListener.onEntityDeath 监听 EntityDeathEvent（玩家为 killer 时），调用 Goal.recordKill 记录到 KILLED_ENTITY_TYPES；Goal.teamProgress 汇总队伍历史击杀集合，包含 GUARDIAN 即判定完成。,"src/main/java/top/lqsnow/blockracing/listeners/BasicListener.java (onEntityDeath), src/main/java/top/lqsnow/blockracing/managers/Goal.java (teamProgress)",无
552,KILL_GHAST,goal,1,击杀恶魂,kill:GHAST,consistent,中文要求“击杀恶魂”，requirement 指定 kill:GHAST，实体类型匹配。,BasicListener.onEntityDeath 监听 EntityDeathEvent（玩家为 killer 时），调用 Goal.recordKill 记录到 KILLED_ENTITY_TYPES；Goal.teamProgress 汇总队伍历史击杀集合，包含 GHAST 即判定完成。,"src/main/java/top/lqsnow/blockracing/listeners/BasicListener.java (onEntityDeath), src/main/java/top/lqsnow/blockracing/managers/Goal.java (teamProgress)",无
553,KILL_BAT,goal,2,击杀蝙蝠,kill:BAT,consistent,中文要求“击杀蝙蝠”，requirement 指定 kill:BAT，实体类型匹配。,BasicListener.onEntityDeath 监听 EntityDeathEvent（玩家为 killer 时），调用 Goal.recordKill 记录到 KILLED_ENTITY_TYPES；Goal.teamProgress 汇总队伍历史击杀集合，包含 BAT 即判定完成。,"src/main/java/top/lqsnow/blockracing/listeners/BasicListener.java (onEntityDeath), src/main/java/top/lqsnow/blockracing/managers/Goal.java (teamProgress)",无
554,KILL_SNOW_GOLEM,goal,1,击杀雪傀儡,kill:SNOW_GOLEM,consistent,中文要求“击杀雪傀儡”，requirement 指定 kill:SNOW_GOLEM，实体类型匹配。,BasicListener.onEntityDeath 监听 EntityDeathEvent（玩家为 killer 时），调用 Goal.recordKill 记录到 KILLED_ENTITY_TYPES；Goal.teamProgress 汇总队伍历史击杀集合，包含 SNOW_GOLEM 即判定完成。,"src/main/java/top/lqsnow/blockracing/listeners/BasicListener.java (onEntityDeath), src/main/java/top/lqsnow/blockracing/managers/Goal.java (teamProgress)",无
555,KILL_ELDER_GUARDIAN,goal,2,击杀远古守卫者,kill:ELDER_GUARDIAN,consistent,中文要求“击杀远古守卫者”，requirement 指定 kill:ELDER_GUARDIAN，实体类型匹配。,BasicListener.onEntityDeath 监听 EntityDeathEvent（玩家为 killer 时），调用 Goal.recordKill 记录到 KILLED_ENTITY_TYPES；Goal.teamProgress 汇总队伍历史击杀集合，包含 ELDER_GUARDIAN 即判定完成。,"src/main/java/top/lqsnow/blockracing/listeners/BasicListener.java (onEntityDeath), src/main/java/top/lqsnow/blockracing/managers/Goal.java (teamProgress)",无
556,KILL_WARDEN,goal,3,击杀监守者,kill:WARDEN,consistent,中文要求“击杀监守者”，requirement 指定 kill:WARDEN，实体类型匹配。,BasicListener.onEntityDeath 监听 EntityDeathEvent（玩家为 killer 时），调用 Goal.recordKill 记录到 KILLED_ENTITY_TYPES；Goal.teamProgress 汇总队伍历史击杀集合，包含 WARDEN 即判定完成。,"src/main/java/top/lqsnow/blockracing/listeners/BasicListener.java (onEntityDeath), src/main/java/top/lqsnow/blockracing/managers/Goal.java (teamProgress)",无
557,KILL_7_UNIQUE_HOSTILE_MOBS,goal,1,击杀 7 种不同敌对生物,kill-unique-hostile:7,consistent,中文要求击杀 7 种不同敌对生物，requirement 指定 kill-unique-hostile:7，数值与去重语义一致。,"Goal.teamProgress 通过 union(KILLED_ENTITY_TYPES, names) 过滤 Goal.isHostileMob 并统计不同敌对生物种数，达到 7 即判定完成。","src/main/java/top/lqsnow/blockracing/listeners/BasicListener.java (onEntityDeath), src/main/java/top/lqsnow/blockracing/managers/Goal.java (teamProgress)",无
558,KILL_10_UNIQUE_HOSTILE_MOBS,goal,1,击杀 10 种不同敌对生物,kill-unique-hostile:10,consistent,中文要求击杀 10 种不同敌对生物，requirement 指定 kill-unique-hostile:10，数值与去重语义一致。,"Goal.teamProgress 通过 union(KILLED_ENTITY_TYPES, names) 过滤 Goal.isHostileMob 并统计不同敌对生物种数，达到 10 即判定完成。","src/main/java/top/lqsnow/blockracing/listeners/BasicListener.java (onEntityDeath), src/main/java/top/lqsnow/blockracing/managers/Goal.java (teamProgress)",无
559,KILL_13_UNIQUE_HOSTILE_MOBS,goal,2,击杀 13 种不同敌对生物,kill-unique-hostile:13,consistent,中文要求击杀 13 种不同敌对生物，requirement 指定 kill-unique-hostile:13，数值与去重语义一致。,"Goal.teamProgress 通过 union(KILLED_ENTITY_TYPES, names) 过滤 Goal.isHostileMob 并统计不同敌对生物种数，达到 13 即判定完成。","src/main/java/top/lqsnow/blockracing/listeners/BasicListener.java (onEntityDeath), src/main/java/top/lqsnow/blockracing/managers/Goal.java (teamProgress)",无
560,KILL_15_UNIQUE_HOSTILE_MOBS,goal,2,击杀 15 种不同敌对生物,kill-unique-hostile:15,consistent,中文要求击杀 15 种不同敌对生物，requirement 指定 kill-unique-hostile:15，数值与去重语义一致。,"Goal.teamProgress 通过 union(KILLED_ENTITY_TYPES, names) 过滤 Goal.isHostileMob 并统计不同敌对生物种数，达到 15 即判定完成。","src/main/java/top/lqsnow/blockracing/listeners/BasicListener.java (onEntityDeath), src/main/java/top/lqsnow/blockracing/managers/Goal.java (teamProgress)",无
561,KILL_30_UNDEAD_MOBS,goal,2,击杀 30 只亡灵生物,kill-undead:30,consistent,中文要求击杀 30 只亡灵生物，requirement 指定 kill-undead:30，数值一致。,BasicListener.onEntityDeath 判定 Goal.isUndeadMob 后累加 UNDEAD_KILL_COUNTS；Goal.teamProgress 对队伍成员（含已记录离线成员）计数求和，达到 30 即判定完成。,"src/main/java/top/lqsnow/blockracing/listeners/BasicListener.java (onEntityDeath), src/main/java/top/lqsnow/blockracing/managers/Goal.java (teamProgress)",无
562,KILL_20_ARTHROPOD_MOBS,goal,2,击杀 20 只节肢生物,kill-arthropod:20,consistent,中文要求击杀 20 只节肢生物，requirement 指定 kill-arthropod:20，数值一致。,BasicListener.onEntityDeath 判定 Goal.isArthropodMob 后累加 ARTHROPOD_KILL_COUNTS；Goal.teamProgress 对队伍成员（含已记录离线成员）计数求和，达到 20 即判定完成。,"src/main/java/top/lqsnow/blockracing/listeners/BasicListener.java (onEntityDeath), src/main/java/top/lqsnow/blockracing/managers/Goal.java (teamProgress)",无
563,KILL_100_MOBS,goal,3,击杀 100 只生物,kill-total:100,consistent,中文要求击杀 100 只生物，requirement 指定 kill-total:100，数值一致。,BasicListener.onEntityDeath 累加玩家 TOTAL_KILL_COUNTS；Goal.teamProgress 对队伍成员总击杀数求和，达到 100 即判定完成。,"src/main/java/top/lqsnow/blockracing/listeners/BasicListener.java (onEntityDeath), src/main/java/top/lqsnow/blockracing/managers/Goal.java (teamProgress)",无
564,OBTAIN_ALL_FURNACES,goal,1,获得所有熔炉类方块,"item:FURNACE,BLAST_FURNACE,SMOKER",consistent,"中文要求“获得所有熔炉类方块”，requirement 指定了 item:FURNACE,BLAST_FURNACE,SMOKER（要求列表中所有物品及对应数量全部满足）。",Goal.sharedItemProgress 聚合队伍当前在线成员背包与队伍箱的物品数量映射，检查列表中每一项材质数量均满足要求即判定完成。,src/main/java/top/lqsnow/blockracing/managers/Goal.java (sharedItemProgress),无
565,OBTAIN_ALL_MINECARTS,goal,1,获得所有矿车类型,"item:MINECART,CHEST_MINECART,FURNACE_MINECART,HOPPER_MINECART,TNT_MINECART",consistent,"中文要求“获得所有矿车类型”，requirement 指定了 item:MINECART,CHEST_MINECART,FURNACE_MINECART,HOPPER_MINECART,TNT_MINECART（要求列表中所有物品及对应数量全部满足）。",Goal.sharedItemProgress 聚合队伍当前在线成员背包与队伍箱的物品数量映射，检查列表中每一项材质数量均满足要求即判定完成。,src/main/java/top/lqsnow/blockracing/managers/Goal.java (sharedItemProgress),无
566,OBTAIN_ALL_MUSHROOMS,goal,1,获得所有蘑菇和菌类,"item:RED_MUSHROOM,BROWN_MUSHROOM,CRIMSON_FUNGUS,WARPED_FUNGUS",consistent,"中文要求“获得所有蘑菇和菌类”，requirement 指定了 item:RED_MUSHROOM,BROWN_MUSHROOM,CRIMSON_FUNGUS,WARPED_FUNGUS（要求列表中所有物品及对应数量全部满足）。",Goal.sharedItemProgress 聚合队伍当前在线成员背包与队伍箱的物品数量映射，检查列表中每一项材质数量均满足要求即判定完成。,src/main/java/top/lqsnow/blockracing/managers/Goal.java (sharedItemProgress),无
567,OBTAIN_ALL_PUMPKINS,goal,1,获得所有南瓜类物品,"item:PUMPKIN,CARVED_PUMPKIN,JACK_O_LANTERN",consistent,"中文要求“获得所有南瓜类物品”，requirement 指定了 item:PUMPKIN,CARVED_PUMPKIN,JACK_O_LANTERN（要求列表中所有物品及对应数量全部满足）。",Goal.sharedItemProgress 聚合队伍当前在线成员背包与队伍箱的物品数量映射，检查列表中每一项材质数量均满足要求即判定完成。,src/main/java/top/lqsnow/blockracing/managers/Goal.java (sharedItemProgress),无
568,OBTAIN_ALL_TORCHES,goal,1,获得所有火把类物品,"item:TORCH,SOUL_TORCH,REDSTONE_TORCH",consistent,"中文要求“获得所有火把类物品”，requirement 指定了 item:TORCH,SOUL_TORCH,REDSTONE_TORCH（要求列表中所有物品及对应数量全部满足）。",Goal.sharedItemProgress 聚合队伍当前在线成员背包与队伍箱的物品数量映射，检查列表中每一项材质数量均满足要求即判定完成。,src/main/java/top/lqsnow/blockracing/managers/Goal.java (sharedItemProgress),无
569,OBTAIN_ALL_RAW_ORE_BLOCKS,goal,2,获得所有粗矿块,"item:RAW_IRON_BLOCK,RAW_GOLD_BLOCK,RAW_COPPER_BLOCK",consistent,"中文要求“获得所有粗矿块”，requirement 指定了 item:RAW_IRON_BLOCK,RAW_GOLD_BLOCK,RAW_COPPER_BLOCK（要求列表中所有物品及对应数量全部满足）。",Goal.sharedItemProgress 聚合队伍当前在线成员背包与队伍箱的物品数量映射，检查列表中每一项材质数量均满足要求即判定完成。,src/main/java/top/lqsnow/blockracing/managers/Goal.java (sharedItemProgress),无
570,OBTAIN_64_ARROWS,goal,1,获得 64 支箭,item:ARROW*64,consistent,中文要求“获得 64 支箭”，requirement 指定了 item:ARROW*64（要求列表中所有物品及对应数量全部满足）。,Goal.sharedItemProgress 聚合队伍当前在线成员背包与队伍箱的物品数量映射，检查列表中每一项材质数量均满足要求即判定完成。,src/main/java/top/lqsnow/blockracing/managers/Goal.java (sharedItemProgress),无
571,OBTAIN_64_COARSE_DIRT,goal,1,获得 64 个砂土,item:COARSE_DIRT*64,consistent,中文要求“获得 64 个砂土”，requirement 指定了 item:COARSE_DIRT*64（要求列表中所有物品及对应数量全部满足）。,Goal.sharedItemProgress 聚合队伍当前在线成员背包与队伍箱的物品数量映射，检查列表中每一项材质数量均满足要求即判定完成。,src/main/java/top/lqsnow/blockracing/managers/Goal.java (sharedItemProgress),无
572,OBTAIN_64_COLORED_WOOL,goal,2,获得 64 个彩色羊毛,item:WHITE_WOOL*64,mismatch,中文描述为“获得 64 个彩色羊毛”，但 requirement 仅指定了 item:WHITE_WOOL*64（仅限白色羊毛 64 个），收集其他 15 种颜色的彩色羊毛均无法完成目标。,Goal.sharedItemProgress 中按目标材料类别统计进度（未满足为 0/1，满足时为 1/1），其严格比对材质为 WHITE_WOOL 且数量达到 64，对其他彩色羊毛不予累计。,"src/main/resources/Targets.csv:572, src/main/java/top/lqsnow/blockracing/managers/Goal.java (sharedItemProgress)",建议将中文文案修改为“获得 64 个白色羊毛”，或将 requirement 修改为支持任意彩色羊毛。
573,OBTAIN_64_COLORED_CONCRETE,goal,2,获得 64 个彩色混凝土,item:WHITE_CONCRETE*64,mismatch,中文描述为“获得 64 个彩色混凝土”，但 requirement 仅指定了 item:WHITE_CONCRETE*64（仅限白色混凝土 64 个），收集其他颜色的混凝土无法完成目标。,Goal.sharedItemProgress 中按目标材料类别统计进度（未满足为 0/1，满足时为 1/1），其严格比对材质为 WHITE_CONCRETE 且数量达到 64，对其他彩色混凝土不予累计。,"src/main/resources/Targets.csv:573, src/main/java/top/lqsnow/blockracing/managers/Goal.java (sharedItemProgress)",建议将中文文案修改为“获得 64 个白色混凝土”，或将 requirement 修改为支持任意彩色混凝土。
574,OBTAIN_6_UNIQUE_BUCKETS,goal,1,获得 6 种不同桶类物品,"item:BUCKET,WATER_BUCKET,LAVA_BUCKET,MILK_BUCKET,POWDER_SNOW_BUCKET,TROPICAL_FISH_BUCKET",consistent,"中文要求“获得 6 种不同桶类物品”，requirement 指定了 item:BUCKET,WATER_BUCKET,LAVA_BUCKET,MILK_BUCKET,POWDER_SNOW_BUCKET,TROPICAL_FISH_BUCKET（要求列表中所有物品及对应数量全部满足）。",Goal.sharedItemProgress 聚合队伍当前在线成员背包与队伍箱的物品数量映射，检查列表中每一项材质数量均满足要求即判定完成。,src/main/java/top/lqsnow/blockracing/managers/Goal.java (sharedItemProgress),无
575,OBTAIN_4_UNIQUE_SAPLINGS,goal,1,获得 4 种不同树苗,"item-unique:4:OAK_SAPLING,SPRUCE_SAPLING,BIRCH_SAPLING,JUNGLE_SAPLING,ACACIA_SAPLING,DARK_OAK_SAPLING,MANGROVE_PROPAGULE,CHERRY_SAPLING,PALE_OAK_SAPLING",consistent,中文要求“获得 4 种不同树苗”，requirement 指定 item-unique:4:...（要求候选列表中收集至少 4 种不同物品）。,Goal.sharedItemProgress 聚合队伍当前在线成员背包与队伍箱的物品材质集合，计算与候选集合的交集大小达到 4 即判定完成。,src/main/java/top/lqsnow/blockracing/managers/Goal.java (sharedItemProgress),无
576,OBTAIN_4_UNIQUE_SEEDS,goal,2,获得 4 种不同种子,"item:WHEAT_SEEDS,PUMPKIN_SEEDS,MELON_SEEDS,BEETROOT_SEEDS",consistent,"中文要求“获得 4 种不同种子”，requirement 指定了 item:WHEAT_SEEDS,PUMPKIN_SEEDS,MELON_SEEDS,BEETROOT_SEEDS（要求列表中所有物品及对应数量全部满足）。",Goal.sharedItemProgress 聚合队伍当前在线成员背包与队伍箱的物品数量映射，检查列表中每一项材质数量均满足要求即判定完成。,src/main/java/top/lqsnow/blockracing/managers/Goal.java (sharedItemProgress),无
577,OBTAIN_6_UNIQUE_FLOWERS,goal,-1,获得 6 种不同花朵,"item-unique:6:DANDELION,POPPY,BLUE_ORCHID,ALLIUM,AZURE_BLUET,RED_TULIP,ORANGE_TULIP,WHITE_TULIP,PINK_TULIP,OXEYE_DAISY,CORNFLOWER,LILY_OF_THE_VALLEY,WITHER_ROSE,TORCHFLOWER,PITCHER_PLANT,WILDFLOWERS,CACTUS_FLOWER,SUNFLOWER,LILAC,ROSE_BUSH,PEONY,FLOWERING_AZALEA",consistent,中文要求“获得 6 种不同花朵”，requirement 指定 item-unique:6:...（要求候选列表中收集至少 6 种不同物品）。,Goal.sharedItemProgress 聚合队伍当前在线成员背包与队伍箱的物品材质集合，计算与候选集合的交集大小达到 6 即判定完成。,src/main/java/top/lqsnow/blockracing/managers/Goal.java (sharedItemProgress),无
578,OBTAIN_7_UNIQUE_WORKSTATIONS,goal,1,获得 7 种不同工作站方块,"item:CRAFTING_TABLE,FURNACE,BLAST_FURNACE,SMOKER,LOOM,STONECUTTER,CARTOGRAPHY_TABLE",consistent,"中文要求“获得 7 种不同工作站方块”，requirement 指定了 item:CRAFTING_TABLE,FURNACE,BLAST_FURNACE,SMOKER,LOOM,STONECUTTER,CARTOGRAPHY_TABLE（要求列表中所有物品及对应数量全部满足）。",Goal.sharedItemProgress 聚合队伍当前在线成员背包与队伍箱的物品数量映射，检查列表中每一项材质数量均满足要求即判定完成。,src/main/java/top/lqsnow/blockracing/managers/Goal.java (sharedItemProgress),无
579,OBTAIN_ANY_FROGLIGHT,goal,10,获得任意一种蛙鸣灯,"item-unique:1:OCHRE_FROGLIGHT,PEARLESCENT_FROGLIGHT,VERDANT_FROGLIGHT",consistent,中文要求“获得任意一种蛙鸣灯”，requirement 指定 item-unique:1:...（要求候选列表中收集至少 1 种不同物品）。,Goal.sharedItemProgress 聚合队伍当前在线成员背包与队伍箱的物品材质集合，计算与候选集合的交集大小达到 1 即判定完成。,src/main/java/top/lqsnow/blockracing/managers/Goal.java (sharedItemProgress),无
580,OBTAIN_PERFECT_DIAMOND_PICKAXE,goal,10,获得时运 III、经验修补、耐久 III、效率 V 的钻石镐,"enchanted-item:DIAMOND_PICKAXE:fortune*3,mending*1,unbreaking*3,efficiency*5",consistent,"中文要求“获得时运 III、经验修补、耐久 III、效率 V 的钻石镐”，requirement 指定 enchanted-item:DIAMOND_PICKAXE:fortune*3,mending*1,unbreaking*3,efficiency*5。",Goal.teamProgress 遍历队伍当前在线成员背包及队伍箱中所有 DIAMOND_PICKAXE，检查是否同时具备所有指定附魔且等级达到要求。,src/main/java/top/lqsnow/blockracing/managers/Goal.java (teamProgress),无
581,EAT_5_UNIQUE_FOOD,goal,1,吃下 5 种不同食物,consume-unique:5,consistent,中文要求吃下 5 种不同食物，requirement 指定 consume-unique:5，数量与去重语义一致。,"Goal.teamProgress 通过 union(CONSUMED_MATERIALS, names) 过滤 isEdible 后统计不同食物种类数，达到 5 即判定完成。","src/main/java/top/lqsnow/blockracing/listeners/BasicListener.java (onPlayerItemConsume), src/main/java/top/lqsnow/blockracing/managers/Goal.java (teamProgress)",无
582,EAT_10_UNIQUE_FOOD,goal,1,吃下 10 种不同食物,consume-unique:10,consistent,中文要求吃下 10 种不同食物，requirement 指定 consume-unique:10，数量与去重语义一致。,"Goal.teamProgress 通过 union(CONSUMED_MATERIALS, names) 过滤 isEdible 后统计不同食物种类数，达到 10 即判定完成。","src/main/java/top/lqsnow/blockracing/listeners/BasicListener.java (onPlayerItemConsume), src/main/java/top/lqsnow/blockracing/managers/Goal.java (teamProgress)",无
583,EAT_15_UNIQUE_FOOD,goal,2,吃下 15 种不同食物,consume-unique:15,consistent,中文要求吃下 15 种不同食物，requirement 指定 consume-unique:15，数量与去重语义一致。,"Goal.teamProgress 通过 union(CONSUMED_MATERIALS, names) 过滤 isEdible 后统计不同食物种类数，达到 15 即判定完成。","src/main/java/top/lqsnow/blockracing/listeners/BasicListener.java (onPlayerItemConsume), src/main/java/top/lqsnow/blockracing/managers/Goal.java (teamProgress)",无
584,EAT_20_UNIQUE_FOOD,goal,3,吃下 20 种不同食物,consume-unique:20,consistent,中文要求吃下 20 种不同食物，requirement 指定 consume-unique:20，数量与去重语义一致。,"Goal.teamProgress 通过 union(CONSUMED_MATERIALS, names) 过滤 isEdible 后统计不同食物种类数，达到 20 即判定完成。","src/main/java/top/lqsnow/blockracing/listeners/BasicListener.java (onPlayerItemConsume), src/main/java/top/lqsnow/blockracing/managers/Goal.java (teamProgress)",无
585,EAT_25_UNIQUE_FOOD,goal,4,吃下 25 种不同食物,consume-unique:25,consistent,中文要求吃下 25 种不同食物，requirement 指定 consume-unique:25，数量与去重语义一致。,"Goal.teamProgress 通过 union(CONSUMED_MATERIALS, names) 过滤 isEdible 后统计不同食物种类数，达到 25 即判定完成。","src/main/java/top/lqsnow/blockracing/listeners/BasicListener.java (onPlayerItemConsume), src/main/java/top/lqsnow/blockracing/managers/Goal.java (teamProgress)",无
586,EAT_ALL_SOUPS,goal,2,喝下所有汤类食物,"consume-all:MUSHROOM_STEW,RABBIT_STEW,BEETROOT_SOUP,SUSPICIOUS_STEW",consistent,"中文要求“喝下所有汤类食物”，requirement 列举了全部指定消费物品（MUSHROOM_STEW,RABBIT_STEW,BEETROOT_SOUP,SUSPICIOUS_STEW）。","Goal.teamProgress 检查队伍成员消费过的材质集合 union(CONSUMED_MATERIALS, names) 是否包含列出的所有物品。","src/main/java/top/lqsnow/blockracing/listeners/BasicListener.java (onPlayerItemConsume), src/main/java/top/lqsnow/blockracing/managers/Goal.java (teamProgress)",无
587,EAT_BEETROOT_SOUP,goal,1,喝下甜菜汤,consume:BEETROOT_SOUP,consistent,中文要求“喝下甜菜汤”，requirement 指定 consume:BEETROOT_SOUP，物品匹配。,BasicListener.onPlayerItemConsume 监听消费事件，调用 Goal.recordConsume 记录材质；Goal.teamProgress 汇总队伍历史消费材质判定完成。,"src/main/java/top/lqsnow/blockracing/listeners/BasicListener.java (onPlayerItemConsume), src/main/java/top/lqsnow/blockracing/managers/Goal.java (teamProgress)",无
588,EAT_CHORUS_FRUIT,goal,-1,吃下紫颂果,consume:CHORUS_FRUIT,consistent,中文要求“吃下紫颂果”，requirement 指定 consume:CHORUS_FRUIT，物品匹配。,BasicListener.onPlayerItemConsume 监听消费事件，调用 Goal.recordConsume 记录材质；Goal.teamProgress 汇总队伍历史消费材质判定完成。,"src/main/java/top/lqsnow/blockracing/listeners/BasicListener.java (onPlayerItemConsume), src/main/java/top/lqsnow/blockracing/managers/Goal.java (teamProgress)",无
589,EAT_COOKIE,goal,-1,吃下曲奇,consume:COOKIE,consistent,中文要求“吃下曲奇”，requirement 指定 consume:COOKIE，物品匹配。,BasicListener.onPlayerItemConsume 监听消费事件，调用 Goal.recordConsume 记录材质；Goal.teamProgress 汇总队伍历史消费材质判定完成。,"src/main/java/top/lqsnow/blockracing/listeners/BasicListener.java (onPlayerItemConsume), src/main/java/top/lqsnow/blockracing/managers/Goal.java (teamProgress)",无
590,EAT_GLOW_BERRY,goal,1,吃下发光浆果,consume:GLOW_BERRIES,consistent,中文要求“吃下发光浆果”，requirement 指定 consume:GLOW_BERRIES，物品匹配。,BasicListener.onPlayerItemConsume 监听消费事件，调用 Goal.recordConsume 记录材质；Goal.teamProgress 汇总队伍历史消费材质判定完成。,"src/main/java/top/lqsnow/blockracing/listeners/BasicListener.java (onPlayerItemConsume), src/main/java/top/lqsnow/blockracing/managers/Goal.java (teamProgress)",无
591,EAT_POISONOUS_POTATO,goal,-1,吃下毒马铃薯,consume:POISONOUS_POTATO,consistent,中文要求“吃下毒马铃薯”，requirement 指定 consume:POISONOUS_POTATO，物品匹配。,BasicListener.onPlayerItemConsume 监听消费事件，调用 Goal.recordConsume 记录材质；Goal.teamProgress 汇总队伍历史消费材质判定完成。,"src/main/java/top/lqsnow/blockracing/listeners/BasicListener.java (onPlayerItemConsume), src/main/java/top/lqsnow/blockracing/managers/Goal.java (teamProgress)",无
592,EAT_PUMPKIN_PIE,goal,2,吃下南瓜派,consume:PUMPKIN_PIE,consistent,中文要求“吃下南瓜派”，requirement 指定 consume:PUMPKIN_PIE，物品匹配。,BasicListener.onPlayerItemConsume 监听消费事件，调用 Goal.recordConsume 记录材质；Goal.teamProgress 汇总队伍历史消费材质判定完成。,"src/main/java/top/lqsnow/blockracing/listeners/BasicListener.java (onPlayerItemConsume), src/main/java/top/lqsnow/blockracing/managers/Goal.java (teamProgress)",无
593,EAT_RABBIT_STEW,goal,1,喝下兔肉煲,consume:RABBIT_STEW,consistent,中文要求“喝下兔肉煲”，requirement 指定 consume:RABBIT_STEW，物品匹配。,BasicListener.onPlayerItemConsume 监听消费事件，调用 Goal.recordConsume 记录材质；Goal.teamProgress 汇总队伍历史消费材质判定完成。,"src/main/java/top/lqsnow/blockracing/listeners/BasicListener.java (onPlayerItemConsume), src/main/java/top/lqsnow/blockracing/managers/Goal.java (teamProgress)",无
594,EAT_SUSPICIOUS_STEW,goal,1,喝下谜之炖菜,consume:SUSPICIOUS_STEW,consistent,中文要求“喝下谜之炖菜”，requirement 指定 consume:SUSPICIOUS_STEW，物品匹配。,BasicListener.onPlayerItemConsume 监听消费事件，调用 Goal.recordConsume 记录材质；Goal.teamProgress 汇总队伍历史消费材质判定完成。,"src/main/java/top/lqsnow/blockracing/listeners/BasicListener.java (onPlayerItemConsume), src/main/java/top/lqsnow/blockracing/managers/Goal.java (teamProgress)",无
595,DRINK_HONEY_BOTTLE,goal,1,喝下蜂蜜瓶,consume:HONEY_BOTTLE,consistent,中文要求“喝下蜂蜜瓶”，requirement 指定 consume:HONEY_BOTTLE，物品匹配。,BasicListener.onPlayerItemConsume 监听消费事件，调用 Goal.recordConsume 记录材质；Goal.teamProgress 汇总队伍历史消费材质判定完成。,"src/main/java/top/lqsnow/blockracing/listeners/BasicListener.java (onPlayerItemConsume), src/main/java/top/lqsnow/blockracing/managers/Goal.java (teamProgress)",无
596,DRINK_WATER_BOTTLE,goal,1,喝下一瓶水,consume-potion:WATER,consistent,中文要求“喝下一瓶水”，requirement 指定 consume-potion:WATER，药水类型匹配。,BasicListener.onPlayerItemConsume 监听消费药水，提取 PotionMeta.getBasePotionType() 并调用 Goal.recordConsumePotion；Goal.teamProgress 判定队伍成员历史账本是否饮用过指定药水。,"src/main/java/top/lqsnow/blockracing/listeners/BasicListener.java (onPlayerItemConsume), src/main/java/top/lqsnow/blockracing/managers/Goal.java (teamProgress)",无
597,ENTER_NETHER,goal,2,获得勇往直下进度,advancement:story/enter_the_nether,consistent,中文显示“获得勇往直下进度”与目标进度命名空间 key（minecraft:story/enter_the_nether）对应。,BasicListener.onAdvancement 捕获 PlayerAdvancementDoneEvent，调用 Goal.recordAdvancement 记录到 COMPLETED_ADVANCEMENTS；Goal.teamProgress 检查队伍成员（包含已记录离线成员）是否包含 minecraft:story/enter_the_nether。,"src/main/java/top/lqsnow/blockracing/listeners/BasicListener.java (onAdvancement), src/main/java/top/lqsnow/blockracing/managers/Goal.java (teamProgress)",无
598,ENTER_END,goal,3,获得末地进度,advancement:end/root,consistent,中文显示“获得末地进度”与目标进度命名空间 key（minecraft:end/root）对应。,BasicListener.onAdvancement 捕获 PlayerAdvancementDoneEvent，调用 Goal.recordAdvancement 记录到 COMPLETED_ADVANCEMENTS；Goal.teamProgress 检查队伍成员（包含已记录离线成员）是否包含 minecraft:end/root。,"src/main/java/top/lqsnow/blockracing/listeners/BasicListener.java (onAdvancement), src/main/java/top/lqsnow/blockracing/managers/Goal.java (teamProgress)",无
599,GET_EYE_SPY_ADVANCEMENT,goal,2,获得隔墙有眼进度,advancement:story/follow_ender_eye,consistent,中文显示“获得隔墙有眼进度”与目标进度命名空间 key（minecraft:story/follow_ender_eye）对应。,BasicListener.onAdvancement 捕获 PlayerAdvancementDoneEvent，调用 Goal.recordAdvancement 记录到 COMPLETED_ADVANCEMENTS；Goal.teamProgress 检查队伍成员（包含已记录离线成员）是否包含 minecraft:story/follow_ender_eye。,"src/main/java/top/lqsnow/blockracing/listeners/BasicListener.java (onAdvancement), src/main/java/top/lqsnow/blockracing/managers/Goal.java (teamProgress)",无
600,GET_WHAT_A_DEAL_ADVANCEMENT,goal,1,获得成交！进度,advancement:adventure/trade,consistent,中文显示“获得成交！进度”与目标进度命名空间 key（minecraft:adventure/trade）对应。,BasicListener.onAdvancement 捕获 PlayerAdvancementDoneEvent，调用 Goal.recordAdvancement 记录到 COMPLETED_ADVANCEMENTS；Goal.teamProgress 检查队伍成员（包含已记录离线成员）是否包含 minecraft:adventure/trade。,"src/main/java/top/lqsnow/blockracing/listeners/BasicListener.java (onAdvancement), src/main/java/top/lqsnow/blockracing/managers/Goal.java (teamProgress)",无
601,GET_OH_SHINY_ADVANCEMENT,goal,1,获得金光闪闪进度,advancement:nether/distract_piglin,consistent,中文显示“获得金光闪闪进度”与目标进度命名空间 key（minecraft:nether/distract_piglin）对应。,BasicListener.onAdvancement 捕获 PlayerAdvancementDoneEvent，调用 Goal.recordAdvancement 记录到 COMPLETED_ADVANCEMENTS；Goal.teamProgress 检查队伍成员（包含已记录离线成员）是否包含 minecraft:nether/distract_piglin。,"src/main/java/top/lqsnow/blockracing/listeners/BasicListener.java (onAdvancement), src/main/java/top/lqsnow/blockracing/managers/Goal.java (teamProgress)",无
602,GET_SNIPER_DUEL_ADVANCEMENT,goal,2,获得狙击手的对决进度,advancement:adventure/sniper_duel,consistent,中文显示“获得狙击手的对决进度”与目标进度命名空间 key（minecraft:adventure/sniper_duel）对应。,BasicListener.onAdvancement 捕获 PlayerAdvancementDoneEvent，调用 Goal.recordAdvancement 记录到 COMPLETED_ADVANCEMENTS；Goal.teamProgress 检查队伍成员（包含已记录离线成员）是否包含 minecraft:adventure/sniper_duel。,"src/main/java/top/lqsnow/blockracing/listeners/BasicListener.java (onAdvancement), src/main/java/top/lqsnow/blockracing/managers/Goal.java (teamProgress)",无
603,GET_BULLSEYE_ADVANCEMENT,goal,2,获得正中靶心进度,advancement:adventure/bullseye,consistent,中文显示“获得正中靶心进度”与目标进度命名空间 key（minecraft:adventure/bullseye）对应。,BasicListener.onAdvancement 捕获 PlayerAdvancementDoneEvent，调用 Goal.recordAdvancement 记录到 COMPLETED_ADVANCEMENTS；Goal.teamProgress 检查队伍成员（包含已记录离线成员）是否包含 minecraft:adventure/bullseye。,"src/main/java/top/lqsnow/blockracing/listeners/BasicListener.java (onAdvancement), src/main/java/top/lqsnow/blockracing/managers/Goal.java (teamProgress)",无
604,GET_HIRED_HELP_ADVANCEMENT,goal,2,获得招募援兵进度,advancement:adventure/summon_iron_golem,consistent,中文显示“获得招募援兵进度”与目标进度命名空间 key（minecraft:adventure/summon_iron_golem）对应。,BasicListener.onAdvancement 捕获 PlayerAdvancementDoneEvent，调用 Goal.recordAdvancement 记录到 COMPLETED_ADVANCEMENTS；Goal.teamProgress 检查队伍成员（包含已记录离线成员）是否包含 minecraft:adventure/summon_iron_golem。,"src/main/java/top/lqsnow/blockracing/listeners/BasicListener.java (onAdvancement), src/main/java/top/lqsnow/blockracing/managers/Goal.java (teamProgress)",无
605,GET_THIS_BOAT_HAS_LEGS_ADVANCEMENT,goal,2,获得画船添足进度,advancement:nether/ride_strider,consistent,中文显示“获得画船添足进度”与目标进度命名空间 key（minecraft:nether/ride_strider）对应。,BasicListener.onAdvancement 捕获 PlayerAdvancementDoneEvent，调用 Goal.recordAdvancement 记录到 COMPLETED_ADVANCEMENTS；Goal.teamProgress 检查队伍成员（包含已记录离线成员）是否包含 minecraft:nether/ride_strider。,"src/main/java/top/lqsnow/blockracing/listeners/BasicListener.java (onAdvancement), src/main/java/top/lqsnow/blockracing/managers/Goal.java (teamProgress)",无
606,GET_NOT_QUITE_NINE_LIVES_ADVANCEMENT,goal,2,获得锚没有九条命进度,advancement:nether/charge_respawn_anchor,consistent,中文显示“获得锚没有九条命进度”与目标进度命名空间 key（minecraft:nether/charge_respawn_anchor）对应。,BasicListener.onAdvancement 捕获 PlayerAdvancementDoneEvent，调用 Goal.recordAdvancement 记录到 COMPLETED_ADVANCEMENTS；Goal.teamProgress 检查队伍成员（包含已记录离线成员）是否包含 minecraft:nether/charge_respawn_anchor。,"src/main/java/top/lqsnow/blockracing/listeners/BasicListener.java (onAdvancement), src/main/java/top/lqsnow/blockracing/managers/Goal.java (teamProgress)",无
607,GET_A_COMPLETE_CATALOGUE_ADVANCEMENT,goal,20,获得百猫全书进度,advancement:husbandry/complete_catalogue,consistent,中文显示“获得百猫全书进度”与目标进度命名空间 key（minecraft:husbandry/complete_catalogue）对应。,BasicListener.onAdvancement 捕获 PlayerAdvancementDoneEvent，调用 Goal.recordAdvancement 记录到 COMPLETED_ADVANCEMENTS；Goal.teamProgress 检查队伍成员（包含已记录离线成员）是否包含 minecraft:husbandry/complete_catalogue。,"src/main/java/top/lqsnow/blockracing/listeners/BasicListener.java (onAdvancement), src/main/java/top/lqsnow/blockracing/managers/Goal.java (teamProgress)",无
608,GET_THE_WHOLE_PACKAGE_ADVANCEMENT,goal,30,获得群狼聚首进度,advancement:husbandry/whole_pack,consistent,中文显示“获得群狼聚首进度”与目标进度命名空间 key（minecraft:husbandry/whole_pack）对应。,BasicListener.onAdvancement 捕获 PlayerAdvancementDoneEvent，调用 Goal.recordAdvancement 记录到 COMPLETED_ADVANCEMENTS；Goal.teamProgress 检查队伍成员（包含已记录离线成员）是否包含 minecraft:husbandry/whole_pack。,"src/main/java/top/lqsnow/blockracing/listeners/BasicListener.java (onAdvancement), src/main/java/top/lqsnow/blockracing/managers/Goal.java (teamProgress)",无
609,GET_WITH_OUR_POWERS_COMBINED_ADVANCEMENT,goal,20,获得相映生辉！进度,advancement:husbandry/froglights,consistent,中文显示“获得相映生辉！进度”与目标进度命名空间 key（minecraft:husbandry/froglights）对应。,BasicListener.onAdvancement 捕获 PlayerAdvancementDoneEvent，调用 Goal.recordAdvancement 记录到 COMPLETED_ADVANCEMENTS；Goal.teamProgress 检查队伍成员（包含已记录离线成员）是否包含 minecraft:husbandry/froglights。,"src/main/java/top/lqsnow/blockracing/listeners/BasicListener.java (onAdvancement), src/main/java/top/lqsnow/blockracing/managers/Goal.java (teamProgress)",无
610,GET_BEACONATOR_ADVANCEMENT,goal,30,获得信标工程师进度,advancement:nether/create_full_beacon,consistent,中文显示“获得信标工程师进度”与目标进度命名空间 key（minecraft:nether/create_full_beacon）对应。,BasicListener.onAdvancement 捕获 PlayerAdvancementDoneEvent，调用 Goal.recordAdvancement 记录到 COMPLETED_ADVANCEMENTS；Goal.teamProgress 检查队伍成员（包含已记录离线成员）是否包含 minecraft:nether/create_full_beacon。,"src/main/java/top/lqsnow/blockracing/listeners/BasicListener.java (onAdvancement), src/main/java/top/lqsnow/blockracing/managers/Goal.java (teamProgress)",无
611,GET_FEELS_LIKE_HOME_ADVANCEMENT,goal,3,获得温暖如家进度,advancement:nether/ride_strider_in_overworld_lava,consistent,中文显示“获得温暖如家进度”与目标进度命名空间 key（minecraft:nether/ride_strider_in_overworld_lava）对应。,BasicListener.onAdvancement 捕获 PlayerAdvancementDoneEvent，调用 Goal.recordAdvancement 记录到 COMPLETED_ADVANCEMENTS；Goal.teamProgress 检查队伍成员（包含已记录离线成员）是否包含 minecraft:nether/ride_strider_in_overworld_lava。,"src/main/java/top/lqsnow/blockracing/listeners/BasicListener.java (onAdvancement), src/main/java/top/lqsnow/blockracing/managers/Goal.java (teamProgress)",无
612,GET_COVER_ME_IN_DEBRIS_ADVANCEMENT,goal,10,获得残骸裹身进度,advancement:nether/netherite_armor,consistent,中文显示“获得残骸裹身进度”与目标进度命名空间 key（minecraft:nether/netherite_armor）对应。,BasicListener.onAdvancement 捕获 PlayerAdvancementDoneEvent，调用 Goal.recordAdvancement 记录到 COMPLETED_ADVANCEMENTS；Goal.teamProgress 检查队伍成员（包含已记录离线成员）是否包含 minecraft:nether/netherite_armor。,"src/main/java/top/lqsnow/blockracing/listeners/BasicListener.java (onAdvancement), src/main/java/top/lqsnow/blockracing/managers/Goal.java (teamProgress)",无
613,GET_ZOMBIE_DOCTOR_ADVANCEMENT,goal,3,获得僵尸科医生进度,advancement:story/cure_zombie_villager,consistent,中文显示“获得僵尸科医生进度”与目标进度命名空间 key（minecraft:story/cure_zombie_villager）对应。,BasicListener.onAdvancement 捕获 PlayerAdvancementDoneEvent，调用 Goal.recordAdvancement 记录到 COMPLETED_ADVANCEMENTS；Goal.teamProgress 检查队伍成员（包含已记录离线成员）是否包含 minecraft:story/cure_zombie_villager。,"src/main/java/top/lqsnow/blockracing/listeners/BasicListener.java (onAdvancement), src/main/java/top/lqsnow/blockracing/managers/Goal.java (teamProgress)",无
614,GET_STAR_TRADER_ADVANCEMENT,goal,3,获得星际商人进度,advancement:adventure/trade_at_world_height,consistent,中文显示“获得星际商人进度”与目标进度命名空间 key（minecraft:adventure/trade_at_world_height）对应。,BasicListener.onAdvancement 捕获 PlayerAdvancementDoneEvent，调用 Goal.recordAdvancement 记录到 COMPLETED_ADVANCEMENTS；Goal.teamProgress 检查队伍成员（包含已记录离线成员）是否包含 minecraft:adventure/trade_at_world_height。,"src/main/java/top/lqsnow/blockracing/listeners/BasicListener.java (onAdvancement), src/main/java/top/lqsnow/blockracing/managers/Goal.java (teamProgress)",无
615,GET_ABSORPTION_STATUS_EFFECT,goal,-1,获得伤害吸收,effect:absorption,consistent,中文要求“获得伤害吸收”，requirement 指定 effect:absorption。,Goal.individualProgress 检查在线玩家当前是否具有 PotionEffectType.absorption 效果；Goal.teamProgress 取全队在线成员最佳值（任一在线队员持有即完成）。,"src/main/java/top/lqsnow/blockracing/managers/Goal.java (individualProgress), src/main/java/top/lqsnow/blockracing/managers/Goal.java (teamProgress)",无
616,GET_BAD_OMEN_STATUS_EFFECT,goal,-1,获得不祥之兆,effect:bad_omen,consistent,中文要求“获得不祥之兆”，requirement 指定 effect:bad_omen。,Goal.individualProgress 检查在线玩家当前是否具有 PotionEffectType.bad_omen 效果；Goal.teamProgress 取全队在线成员最佳值（任一在线队员持有即完成）。,"src/main/java/top/lqsnow/blockracing/managers/Goal.java (individualProgress), src/main/java/top/lqsnow/blockracing/managers/Goal.java (teamProgress)",无
617,GET_GLOWING_STATUS_EFFECT,goal,2,获得发光,effect:glowing,consistent,中文要求“获得发光”，requirement 指定 effect:glowing。,Goal.individualProgress 检查在线玩家当前是否具有 PotionEffectType.glowing 效果；Goal.teamProgress 取全队在线成员最佳值（任一在线队员持有即完成）。,"src/main/java/top/lqsnow/blockracing/managers/Goal.java (individualProgress), src/main/java/top/lqsnow/blockracing/managers/Goal.java (teamProgress)",无
618,GET_JUMP_BOOST_STATUS_EFFECT,goal,-1,获得跳跃提升,effect:jump_boost,consistent,中文要求“获得跳跃提升”，requirement 指定 effect:jump_boost。,Goal.individualProgress 检查在线玩家当前是否具有 PotionEffectType.jump_boost 效果；Goal.teamProgress 取全队在线成员最佳值（任一在线队员持有即完成）。,"src/main/java/top/lqsnow/blockracing/managers/Goal.java (individualProgress), src/main/java/top/lqsnow/blockracing/managers/Goal.java (teamProgress)",无
619,GET_LEVITATION_STATUS_EFFECT,goal,3,获得飘浮,effect:levitation,consistent,中文要求“获得飘浮”，requirement 指定 effect:levitation。,Goal.individualProgress 检查在线玩家当前是否具有 PotionEffectType.levitation 效果；Goal.teamProgress 取全队在线成员最佳值（任一在线队员持有即完成）。,"src/main/java/top/lqsnow/blockracing/managers/Goal.java (individualProgress), src/main/java/top/lqsnow/blockracing/managers/Goal.java (teamProgress)",无
620,GET_MINING_FATIGUE_STATUS_EFFECT,goal,1,获得挖掘疲劳,effect:mining_fatigue,consistent,中文要求“获得挖掘疲劳”，requirement 指定 effect:mining_fatigue。,Goal.individualProgress 检查在线玩家当前是否具有 PotionEffectType.mining_fatigue 效果；Goal.teamProgress 取全队在线成员最佳值（任一在线队员持有即完成）。,"src/main/java/top/lqsnow/blockracing/managers/Goal.java (individualProgress), src/main/java/top/lqsnow/blockracing/managers/Goal.java (teamProgress)",无
621,GET_NAUSEA_STATUS_EFFECT,goal,1,获得反胃,effect:nausea,consistent,中文要求“获得反胃”，requirement 指定 effect:nausea。,Goal.individualProgress 检查在线玩家当前是否具有 PotionEffectType.nausea 效果；Goal.teamProgress 取全队在线成员最佳值（任一在线队员持有即完成）。,"src/main/java/top/lqsnow/blockracing/managers/Goal.java (individualProgress), src/main/java/top/lqsnow/blockracing/managers/Goal.java (teamProgress)",无
622,GET_POISON_STATUS_EFFECT,goal,1,获得中毒,effect:poison,consistent,中文要求“获得中毒”，requirement 指定 effect:poison。,Goal.individualProgress 检查在线玩家当前是否具有 PotionEffectType.poison 效果；Goal.teamProgress 取全队在线成员最佳值（任一在线队员持有即完成）。,"src/main/java/top/lqsnow/blockracing/managers/Goal.java (individualProgress), src/main/java/top/lqsnow/blockracing/managers/Goal.java (teamProgress)",无
623,GET_WEAKNESS_STATUS_EFFECT,goal,1,获得虚弱,effect:weakness,consistent,中文要求“获得虚弱”，requirement 指定 effect:weakness。,Goal.individualProgress 检查在线玩家当前是否具有 PotionEffectType.weakness 效果；Goal.teamProgress 取全队在线成员最佳值（任一在线队员持有即完成）。,"src/main/java/top/lqsnow/blockracing/managers/Goal.java (individualProgress), src/main/java/top/lqsnow/blockracing/managers/Goal.java (teamProgress)",无
624,REMOVE_STATUS_EFFECT_USING_MILK,goal,1,使用牛奶桶清除状态效果,consume:MILK_BUCKET,mismatch,中文要求“使用牛奶桶清除状态效果”，但 requirement 为 consume:MILK_BUCKET。,BasicListener.onPlayerItemConsume 仅记录消费物品材质 MILK_BUCKET，未检测饮用牛奶前身上是否存在激活的药水效果，无状态效果时饮用牛奶也会触发完成。,"src/main/java/top/lqsnow/blockracing/listeners/BasicListener.java (onPlayerItemConsume), src/main/java/top/lqsnow/blockracing/managers/Goal.java (teamProgress)",建议将中文文案修改为“喝下一桶牛奶”，或在消费事件中判定 player.getActivePotionEffects() 非空时才记录。
625,GET_10_ADVANCEMENTS,goal,1,获得 10 个进度,advancement-count:10,consistent,中文要求获得 10 个进度，requirement 指定 advancement-count:10，数量与去重计数语义一致。,"Goal.teamProgress 通过 union(COMPLETED_ADVANCEMENTS, names).size() 统计队伍成员（包含已记录离线成员）已完成的不重复有效进度总数（已自动过滤配方与无展示进度），达到 10 即判定完成。","src/main/java/top/lqsnow/blockracing/managers/Goal.java (teamProgress), src/main/java/top/lqsnow/blockracing/managers/Goal.java (recordAdvancement)",无
626,GET_20_ADVANCEMENTS,goal,1,获得 20 个进度,advancement-count:20,consistent,中文要求获得 20 个进度，requirement 指定 advancement-count:20，数量与去重计数语义一致。,"Goal.teamProgress 通过 union(COMPLETED_ADVANCEMENTS, names).size() 统计队伍成员（包含已记录离线成员）已完成的不重复有效进度总数（已自动过滤配方与无展示进度），达到 20 即判定完成。","src/main/java/top/lqsnow/blockracing/managers/Goal.java (teamProgress), src/main/java/top/lqsnow/blockracing/managers/Goal.java (recordAdvancement)",无
627,GET_30_ADVANCEMENTS,goal,2,获得 30 个进度,advancement-count:30,consistent,中文要求获得 30 个进度，requirement 指定 advancement-count:30，数量与去重计数语义一致。,"Goal.teamProgress 通过 union(COMPLETED_ADVANCEMENTS, names).size() 统计队伍成员（包含已记录离线成员）已完成的不重复有效进度总数（已自动过滤配方与无展示进度），达到 30 即判定完成。","src/main/java/top/lqsnow/blockracing/managers/Goal.java (teamProgress), src/main/java/top/lqsnow/blockracing/managers/Goal.java (recordAdvancement)",无
628,REACH_EXP_LEVEL_10,goal,1,达到 10 级经验等级,level:10,consistent,中文要求“达到 10 级经验等级”，requirement 指定 level:10。,Goal.individualProgress 检查在线玩家经验等级 level >= 10；Goal.teamProgress 取全队在线成员最佳值判定完成。,"src/main/java/top/lqsnow/blockracing/managers/Goal.java (individualProgress), src/main/java/top/lqsnow/blockracing/managers/Goal.java (teamProgress)",无
629,REACH_EXP_LEVEL_20,goal,1,达到 20 级经验等级,level:20,consistent,中文要求“达到 20 级经验等级”，requirement 指定 level:20。,Goal.individualProgress 检查在线玩家经验等级 level >= 20；Goal.teamProgress 取全队在线成员最佳值判定完成。,"src/main/java/top/lqsnow/blockracing/managers/Goal.java (individualProgress), src/main/java/top/lqsnow/blockracing/managers/Goal.java (teamProgress)",无
630,REACH_HEIGHT_LIMIT,goal,2,到达高度上限,location:height-limit,consistent,中文要求“到达高度上限”，requirement 指定 location:height-limit。,Goal.individualProgress 检查在线玩家坐标与所在维度（height-limit: Y>=319; bedrock: Overworld Y<=-59 / Nether Y<=4; nether-roof: Nether Y>=127）；Goal.teamProgress 取全队在线成员最佳值判定完成。,"src/main/java/top/lqsnow/blockracing/managers/Goal.java (individualProgress), src/main/java/top/lqsnow/blockracing/managers/Goal.java (teamProgress)",无
631,REACH_BEDROCK,goal,1,到达基岩层,location:bedrock,consistent,中文要求“到达基岩层”，requirement 指定 location:bedrock。,Goal.individualProgress 检查在线玩家坐标与所在维度（height-limit: Y>=319; bedrock: Overworld Y<=-59 / Nether Y<=4; nether-roof: Nether Y>=127）；Goal.teamProgress 取全队在线成员最佳值判定完成。,"src/main/java/top/lqsnow/blockracing/managers/Goal.java (individualProgress), src/main/java/top/lqsnow/blockracing/managers/Goal.java (teamProgress)",无
632,REACH_NETHER_ROOF,goal,2,到达下界顶部,location:nether-roof,consistent,中文要求“到达下界顶部”，requirement 指定 location:nether-roof。,Goal.individualProgress 检查在线玩家坐标与所在维度（height-limit: Y>=319; bedrock: Overworld Y<=-59 / Nether Y<=4; nether-roof: Nether Y>=127）；Goal.teamProgress 取全队在线成员最佳值判定完成。,"src/main/java/top/lqsnow/blockracing/managers/Goal.java (individualProgress), src/main/java/top/lqsnow/blockracing/managers/Goal.java (teamProgress)",无
633,EMPTY_HUNGER_BAR,goal,2,清空饥饿条,hunger:empty,consistent,中文要求“清空饥饿条”，requirement 指定 hunger:empty。,Goal.individualProgress 检查在线玩家 foodLevel <= 0；Goal.teamProgress 取全队在线成员最佳值判定完成。,"src/main/java/top/lqsnow/blockracing/managers/Goal.java (individualProgress), src/main/java/top/lqsnow/blockracing/managers/Goal.java (teamProgress)",无
634,USE_STONECUTTER,goal,1,使用切石机,use-block:STONECUTTER,consistent,中文要求“使用切石机”，requirement 指定 use-block:STONECUTTER，方块匹配。,BasicListener.onPlayerInteract（ignoreCancelled=true）收到未取消的 RIGHT_CLICK_BLOCK 事件调用 Goal.recordUseBlock；Goal.teamProgress 汇总队伍使用过的方块，包含 STONECUTTER 即判定完成。,"src/main/java/top/lqsnow/blockracing/listeners/BasicListener.java (onPlayerInteract), src/main/java/top/lqsnow/blockracing/managers/Goal.java (teamProgress)",无
635,USE_ANVIL,goal,-1,使用铁砧,use-block:ANVIL,consistent,中文要求“使用铁砧”，requirement 指定 use-block:ANVIL，方块匹配。,BasicListener.onPlayerInteract（ignoreCancelled=true）收到未取消的 RIGHT_CLICK_BLOCK 事件调用 Goal.recordUseBlock；Goal.teamProgress 汇总队伍使用过的方块，包含 ANVIL 即判定完成。,"src/main/java/top/lqsnow/blockracing/listeners/BasicListener.java (onPlayerInteract), src/main/java/top/lqsnow/blockracing/managers/Goal.java (teamProgress)",无
636,USE_ENCHANTING_TABLE,goal,2,使用附魔台,use-block:ENCHANTING_TABLE,consistent,中文要求“使用附魔台”，requirement 指定 use-block:ENCHANTING_TABLE，方块匹配。,BasicListener.onPlayerInteract（ignoreCancelled=true）收到未取消的 RIGHT_CLICK_BLOCK 事件调用 Goal.recordUseBlock；Goal.teamProgress 汇总队伍使用过的方块，包含 ENCHANTING_TABLE 即判定完成。,"src/main/java/top/lqsnow/blockracing/listeners/BasicListener.java (onPlayerInteract), src/main/java/top/lqsnow/blockracing/managers/Goal.java (teamProgress)",无
637,USE_GRINDSTONE,goal,-1,使用砂轮,use-block:GRINDSTONE,consistent,中文要求“使用砂轮”，requirement 指定 use-block:GRINDSTONE，方块匹配。,BasicListener.onPlayerInteract（ignoreCancelled=true）收到未取消的 RIGHT_CLICK_BLOCK 事件调用 Goal.recordUseBlock；Goal.teamProgress 汇总队伍使用过的方块，包含 GRINDSTONE 即判定完成。,"src/main/java/top/lqsnow/blockracing/listeners/BasicListener.java (onPlayerInteract), src/main/java/top/lqsnow/blockracing/managers/Goal.java (teamProgress)",无
638,USE_LOOM,goal,1,使用织布机设计旗帜,use-block:LOOM,mismatch,中文要求“使用织布机设计旗帜”，但 requirement 为 use-block:LOOM。,BasicListener.onPlayerInteract（ignoreCancelled=true）在收到未被取消的 RIGHT_CLICK_BLOCK 事件时直接记录该方块材质为 LOOM，未校验玩家是否在织布机中放入旗帜/图案/染料并完成旗帜设计。,"src/main/java/top/lqsnow/blockracing/listeners/BasicListener.java (onPlayerInteract), src/main/java/top/lqsnow/blockracing/managers/Goal.java (teamProgress)",建议将中文文案简化为“使用织布机”，或在代码中监听旗帜织造事件。
639,USE_SMITHING_TABLE,goal,2,使用锻造台,use-block:SMITHING_TABLE,consistent,中文要求“使用锻造台”，requirement 指定 use-block:SMITHING_TABLE，方块匹配。,BasicListener.onPlayerInteract（ignoreCancelled=true）收到未取消的 RIGHT_CLICK_BLOCK 事件调用 Goal.recordUseBlock；Goal.teamProgress 汇总队伍使用过的方块，包含 SMITHING_TABLE 即判定完成。,"src/main/java/top/lqsnow/blockracing/listeners/BasicListener.java (onPlayerInteract), src/main/java/top/lqsnow/blockracing/managers/Goal.java (teamProgress)",无
640,USE_CAULDRON,goal,1,使用炼药锅清洗物品,use-block:CAULDRON,mismatch,中文要求“使用炼药锅清洗物品”，但 requirement 为 use-block:CAULDRON。,存在方块材质与行为双重偏差：1. BasicListener.onPlayerInteract 收到未被取消的 RIGHT_CLICK_BLOCK 时直接记录 clickedBlock.getType()；在原版中盛水炼药锅方块材质为 WATER_CAULDRON，右键盛水炼药锅清洗时记录的是 WATER_CAULDRON，无法匹配 requirement 的 CAULDRON；2. 右键空炼药锅（CAULDRON）会直接触发完成，未校验清洗行为。,"src/main/java/top/lqsnow/blockracing/listeners/BasicListener.java (onPlayerInteract), src/main/java/top/lqsnow/blockracing/managers/Goal.java (teamProgress)",建议将中文文案简化为“使用炼药锅”，并修复 WATER_CAULDRON 等材质匹配，或在代码中增加对清洗染色防具/旗帜的精确监听。
641,USE_COMPOSTER,goal,1,将堆肥桶填满并获得骨粉,use-block:COMPOSTER,mismatch,中文要求“将堆肥桶填满并获得骨粉”，但 requirement 为 use-block:COMPOSTER。,BasicListener.onPlayerInteract（ignoreCancelled=true）在收到未被取消的 RIGHT_CLICK_BLOCK 事件时直接记录方块 COMPOSTER 即判定完成，未检测堆肥桶是否填满 7 层并产出骨粉。,"src/main/java/top/lqsnow/blockracing/listeners/BasicListener.java (onPlayerInteract), src/main/java/top/lqsnow/blockracing/managers/Goal.java (teamProgress)",建议将中文文案简化为“使用堆肥桶”，或在代码中增加对堆肥产出骨粉的专项检测。
642,USE_JUKEBOX,goal,2,使用唱片机播放唱片,use-block:JUKEBOX,mismatch,中文要求“使用唱片机播放唱片”，但 requirement 为 use-block:JUKEBOX。,BasicListener.onPlayerInteract（ignoreCancelled=true）在收到未被取消的 RIGHT_CLICK_BLOCK 事件时直接记录方块 JUKEBOX 即判定完成，未校验玩家手持物是否为唱片或唱片机是否成功播放。,"src/main/java/top/lqsnow/blockracing/listeners/BasicListener.java (onPlayerInteract), src/main/java/top/lqsnow/blockracing/managers/Goal.java (teamProgress)",建议将中文文案简化为“使用唱片机”，或在代码中检测插入并播放唱片事件。
643,CRAFT_20_UNIQUE_ITEMS,goal,1,合成 20 种不同物品,craft-unique:20,consistent,中文要求合成 20 种不同物品，requirement 指定 craft-unique:20，数量与去重语义一致。,"BasicListener.onCraftItem 监听 CraftItemEvent 并调用 Goal.recordCraft 记录成品材质；Goal.teamProgress 统计队伍 union(CRAFTED_MATERIALS, names).size() 达到 20 即完成。","src/main/java/top/lqsnow/blockracing/listeners/BasicListener.java (onCraftItem), src/main/java/top/lqsnow/blockracing/managers/Goal.java (teamProgress)",无
644,CRAFT_50_UNIQUE_ITEMS,goal,2,合成 50 种不同物品,craft-unique:50,consistent,中文要求合成 50 种不同物品，requirement 指定 craft-unique:50，数量与去重语义一致。,"BasicListener.onCraftItem 监听 CraftItemEvent 并调用 Goal.recordCraft 记录成品材质；Goal.teamProgress 统计队伍 union(CRAFTED_MATERIALS, names).size() 达到 50 即完成。","src/main/java/top/lqsnow/blockracing/listeners/BasicListener.java (onCraftItem), src/main/java/top/lqsnow/blockracing/managers/Goal.java (teamProgress)",无
645,CRAFT_100_UNIQUE_ITEMS,goal,3,合成 100 种不同物品,craft-unique:100,consistent,中文要求合成 100 种不同物品，requirement 指定 craft-unique:100，数量与去重语义一致。,"BasicListener.onCraftItem 监听 CraftItemEvent 并调用 Goal.recordCraft 记录成品材质；Goal.teamProgress 统计队伍 union(CRAFTED_MATERIALS, names).size() 达到 100 即完成。","src/main/java/top/lqsnow/blockracing/listeners/BasicListener.java (onCraftItem), src/main/java/top/lqsnow/blockracing/managers/Goal.java (teamProgress)",无
646,FISH_TREASURE,goal,2,钓鱼获得一件宝藏物品,fish-treasure,consistent,中文要求钓鱼获得一件宝藏物品，requirement 为 fish-treasure。,"BasicListener.onPlayerFish 监听 PlayerFishEvent，当状态为 CAUGHT_FISH 且掉落物材质属于宝藏列表（BOW, ENCHANTED_BOOK, FISHING_ROD, NAME_TAG, NAUTILUS_SHELL, SADDLE）时记录 Goal.recordFishTreasure；Goal.teamProgress 判定队伍中有人钓获即完成。","src/main/java/top/lqsnow/blockracing/listeners/BasicListener.java (onPlayerFish), src/main/java/top/lqsnow/blockracing/managers/Goal.java (teamProgress)",无
647,SPY_ON_20_UNIQUE_MOBS,goal,5,用望远镜观察 20 种不同生物,spy-unique:20,consistent,中文要求用望远镜观察 20 种不同生物，requirement 指定 spy-unique:20。,"Game.runPer5Tick 调用 Goal.recordSpyglassTarget 对手持望远镜玩家进行 64 格射线检测，命中 LivingEntity 则记录其 EntityType；Goal.teamProgress 统计全队观察到的不同生物数 union(SPIED_ENTITY_TYPES, names).size() 达到 20 即完成。","src/main/java/top/lqsnow/blockracing/managers/Goal.java (recordSpyglassTarget), src/main/java/top/lqsnow/blockracing/managers/Goal.java (teamProgress)",无
648,WEAR_CARVED_PUMPKIN_5_MINUTES,goal,3,连续戴南瓜头 5 分钟,wear-continuous:CARVED_PUMPKIN:300,consistent,中文要求“连续戴南瓜头 5 分钟”，requirement 指定 wear-continuous:CARVED_PUMPKIN:300（5 分钟）。,Game.runPer5Tick 调用 Goal.recordContinuousWearTick 每 5 tick 累加穿戴时间，脱下或下线即重置；Goal.teamProgress 由 isIndividualState 委托 individualProgress 判定单人连续穿戴达到 6000 ticks 即完成。,"src/main/java/top/lqsnow/blockracing/managers/Goal.java (recordContinuousWearTick), src/main/java/top/lqsnow/blockracing/managers/Goal.java (individualProgress)",无
649,LEVEL_UP_VILLAGER_TO_MASTER,goal,3,将一个村民升到满级,villager-max-level,consistent,中文要求将一个村民升到满级，requirement 为 villager-max-level。,BasicListener.onInventoryClick 监听交易界面，当村民等级由 <5 提升至 >=5 时调用 Goal.recordMaxLevelVillager；Goal.teamProgress 判定队伍记录集合非空即完成。,"src/main/java/top/lqsnow/blockracing/listeners/BasicListener.java (onInventoryClick), src/main/java/top/lqsnow/blockracing/managers/Goal.java (teamProgress)",无
650,TAKE_200_DAMAGE,goal,1,承受 200 点伤害,damage-taken:200,consistent,中文要求承受 200 点伤害，requirement 指定 damage-taken:200。,BasicListener.onEntityDamage 监听受伤害事件并按 event.getFinalDamage() 累加玩家承受伤害；Goal.teamProgress 对队伍成员（含已记录离线成员）承受伤害求和达到 200 即判定完成。,"src/main/java/top/lqsnow/blockracing/listeners/BasicListener.java (onEntityDamage), src/main/java/top/lqsnow/blockracing/managers/Goal.java (teamProgress)",无
651,DEAL_400_DAMAGE,goal,2,造成 400 点伤害,damage-dealt:400,consistent,中文要求造成 400 点伤害，requirement 指定 damage-dealt:400。,BasicListener.onEntityDamage 监听攻击事件并按 event.getFinalDamage() 累加攻击者造成伤害；Goal.teamProgress 对队伍成员（含已记录离线成员）造成伤害求和达到 400 即判定完成。,"src/main/java/top/lqsnow/blockracing/listeners/BasicListener.java (onEntityDamage), src/main/java/top/lqsnow/blockracing/managers/Goal.java (teamProgress)",无
652,DIE_BY_DROWNING,goal,1,溺水身亡,death-cause:DROWNING,consistent,中文要求“溺水身亡”，requirement 指定 death-cause:DROWNING。,BasicListener.onPlayerDeath 提取玩家 getLastDamageCause().getCause() 调用 Goal.recordDeath；Goal.teamProgress 判定队伍成员死因集合包含 DROWNING 即完成。,"src/main/java/top/lqsnow/blockracing/listeners/BasicListener.java (onPlayerDeath), src/main/java/top/lqsnow/blockracing/managers/Goal.java (teamProgress)",无
653,DIE_BY_CACTUS,goal,1,被仙人掌刺死,death-cause:CONTACT,consistent,中文要求“被仙人掌刺死”，requirement 指定 death-cause:CONTACT。,BasicListener.onPlayerDeath 提取玩家 getLastDamageCause().getCause() 调用 Goal.recordDeath；Goal.teamProgress 判定队伍成员死因集合包含 CONTACT 即完成。,"src/main/java/top/lqsnow/blockracing/listeners/BasicListener.java (onPlayerDeath), src/main/java/top/lqsnow/blockracing/managers/Goal.java (teamProgress)",无
654,DIE_BY_MAGIC,goal,2,死于魔法伤害,death-cause:MAGIC,consistent,中文要求“死于魔法伤害”，requirement 指定 death-cause:MAGIC。,BasicListener.onPlayerDeath 提取玩家 getLastDamageCause().getCause() 调用 Goal.recordDeath；Goal.teamProgress 判定队伍成员死因集合包含 MAGIC 即完成。,"src/main/java/top/lqsnow/blockracing/listeners/BasicListener.java (onPlayerDeath), src/main/java/top/lqsnow/blockracing/managers/Goal.java (teamProgress)",无
655,DIE_TO_VOID,goal,2,跌入虚空死亡,death-cause:VOID,consistent,中文要求“跌入虚空死亡”，requirement 指定 death-cause:VOID。,BasicListener.onPlayerDeath 提取玩家 getLastDamageCause().getCause() 调用 Goal.recordDeath；Goal.teamProgress 判定队伍成员死因集合包含 VOID 即完成。,"src/main/java/top/lqsnow/blockracing/listeners/BasicListener.java (onPlayerDeath), src/main/java/top/lqsnow/blockracing/managers/Goal.java (teamProgress)",无
656,FREEZE_TO_DEATH,goal,2,冻死,death-cause:FREEZE,consistent,中文要求“冻死”，requirement 指定 death-cause:FREEZE。,BasicListener.onPlayerDeath 提取玩家 getLastDamageCause().getCause() 调用 Goal.recordDeath；Goal.teamProgress 判定队伍成员死因集合包含 FREEZE 即完成。,"src/main/java/top/lqsnow/blockracing/listeners/BasicListener.java (onPlayerDeath), src/main/java/top/lqsnow/blockracing/managers/Goal.java (teamProgress)",无
657,DIE_TO_POLAR_BEAR,goal,1,死于北极熊,death-attacker:POLAR_BEAR,consistent,中文要求“死于北极熊”，requirement 指定 death-attacker:POLAR_BEAR。,BasicListener.onPlayerDeath 从伤害来源提取攻击者 EntityType 并调用 Goal.recordDeath；Goal.teamProgress 判定队伍成员击杀者集合包含 POLAR_BEAR 即完成。,"src/main/java/top/lqsnow/blockracing/listeners/BasicListener.java (onPlayerDeath), src/main/java/top/lqsnow/blockracing/managers/Goal.java (teamProgress)",无
658,DIE_TO_PUFFERFISH,goal,1,死于河豚,death-attacker:PUFFERFISH,consistent,中文要求“死于河豚”，requirement 指定 death-attacker:PUFFERFISH。,BasicListener.onPlayerDeath 从伤害来源提取攻击者 EntityType 并调用 Goal.recordDeath；Goal.teamProgress 判定队伍成员击杀者集合包含 PUFFERFISH 即完成。,"src/main/java/top/lqsnow/blockracing/listeners/BasicListener.java (onPlayerDeath), src/main/java/top/lqsnow/blockracing/managers/Goal.java (teamProgress)",无
659,DIE_TO_WARDEN,goal,2,死于监守者,death-attacker:WARDEN,consistent,中文要求“死于监守者”，requirement 指定 death-attacker:WARDEN。,BasicListener.onPlayerDeath 从伤害来源提取攻击者 EntityType 并调用 Goal.recordDeath；Goal.teamProgress 判定队伍成员击杀者集合包含 WARDEN 即完成。,"src/main/java/top/lqsnow/blockracing/listeners/BasicListener.java (onPlayerDeath), src/main/java/top/lqsnow/blockracing/managers/Goal.java (teamProgress)",无
660,DEATH_BY_TRIDENT,goal,3,死于三叉戟,death-projectile:TRIDENT,consistent,中文要求“死于三叉戟”，requirement 指定 death-projectile:TRIDENT。,BasicListener.onPlayerDeath 从弹射物实体提取 EntityType 并调用 Goal.recordDeath；Goal.teamProgress 判定队伍成员死因弹射物包含 TRIDENT 即完成。,"src/main/java/top/lqsnow/blockracing/listeners/BasicListener.java (onPlayerDeath), src/main/java/top/lqsnow/blockracing/managers/Goal.java (teamProgress)",无
661,WEAR_UNIQUE_COLORED_LEATHER_ARMOR,goal,2,穿齐 4 种不同颜色的皮革盔甲,equipment-unique-leather-colors:4,consistent,中文要求穿齐 4 种不同颜色的皮革盔甲，requirement 指定 equipment-unique-leather-colors:4。,Goal.individualProgress 调用 countUniqueLeatherArmorColors(player) 检测同一玩家身上 4 件皮革防具是否具有 4 种不同染色；Goal.teamProgress 取全队在线成员最佳值判定完成。,"src/main/java/top/lqsnow/blockracing/managers/Goal.java (individualProgress), src/main/java/top/lqsnow/blockracing/managers/Goal.java (teamProgress)",无
662,KILL_WITHER,goal,10,击杀凋零,kill:WITHER,consistent,中文要求“击杀凋零”，requirement 指定 kill:WITHER，实体类型匹配。,BasicListener.onEntityDeath 监听 EntityDeathEvent（玩家为 killer 时），调用 Goal.recordKill 记录到 KILLED_ENTITY_TYPES；Goal.teamProgress 汇总队伍历史击杀集合，包含 WITHER 即判定完成。,"src/main/java/top/lqsnow/blockracing/listeners/BasicListener.java (onEntityDeath), src/main/java/top/lqsnow/blockracing/managers/Goal.java (teamProgress)",无
663,BREED_TRADER_LLAMA,goal,5,繁殖行商羊驼,breed:TRADER_LLAMA,consistent,中文要求“繁殖行商羊驼”，requirement 设定为 breed:TRADER_LLAMA，生物类型匹配。,"经官方 26.2 客户端字节码核验（TraderLlama.makeNewLlama() 调用 EntityTypes.TRADER_LLAMA.create(..., EntitySpawnReason.BREEDING)），行商羊驼繁育生成幼崽实体类型为 TRADER_LLAMA；BasicListener.onEntityBreed 记录幼崽类型至 BRED_ENTITY_TYPES，Goal.teamProgress 聚合队伍成员历史繁殖账本判定包含 TRADER_LLAMA，静态代码与 26.2 机制一致。","src/main/java/top/lqsnow/blockracing/listeners/BasicListener.java (onEntityBreed), src/main/java/top/lqsnow/blockracing/managers/Goal.java (teamProgress)",无
664,OBTAIN_EXCLUSIVE_TRIM,goal,3,获得向导/牧民/塑造/雇主盔甲纹饰之一,"item-unique:1:WAYFINDER_ARMOR_TRIM_SMITHING_TEMPLATE,RAISER_ARMOR_TRIM_SMITHING_TEMPLATE,SHAPER_ARMOR_TRIM_SMITHING_TEMPLATE,HOST_ARMOR_TRIM_SMITHING_TEMPLATE",consistent,中文要求“获得向导/牧民/塑造/雇主盔甲纹饰之一”，requirement 指定 item-unique:1:...（要求候选列表中收集至少 1 种不同物品）。,Goal.sharedItemProgress 聚合队伍当前在线成员背包与队伍箱的物品材质集合，计算与候选集合的交集大小达到 1 即判定完成。,src/main/java/top/lqsnow/blockracing/managers/Goal.java (sharedItemProgress),无
665,OBTAIN_5_UNIQUE_DISCS,goal,3,获得 5 个独特的唱片,"item-unique:5:MUSIC_DISC_13,MUSIC_DISC_CAT,MUSIC_DISC_BLOCKS,MUSIC_DISC_CHIRP,MUSIC_DISC_FAR,MUSIC_DISC_MALL,MUSIC_DISC_MELLOHI,MUSIC_DISC_STAL,MUSIC_DISC_STRAD,MUSIC_DISC_WARD,MUSIC_DISC_11,MUSIC_DISC_WAIT,MUSIC_DISC_OTHERSIDE,MUSIC_DISC_RELIC,MUSIC_DISC_5,MUSIC_DISC_PIGSTEP,MUSIC_DISC_CREATOR,MUSIC_DISC_CREATOR_MUSIC_BOX,MUSIC_DISC_PRECIPICE,MUSIC_DISC_LAVA_CHICKEN,MUSIC_DISC_TEARS",consistent,中文要求“获得 5 个独特的唱片”，requirement 指定 item-unique:5:...（要求候选列表中收集至少 5 种不同物品）。,Goal.sharedItemProgress 聚合队伍当前在线成员背包与队伍箱的物品材质集合，计算与候选集合的交集大小达到 5 即判定完成。,src/main/java/top/lqsnow/blockracing/managers/Goal.java (sharedItemProgress),无
666,OBTAIN_8_UNIQUE_DISCS,goal,7,获得 8 个独特的唱片,"item-unique:8:MUSIC_DISC_13,MUSIC_DISC_CAT,MUSIC_DISC_BLOCKS,MUSIC_DISC_CHIRP,MUSIC_DISC_FAR,MUSIC_DISC_MALL,MUSIC_DISC_MELLOHI,MUSIC_DISC_STAL,MUSIC_DISC_STRAD,MUSIC_DISC_WARD,MUSIC_DISC_11,MUSIC_DISC_WAIT,MUSIC_DISC_OTHERSIDE,MUSIC_DISC_RELIC,MUSIC_DISC_5,MUSIC_DISC_PIGSTEP,MUSIC_DISC_CREATOR,MUSIC_DISC_CREATOR_MUSIC_BOX,MUSIC_DISC_PRECIPICE,MUSIC_DISC_LAVA_CHICKEN,MUSIC_DISC_TEARS",consistent,中文要求“获得 8 个独特的唱片”，requirement 指定 item-unique:8:...（要求候选列表中收集至少 8 种不同物品）。,Goal.sharedItemProgress 聚合队伍当前在线成员背包与队伍箱的物品材质集合，计算与候选集合的交集大小达到 8 即判定完成。,src/main/java/top/lqsnow/blockracing/managers/Goal.java (sharedItemProgress),无
667,OBTAIN_ANY_HORSE_ARMOR,goal,2,获得任一一种马铠,"item-unique:1:LEATHER_HORSE_ARMOR,COPPER_HORSE_ARMOR,IRON_HORSE_ARMOR,GOLDEN_HORSE_ARMOR,DIAMOND_HORSE_ARMOR,NETHERITE_HORSE_ARMOR",consistent,中文要求“获得任一一种马铠”，requirement 指定 item-unique:1:...（要求候选列表中收集至少 1 种不同物品）。,Goal.sharedItemProgress 聚合队伍当前在线成员背包与队伍箱的物品材质集合，计算与候选集合的交集大小达到 1 即判定完成。,src/main/java/top/lqsnow/blockracing/managers/Goal.java (sharedItemProgress),无
668,GET_REVAULTING_ADVANCEMENT,goal,5,获得宝经磨炼进度,advancement:adventure/revaulting,consistent,中文显示“获得宝经磨炼进度”与目标进度命名空间 key（minecraft:adventure/revaulting）对应。,BasicListener.onAdvancement 捕获 PlayerAdvancementDoneEvent，调用 Goal.recordAdvancement 记录到 COMPLETED_ADVANCEMENTS；Goal.teamProgress 检查队伍成员（包含已记录离线成员）是否包含 minecraft:adventure/revaulting。,"src/main/java/top/lqsnow/blockracing/listeners/BasicListener.java (onAdvancement), src/main/java/top/lqsnow/blockracing/managers/Goal.java (teamProgress)",无
669,GET_HOT_TOURIST_DESTINATIONS,goal,2,获得热门景点进度,advancement:nether/explore_nether,consistent,中文显示“获得热门景点进度”与目标进度命名空间 key（minecraft:nether/explore_nether）对应。,BasicListener.onAdvancement 捕获 PlayerAdvancementDoneEvent，调用 Goal.recordAdvancement 记录到 COMPLETED_ADVANCEMENTS；Goal.teamProgress 检查队伍成员（包含已记录离线成员）是否包含 minecraft:nether/explore_nether。,"src/main/java/top/lqsnow/blockracing/listeners/BasicListener.java (onAdvancement), src/main/java/top/lqsnow/blockracing/managers/Goal.java (teamProgress)",无
670,GET_HERO_OF_THE_VILLAGE,goal,5,获得村庄英雄进度,advancement:adventure/hero_of_the_village,consistent,中文显示“获得村庄英雄进度”与目标进度命名空间 key（minecraft:adventure/hero_of_the_village）对应。,BasicListener.onAdvancement 捕获 PlayerAdvancementDoneEvent，调用 Goal.recordAdvancement 记录到 COMPLETED_ADVANCEMENTS；Goal.teamProgress 检查队伍成员（包含已记录离线成员）是否包含 minecraft:adventure/hero_of_the_village。,"src/main/java/top/lqsnow/blockracing/listeners/BasicListener.java (onAdvancement), src/main/java/top/lqsnow/blockracing/managers/Goal.java (teamProgress)",无
671,GET_SQUAD_HOPS_INTO_TOWN,goal,4,获得呱呱队出动进度,advancement:husbandry/leash_all_frog_variants,consistent,中文显示“获得呱呱队出动进度”与目标进度命名空间 key（minecraft:husbandry/leash_all_frog_variants）对应。,BasicListener.onAdvancement 捕获 PlayerAdvancementDoneEvent，调用 Goal.recordAdvancement 记录到 COMPLETED_ADVANCEMENTS；Goal.teamProgress 检查队伍成员（包含已记录离线成员）是否包含 minecraft:husbandry/leash_all_frog_variants。,"src/main/java/top/lqsnow/blockracing/listeners/BasicListener.java (onAdvancement), src/main/java/top/lqsnow/blockracing/managers/Goal.java (teamProgress)",无
672,EXPOSED_CHISELED_COPPER,block,-1,斑驳的雕纹铜块,,consistent,目标已禁用（score=-1）。中文显示“斑驳的雕纹铜块”与 ID（Material.EXPOSED_CHISELED_COPPER）一致。作为 block 类型目标，requirement 为空符合系统设计规范。,Game.runPer5Tick 每 5 tick 轮询 checkRedInventory / checkBlueInventory，检查在线队员背包与队伍共享箱是否持有 Material.EXPOSED_CHISELED_COPPER。该材质在 Paper 26.2 Material 枚举中存在，代码逻辑与静态结构一致。,"src/main/java/top/lqsnow/blockracing/managers/Game.java (checkRedInventory/checkBlueInventory), src/main/java/top/lqsnow/blockracing/managers/Block.java (loadTargets)",无
673,EXPOSED_COPPER,block,-1,斑驳的铜块,,consistent,目标已禁用（score=-1）。中文显示“斑驳的铜块”与 ID（Material.EXPOSED_COPPER）一致。作为 block 类型目标，requirement 为空符合系统设计规范。,Game.runPer5Tick 每 5 tick 轮询 checkRedInventory / checkBlueInventory，检查在线队员背包与队伍共享箱是否持有 Material.EXPOSED_COPPER。该材质在 Paper 26.2 Material 枚举中存在，代码逻辑与静态结构一致。,"src/main/java/top/lqsnow/blockracing/managers/Game.java (checkRedInventory/checkBlueInventory), src/main/java/top/lqsnow/blockracing/managers/Block.java (loadTargets)",无
674,EXPOSED_COPPER_DOOR,block,-1,斑驳的铜门,,consistent,目标已禁用（score=-1）。中文显示“斑驳的铜门”与 ID（Material.EXPOSED_COPPER_DOOR）一致。作为 block 类型目标，requirement 为空符合系统设计规范。,Game.runPer5Tick 每 5 tick 轮询 checkRedInventory / checkBlueInventory，检查在线队员背包与队伍共享箱是否持有 Material.EXPOSED_COPPER_DOOR。该材质在 Paper 26.2 Material 枚举中存在，代码逻辑与静态结构一致。,"src/main/java/top/lqsnow/blockracing/managers/Game.java (checkRedInventory/checkBlueInventory), src/main/java/top/lqsnow/blockracing/managers/Block.java (loadTargets)",无
675,EXPOSED_COPPER_GRATE,block,-1,斑驳的铜格栅,,consistent,目标已禁用（score=-1）。中文显示“斑驳的铜格栅”与 ID（Material.EXPOSED_COPPER_GRATE）一致。作为 block 类型目标，requirement 为空符合系统设计规范。,Game.runPer5Tick 每 5 tick 轮询 checkRedInventory / checkBlueInventory，检查在线队员背包与队伍共享箱是否持有 Material.EXPOSED_COPPER_GRATE。该材质在 Paper 26.2 Material 枚举中存在，代码逻辑与静态结构一致。,"src/main/java/top/lqsnow/blockracing/managers/Game.java (checkRedInventory/checkBlueInventory), src/main/java/top/lqsnow/blockracing/managers/Block.java (loadTargets)",无
676,OXIDIZED_CHISELED_COPPER,block,-1,氧化的雕纹铜块,,consistent,目标已禁用（score=-1）。中文显示“氧化的雕纹铜块”与 ID（Material.OXIDIZED_CHISELED_COPPER）一致。作为 block 类型目标，requirement 为空符合系统设计规范。,Game.runPer5Tick 每 5 tick 轮询 checkRedInventory / checkBlueInventory，检查在线队员背包与队伍共享箱是否持有 Material.OXIDIZED_CHISELED_COPPER。该材质在 Paper 26.2 Material 枚举中存在，代码逻辑与静态结构一致。,"src/main/java/top/lqsnow/blockracing/managers/Game.java (checkRedInventory/checkBlueInventory), src/main/java/top/lqsnow/blockracing/managers/Block.java (loadTargets)",无
677,OXIDIZED_COPPER,block,-1,氧化的铜块,,consistent,目标已禁用（score=-1）。中文显示“氧化的铜块”与 ID（Material.OXIDIZED_COPPER）一致。作为 block 类型目标，requirement 为空符合系统设计规范。,Game.runPer5Tick 每 5 tick 轮询 checkRedInventory / checkBlueInventory，检查在线队员背包与队伍共享箱是否持有 Material.OXIDIZED_COPPER。该材质在 Paper 26.2 Material 枚举中存在，代码逻辑与静态结构一致。,"src/main/java/top/lqsnow/blockracing/managers/Game.java (checkRedInventory/checkBlueInventory), src/main/java/top/lqsnow/blockracing/managers/Block.java (loadTargets)",无
678,OXIDIZED_COPPER_BARS,block,-1,氧化的铜栏杆,,consistent,目标已禁用（score=-1）。中文显示“氧化的铜栏杆”与 ID（Material.OXIDIZED_COPPER_BARS）一致。作为 block 类型目标，requirement 为空符合系统设计规范。,Game.runPer5Tick 每 5 tick 轮询 checkRedInventory / checkBlueInventory，检查在线队员背包与队伍共享箱是否持有 Material.OXIDIZED_COPPER_BARS。该材质在 Paper 26.2 Material 枚举中存在，代码逻辑与静态结构一致。,"src/main/java/top/lqsnow/blockracing/managers/Game.java (checkRedInventory/checkBlueInventory), src/main/java/top/lqsnow/blockracing/managers/Block.java (loadTargets)",无
679,OXIDIZED_COPPER_BULB,block,-1,氧化的铜灯,,consistent,目标已禁用（score=-1）。中文显示“氧化的铜灯”与 ID（Material.OXIDIZED_COPPER_BULB）一致。作为 block 类型目标，requirement 为空符合系统设计规范。,Game.runPer5Tick 每 5 tick 轮询 checkRedInventory / checkBlueInventory，检查在线队员背包与队伍共享箱是否持有 Material.OXIDIZED_COPPER_BULB。该材质在 Paper 26.2 Material 枚举中存在，代码逻辑与静态结构一致。,"src/main/java/top/lqsnow/blockracing/managers/Game.java (checkRedInventory/checkBlueInventory), src/main/java/top/lqsnow/blockracing/managers/Block.java (loadTargets)",无
680,OXIDIZED_COPPER_CHAIN,block,-1,氧化的铜链,,consistent,目标已禁用（score=-1）。中文显示“氧化的铜链”与 ID（Material.OXIDIZED_COPPER_CHAIN）一致。作为 block 类型目标，requirement 为空符合系统设计规范。,Game.runPer5Tick 每 5 tick 轮询 checkRedInventory / checkBlueInventory，检查在线队员背包与队伍共享箱是否持有 Material.OXIDIZED_COPPER_CHAIN。该材质在 Paper 26.2 Material 枚举中存在，代码逻辑与静态结构一致。,"src/main/java/top/lqsnow/blockracing/managers/Game.java (checkRedInventory/checkBlueInventory), src/main/java/top/lqsnow/blockracing/managers/Block.java (loadTargets)",无
681,OXIDIZED_COPPER_CHEST,block,-1,氧化的铜箱子,,consistent,目标已禁用（score=-1）。中文显示“氧化的铜箱子”与 ID（Material.OXIDIZED_COPPER_CHEST）一致。作为 block 类型目标，requirement 为空符合系统设计规范。,Game.runPer5Tick 每 5 tick 轮询 checkRedInventory / checkBlueInventory，检查在线队员背包与队伍共享箱是否持有 Material.OXIDIZED_COPPER_CHEST。该材质在 Paper 26.2 Material 枚举中存在，代码逻辑与静态结构一致。,"src/main/java/top/lqsnow/blockracing/managers/Game.java (checkRedInventory/checkBlueInventory), src/main/java/top/lqsnow/blockracing/managers/Block.java (loadTargets)",无
682,OXIDIZED_COPPER_DOOR,block,-1,氧化的铜门,,consistent,目标已禁用（score=-1）。中文显示“氧化的铜门”与 ID（Material.OXIDIZED_COPPER_DOOR）一致。作为 block 类型目标，requirement 为空符合系统设计规范。,Game.runPer5Tick 每 5 tick 轮询 checkRedInventory / checkBlueInventory，检查在线队员背包与队伍共享箱是否持有 Material.OXIDIZED_COPPER_DOOR。该材质在 Paper 26.2 Material 枚举中存在，代码逻辑与静态结构一致。,"src/main/java/top/lqsnow/blockracing/managers/Game.java (checkRedInventory/checkBlueInventory), src/main/java/top/lqsnow/blockracing/managers/Block.java (loadTargets)",无
683,OXIDIZED_COPPER_GOLEM_STATUE,block,-1,氧化的铜傀儡像,,consistent,目标已禁用（score=-1）。中文显示“氧化的铜傀儡像”与 ID（Material.OXIDIZED_COPPER_GOLEM_STATUE）一致。作为 block 类型目标，requirement 为空符合系统设计规范。,Game.runPer5Tick 每 5 tick 轮询 checkRedInventory / checkBlueInventory，检查在线队员背包与队伍共享箱是否持有 Material.OXIDIZED_COPPER_GOLEM_STATUE。该材质在 Paper 26.2 Material 枚举中存在，代码逻辑与静态结构一致。,"src/main/java/top/lqsnow/blockracing/managers/Game.java (checkRedInventory/checkBlueInventory), src/main/java/top/lqsnow/blockracing/managers/Block.java (loadTargets)",无
684,OXIDIZED_COPPER_GRATE,block,-1,氧化的铜格栅,,consistent,目标已禁用（score=-1）。中文显示“氧化的铜格栅”与 ID（Material.OXIDIZED_COPPER_GRATE）一致。作为 block 类型目标，requirement 为空符合系统设计规范。,Game.runPer5Tick 每 5 tick 轮询 checkRedInventory / checkBlueInventory，检查在线队员背包与队伍共享箱是否持有 Material.OXIDIZED_COPPER_GRATE。该材质在 Paper 26.2 Material 枚举中存在，代码逻辑与静态结构一致。,"src/main/java/top/lqsnow/blockracing/managers/Game.java (checkRedInventory/checkBlueInventory), src/main/java/top/lqsnow/blockracing/managers/Block.java (loadTargets)",无
685,OXIDIZED_COPPER_LANTERN,block,-1,氧化的铜灯笼,,consistent,目标已禁用（score=-1）。中文显示“氧化的铜灯笼”与 ID（Material.OXIDIZED_COPPER_LANTERN）一致。作为 block 类型目标，requirement 为空符合系统设计规范。,Game.runPer5Tick 每 5 tick 轮询 checkRedInventory / checkBlueInventory，检查在线队员背包与队伍共享箱是否持有 Material.OXIDIZED_COPPER_LANTERN。该材质在 Paper 26.2 Material 枚举中存在，代码逻辑与静态结构一致。,"src/main/java/top/lqsnow/blockracing/managers/Game.java (checkRedInventory/checkBlueInventory), src/main/java/top/lqsnow/blockracing/managers/Block.java (loadTargets)",无
686,OXIDIZED_COPPER_TRAPDOOR,block,-1,氧化的铜活板门,,consistent,目标已禁用（score=-1）。中文显示“氧化的铜活板门”与 ID（Material.OXIDIZED_COPPER_TRAPDOOR）一致。作为 block 类型目标，requirement 为空符合系统设计规范。,Game.runPer5Tick 每 5 tick 轮询 checkRedInventory / checkBlueInventory，检查在线队员背包与队伍共享箱是否持有 Material.OXIDIZED_COPPER_TRAPDOOR。该材质在 Paper 26.2 Material 枚举中存在，代码逻辑与静态结构一致。,"src/main/java/top/lqsnow/blockracing/managers/Game.java (checkRedInventory/checkBlueInventory), src/main/java/top/lqsnow/blockracing/managers/Block.java (loadTargets)",无
687,OXIDIZED_CUT_COPPER,block,-1,氧化的切制铜块,,consistent,目标已禁用（score=-1）。中文显示“氧化的切制铜块”与 ID（Material.OXIDIZED_CUT_COPPER）一致。作为 block 类型目标，requirement 为空符合系统设计规范。,Game.runPer5Tick 每 5 tick 轮询 checkRedInventory / checkBlueInventory，检查在线队员背包与队伍共享箱是否持有 Material.OXIDIZED_CUT_COPPER。该材质在 Paper 26.2 Material 枚举中存在，代码逻辑与静态结构一致。,"src/main/java/top/lqsnow/blockracing/managers/Game.java (checkRedInventory/checkBlueInventory), src/main/java/top/lqsnow/blockracing/managers/Block.java (loadTargets)",无
688,OXIDIZED_CUT_COPPER_SLAB,block,-1,氧化的切制铜台阶,,consistent,目标已禁用（score=-1）。中文显示“氧化的切制铜台阶”与 ID（Material.OXIDIZED_CUT_COPPER_SLAB）一致。作为 block 类型目标，requirement 为空符合系统设计规范。,Game.runPer5Tick 每 5 tick 轮询 checkRedInventory / checkBlueInventory，检查在线队员背包与队伍共享箱是否持有 Material.OXIDIZED_CUT_COPPER_SLAB。该材质在 Paper 26.2 Material 枚举中存在，代码逻辑与静态结构一致。,"src/main/java/top/lqsnow/blockracing/managers/Game.java (checkRedInventory/checkBlueInventory), src/main/java/top/lqsnow/blockracing/managers/Block.java (loadTargets)",无
689,OXIDIZED_CUT_COPPER_STAIRS,block,-1,氧化的切制铜楼梯,,consistent,目标已禁用（score=-1）。中文显示“氧化的切制铜楼梯”与 ID（Material.OXIDIZED_CUT_COPPER_STAIRS）一致。作为 block 类型目标，requirement 为空符合系统设计规范。,Game.runPer5Tick 每 5 tick 轮询 checkRedInventory / checkBlueInventory，检查在线队员背包与队伍共享箱是否持有 Material.OXIDIZED_CUT_COPPER_STAIRS。该材质在 Paper 26.2 Material 枚举中存在，代码逻辑与静态结构一致。,"src/main/java/top/lqsnow/blockracing/managers/Game.java (checkRedInventory/checkBlueInventory), src/main/java/top/lqsnow/blockracing/managers/Block.java (loadTargets)",无
690,OXIDIZED_LIGHTNING_ROD,block,-1,氧化的避雷针,,consistent,目标已禁用（score=-1）。中文显示“氧化的避雷针”与 ID（Material.OXIDIZED_LIGHTNING_ROD）一致。作为 block 类型目标，requirement 为空符合系统设计规范。,Game.runPer5Tick 每 5 tick 轮询 checkRedInventory / checkBlueInventory，检查在线队员背包与队伍共享箱是否持有 Material.OXIDIZED_LIGHTNING_ROD。该材质在 Paper 26.2 Material 枚举中存在，代码逻辑与静态结构一致。,"src/main/java/top/lqsnow/blockracing/managers/Game.java (checkRedInventory/checkBlueInventory), src/main/java/top/lqsnow/blockracing/managers/Block.java (loadTargets)",无
691,WAXED_OXIDIZED_CHISELED_COPPER,block,-1,涂蜡的氧化雕纹铜块,,consistent,目标已禁用（score=-1）。中文显示“涂蜡的氧化雕纹铜块”与 ID（Material.WAXED_OXIDIZED_CHISELED_COPPER）一致。作为 block 类型目标，requirement 为空符合系统设计规范。,Game.runPer5Tick 每 5 tick 轮询 checkRedInventory / checkBlueInventory，检查在线队员背包与队伍共享箱是否持有 Material.WAXED_OXIDIZED_CHISELED_COPPER。该材质在 Paper 26.2 Material 枚举中存在，代码逻辑与静态结构一致。,"src/main/java/top/lqsnow/blockracing/managers/Game.java (checkRedInventory/checkBlueInventory), src/main/java/top/lqsnow/blockracing/managers/Block.java (loadTargets)",无
692,WAXED_OXIDIZED_COPPER,block,-1,涂蜡的氧化铜块,,consistent,目标已禁用（score=-1）。中文显示“涂蜡的氧化铜块”与 ID（Material.WAXED_OXIDIZED_COPPER）一致。作为 block 类型目标，requirement 为空符合系统设计规范。,Game.runPer5Tick 每 5 tick 轮询 checkRedInventory / checkBlueInventory，检查在线队员背包与队伍共享箱是否持有 Material.WAXED_OXIDIZED_COPPER。该材质在 Paper 26.2 Material 枚举中存在，代码逻辑与静态结构一致。,"src/main/java/top/lqsnow/blockracing/managers/Game.java (checkRedInventory/checkBlueInventory), src/main/java/top/lqsnow/blockracing/managers/Block.java (loadTargets)",无
693,WAXED_OXIDIZED_COPPER_BARS,block,-1,涂蜡的氧化铜栏杆,,consistent,目标已禁用（score=-1）。中文显示“涂蜡的氧化铜栏杆”与 ID（Material.WAXED_OXIDIZED_COPPER_BARS）一致。作为 block 类型目标，requirement 为空符合系统设计规范。,Game.runPer5Tick 每 5 tick 轮询 checkRedInventory / checkBlueInventory，检查在线队员背包与队伍共享箱是否持有 Material.WAXED_OXIDIZED_COPPER_BARS。该材质在 Paper 26.2 Material 枚举中存在，代码逻辑与静态结构一致。,"src/main/java/top/lqsnow/blockracing/managers/Game.java (checkRedInventory/checkBlueInventory), src/main/java/top/lqsnow/blockracing/managers/Block.java (loadTargets)",无
694,WAXED_OXIDIZED_COPPER_BULB,block,-1,涂蜡的氧化铜灯,,consistent,目标已禁用（score=-1）。中文显示“涂蜡的氧化铜灯”与 ID（Material.WAXED_OXIDIZED_COPPER_BULB）一致。作为 block 类型目标，requirement 为空符合系统设计规范。,Game.runPer5Tick 每 5 tick 轮询 checkRedInventory / checkBlueInventory，检查在线队员背包与队伍共享箱是否持有 Material.WAXED_OXIDIZED_COPPER_BULB。该材质在 Paper 26.2 Material 枚举中存在，代码逻辑与静态结构一致。,"src/main/java/top/lqsnow/blockracing/managers/Game.java (checkRedInventory/checkBlueInventory), src/main/java/top/lqsnow/blockracing/managers/Block.java (loadTargets)",无
695,WAXED_OXIDIZED_COPPER_CHAIN,block,-1,涂蜡的氧化铜链,,consistent,目标已禁用（score=-1）。中文显示“涂蜡的氧化铜链”与 ID（Material.WAXED_OXIDIZED_COPPER_CHAIN）一致。作为 block 类型目标，requirement 为空符合系统设计规范。,Game.runPer5Tick 每 5 tick 轮询 checkRedInventory / checkBlueInventory，检查在线队员背包与队伍共享箱是否持有 Material.WAXED_OXIDIZED_COPPER_CHAIN。该材质在 Paper 26.2 Material 枚举中存在，代码逻辑与静态结构一致。,"src/main/java/top/lqsnow/blockracing/managers/Game.java (checkRedInventory/checkBlueInventory), src/main/java/top/lqsnow/blockracing/managers/Block.java (loadTargets)",无
696,WAXED_OXIDIZED_COPPER_CHEST,block,-1,涂蜡的氧化铜箱子,,consistent,目标已禁用（score=-1）。中文显示“涂蜡的氧化铜箱子”与 ID（Material.WAXED_OXIDIZED_COPPER_CHEST）一致。作为 block 类型目标，requirement 为空符合系统设计规范。,Game.runPer5Tick 每 5 tick 轮询 checkRedInventory / checkBlueInventory，检查在线队员背包与队伍共享箱是否持有 Material.WAXED_OXIDIZED_COPPER_CHEST。该材质在 Paper 26.2 Material 枚举中存在，代码逻辑与静态结构一致。,"src/main/java/top/lqsnow/blockracing/managers/Game.java (checkRedInventory/checkBlueInventory), src/main/java/top/lqsnow/blockracing/managers/Block.java (loadTargets)",无
697,WAXED_OXIDIZED_COPPER_DOOR,block,-1,涂蜡的氧化铜门,,consistent,目标已禁用（score=-1）。中文显示“涂蜡的氧化铜门”与 ID（Material.WAXED_OXIDIZED_COPPER_DOOR）一致。作为 block 类型目标，requirement 为空符合系统设计规范。,Game.runPer5Tick 每 5 tick 轮询 checkRedInventory / checkBlueInventory，检查在线队员背包与队伍共享箱是否持有 Material.WAXED_OXIDIZED_COPPER_DOOR。该材质在 Paper 26.2 Material 枚举中存在，代码逻辑与静态结构一致。,"src/main/java/top/lqsnow/blockracing/managers/Game.java (checkRedInventory/checkBlueInventory), src/main/java/top/lqsnow/blockracing/managers/Block.java (loadTargets)",无
698,WAXED_OXIDIZED_COPPER_GOLEM_STATUE,block,-1,涂蜡的氧化铜傀儡像,,consistent,目标已禁用（score=-1）。中文显示“涂蜡的氧化铜傀儡像”与 ID（Material.WAXED_OXIDIZED_COPPER_GOLEM_STATUE）一致。作为 block 类型目标，requirement 为空符合系统设计规范。,Game.runPer5Tick 每 5 tick 轮询 checkRedInventory / checkBlueInventory，检查在线队员背包与队伍共享箱是否持有 Material.WAXED_OXIDIZED_COPPER_GOLEM_STATUE。该材质在 Paper 26.2 Material 枚举中存在，代码逻辑与静态结构一致。,"src/main/java/top/lqsnow/blockracing/managers/Game.java (checkRedInventory/checkBlueInventory), src/main/java/top/lqsnow/blockracing/managers/Block.java (loadTargets)",无
699,WAXED_OXIDIZED_COPPER_GRATE,block,-1,涂蜡的氧化铜格栅,,consistent,目标已禁用（score=-1）。中文显示“涂蜡的氧化铜格栅”与 ID（Material.WAXED_OXIDIZED_COPPER_GRATE）一致。作为 block 类型目标，requirement 为空符合系统设计规范。,Game.runPer5Tick 每 5 tick 轮询 checkRedInventory / checkBlueInventory，检查在线队员背包与队伍共享箱是否持有 Material.WAXED_OXIDIZED_COPPER_GRATE。该材质在 Paper 26.2 Material 枚举中存在，代码逻辑与静态结构一致。,"src/main/java/top/lqsnow/blockracing/managers/Game.java (checkRedInventory/checkBlueInventory), src/main/java/top/lqsnow/blockracing/managers/Block.java (loadTargets)",无
700,WAXED_OXIDIZED_COPPER_LANTERN,block,-1,涂蜡的氧化铜灯笼,,consistent,目标已禁用（score=-1）。中文显示“涂蜡的氧化铜灯笼”与 ID（Material.WAXED_OXIDIZED_COPPER_LANTERN）一致。作为 block 类型目标，requirement 为空符合系统设计规范。,Game.runPer5Tick 每 5 tick 轮询 checkRedInventory / checkBlueInventory，检查在线队员背包与队伍共享箱是否持有 Material.WAXED_OXIDIZED_COPPER_LANTERN。该材质在 Paper 26.2 Material 枚举中存在，代码逻辑与静态结构一致。,"src/main/java/top/lqsnow/blockracing/managers/Game.java (checkRedInventory/checkBlueInventory), src/main/java/top/lqsnow/blockracing/managers/Block.java (loadTargets)",无
701,WAXED_OXIDIZED_COPPER_TRAPDOOR,block,-1,涂蜡的氧化铜活板门,,consistent,目标已禁用（score=-1）。中文显示“涂蜡的氧化铜活板门”与 ID（Material.WAXED_OXIDIZED_COPPER_TRAPDOOR）一致。作为 block 类型目标，requirement 为空符合系统设计规范。,Game.runPer5Tick 每 5 tick 轮询 checkRedInventory / checkBlueInventory，检查在线队员背包与队伍共享箱是否持有 Material.WAXED_OXIDIZED_COPPER_TRAPDOOR。该材质在 Paper 26.2 Material 枚举中存在，代码逻辑与静态结构一致。,"src/main/java/top/lqsnow/blockracing/managers/Game.java (checkRedInventory/checkBlueInventory), src/main/java/top/lqsnow/blockracing/managers/Block.java (loadTargets)",无
702,WAXED_OXIDIZED_CUT_COPPER,block,-1,涂蜡的氧化切制铜块,,consistent,目标已禁用（score=-1）。中文显示“涂蜡的氧化切制铜块”与 ID（Material.WAXED_OXIDIZED_CUT_COPPER）一致。作为 block 类型目标，requirement 为空符合系统设计规范。,Game.runPer5Tick 每 5 tick 轮询 checkRedInventory / checkBlueInventory，检查在线队员背包与队伍共享箱是否持有 Material.WAXED_OXIDIZED_CUT_COPPER。该材质在 Paper 26.2 Material 枚举中存在，代码逻辑与静态结构一致。,"src/main/java/top/lqsnow/blockracing/managers/Game.java (checkRedInventory/checkBlueInventory), src/main/java/top/lqsnow/blockracing/managers/Block.java (loadTargets)",无
703,WAXED_OXIDIZED_CUT_COPPER_SLAB,block,-1,涂蜡的氧化切制铜台阶,,consistent,目标已禁用（score=-1）。中文显示“涂蜡的氧化切制铜台阶”与 ID（Material.WAXED_OXIDIZED_CUT_COPPER_SLAB）一致。作为 block 类型目标，requirement 为空符合系统设计规范。,Game.runPer5Tick 每 5 tick 轮询 checkRedInventory / checkBlueInventory，检查在线队员背包与队伍共享箱是否持有 Material.WAXED_OXIDIZED_CUT_COPPER_SLAB。该材质在 Paper 26.2 Material 枚举中存在，代码逻辑与静态结构一致。,"src/main/java/top/lqsnow/blockracing/managers/Game.java (checkRedInventory/checkBlueInventory), src/main/java/top/lqsnow/blockracing/managers/Block.java (loadTargets)",无
704,WAXED_OXIDIZED_CUT_COPPER_STAIRS,block,-1,涂蜡的氧化切制铜楼梯,,consistent,目标已禁用（score=-1）。中文显示“涂蜡的氧化切制铜楼梯”与 ID（Material.WAXED_OXIDIZED_CUT_COPPER_STAIRS）一致。作为 block 类型目标，requirement 为空符合系统设计规范。,Game.runPer5Tick 每 5 tick 轮询 checkRedInventory / checkBlueInventory，检查在线队员背包与队伍共享箱是否持有 Material.WAXED_OXIDIZED_CUT_COPPER_STAIRS。该材质在 Paper 26.2 Material 枚举中存在，代码逻辑与静态结构一致。,"src/main/java/top/lqsnow/blockracing/managers/Game.java (checkRedInventory/checkBlueInventory), src/main/java/top/lqsnow/blockracing/managers/Block.java (loadTargets)",无
705,WAXED_OXIDIZED_LIGHTNING_ROD,block,-1,涂蜡的氧化避雷针,,consistent,目标已禁用（score=-1）。中文显示“涂蜡的氧化避雷针”与 ID（Material.WAXED_OXIDIZED_LIGHTNING_ROD）一致。作为 block 类型目标，requirement 为空符合系统设计规范。,Game.runPer5Tick 每 5 tick 轮询 checkRedInventory / checkBlueInventory，检查在线队员背包与队伍共享箱是否持有 Material.WAXED_OXIDIZED_LIGHTNING_ROD。该材质在 Paper 26.2 Material 枚举中存在，代码逻辑与静态结构一致。,"src/main/java/top/lqsnow/blockracing/managers/Game.java (checkRedInventory/checkBlueInventory), src/main/java/top/lqsnow/blockracing/managers/Block.java (loadTargets)",无
706,WAXED_WEATHERED_CHISELED_COPPER,block,-1,涂蜡的锈蚀雕纹铜块,,consistent,目标已禁用（score=-1）。中文显示“涂蜡的锈蚀雕纹铜块”与 ID（Material.WAXED_WEATHERED_CHISELED_COPPER）一致。作为 block 类型目标，requirement 为空符合系统设计规范。,Game.runPer5Tick 每 5 tick 轮询 checkRedInventory / checkBlueInventory，检查在线队员背包与队伍共享箱是否持有 Material.WAXED_WEATHERED_CHISELED_COPPER。该材质在 Paper 26.2 Material 枚举中存在，代码逻辑与静态结构一致。,"src/main/java/top/lqsnow/blockracing/managers/Game.java (checkRedInventory/checkBlueInventory), src/main/java/top/lqsnow/blockracing/managers/Block.java (loadTargets)",无
707,WAXED_WEATHERED_COPPER,block,-1,涂蜡的锈蚀铜块,,consistent,目标已禁用（score=-1）。中文显示“涂蜡的锈蚀铜块”与 ID（Material.WAXED_WEATHERED_COPPER）一致。作为 block 类型目标，requirement 为空符合系统设计规范。,Game.runPer5Tick 每 5 tick 轮询 checkRedInventory / checkBlueInventory，检查在线队员背包与队伍共享箱是否持有 Material.WAXED_WEATHERED_COPPER。该材质在 Paper 26.2 Material 枚举中存在，代码逻辑与静态结构一致。,"src/main/java/top/lqsnow/blockracing/managers/Game.java (checkRedInventory/checkBlueInventory), src/main/java/top/lqsnow/blockracing/managers/Block.java (loadTargets)",无
708,WAXED_WEATHERED_COPPER_BARS,block,-1,涂蜡的锈蚀铜栏杆,,consistent,目标已禁用（score=-1）。中文显示“涂蜡的锈蚀铜栏杆”与 ID（Material.WAXED_WEATHERED_COPPER_BARS）一致。作为 block 类型目标，requirement 为空符合系统设计规范。,Game.runPer5Tick 每 5 tick 轮询 checkRedInventory / checkBlueInventory，检查在线队员背包与队伍共享箱是否持有 Material.WAXED_WEATHERED_COPPER_BARS。该材质在 Paper 26.2 Material 枚举中存在，代码逻辑与静态结构一致。,"src/main/java/top/lqsnow/blockracing/managers/Game.java (checkRedInventory/checkBlueInventory), src/main/java/top/lqsnow/blockracing/managers/Block.java (loadTargets)",无
709,WAXED_WEATHERED_COPPER_BULB,block,-1,涂蜡的锈蚀铜灯,,consistent,目标已禁用（score=-1）。中文显示“涂蜡的锈蚀铜灯”与 ID（Material.WAXED_WEATHERED_COPPER_BULB）一致。作为 block 类型目标，requirement 为空符合系统设计规范。,Game.runPer5Tick 每 5 tick 轮询 checkRedInventory / checkBlueInventory，检查在线队员背包与队伍共享箱是否持有 Material.WAXED_WEATHERED_COPPER_BULB。该材质在 Paper 26.2 Material 枚举中存在，代码逻辑与静态结构一致。,"src/main/java/top/lqsnow/blockracing/managers/Game.java (checkRedInventory/checkBlueInventory), src/main/java/top/lqsnow/blockracing/managers/Block.java (loadTargets)",无
710,WAXED_WEATHERED_COPPER_CHAIN,block,-1,涂蜡的锈蚀铜链,,consistent,目标已禁用（score=-1）。中文显示“涂蜡的锈蚀铜链”与 ID（Material.WAXED_WEATHERED_COPPER_CHAIN）一致。作为 block 类型目标，requirement 为空符合系统设计规范。,Game.runPer5Tick 每 5 tick 轮询 checkRedInventory / checkBlueInventory，检查在线队员背包与队伍共享箱是否持有 Material.WAXED_WEATHERED_COPPER_CHAIN。该材质在 Paper 26.2 Material 枚举中存在，代码逻辑与静态结构一致。,"src/main/java/top/lqsnow/blockracing/managers/Game.java (checkRedInventory/checkBlueInventory), src/main/java/top/lqsnow/blockracing/managers/Block.java (loadTargets)",无
711,WAXED_WEATHERED_COPPER_CHEST,block,-1,涂蜡的锈蚀铜箱子,,consistent,目标已禁用（score=-1）。中文显示“涂蜡的锈蚀铜箱子”与 ID（Material.WAXED_WEATHERED_COPPER_CHEST）一致。作为 block 类型目标，requirement 为空符合系统设计规范。,Game.runPer5Tick 每 5 tick 轮询 checkRedInventory / checkBlueInventory，检查在线队员背包与队伍共享箱是否持有 Material.WAXED_WEATHERED_COPPER_CHEST。该材质在 Paper 26.2 Material 枚举中存在，代码逻辑与静态结构一致。,"src/main/java/top/lqsnow/blockracing/managers/Game.java (checkRedInventory/checkBlueInventory), src/main/java/top/lqsnow/blockracing/managers/Block.java (loadTargets)",无
712,WAXED_WEATHERED_COPPER_DOOR,block,-1,涂蜡的锈蚀铜门,,consistent,目标已禁用（score=-1）。中文显示“涂蜡的锈蚀铜门”与 ID（Material.WAXED_WEATHERED_COPPER_DOOR）一致。作为 block 类型目标，requirement 为空符合系统设计规范。,Game.runPer5Tick 每 5 tick 轮询 checkRedInventory / checkBlueInventory，检查在线队员背包与队伍共享箱是否持有 Material.WAXED_WEATHERED_COPPER_DOOR。该材质在 Paper 26.2 Material 枚举中存在，代码逻辑与静态结构一致。,"src/main/java/top/lqsnow/blockracing/managers/Game.java (checkRedInventory/checkBlueInventory), src/main/java/top/lqsnow/blockracing/managers/Block.java (loadTargets)",无
713,WAXED_WEATHERED_COPPER_GOLEM_STATUE,block,-1,涂蜡的锈蚀铜傀儡像,,consistent,目标已禁用（score=-1）。中文显示“涂蜡的锈蚀铜傀儡像”与 ID（Material.WAXED_WEATHERED_COPPER_GOLEM_STATUE）一致。作为 block 类型目标，requirement 为空符合系统设计规范。,Game.runPer5Tick 每 5 tick 轮询 checkRedInventory / checkBlueInventory，检查在线队员背包与队伍共享箱是否持有 Material.WAXED_WEATHERED_COPPER_GOLEM_STATUE。该材质在 Paper 26.2 Material 枚举中存在，代码逻辑与静态结构一致。,"src/main/java/top/lqsnow/blockracing/managers/Game.java (checkRedInventory/checkBlueInventory), src/main/java/top/lqsnow/blockracing/managers/Block.java (loadTargets)",无
714,WAXED_WEATHERED_COPPER_GRATE,block,-1,涂蜡的锈蚀铜格栅,,consistent,目标已禁用（score=-1）。中文显示“涂蜡的锈蚀铜格栅”与 ID（Material.WAXED_WEATHERED_COPPER_GRATE）一致。作为 block 类型目标，requirement 为空符合系统设计规范。,Game.runPer5Tick 每 5 tick 轮询 checkRedInventory / checkBlueInventory，检查在线队员背包与队伍共享箱是否持有 Material.WAXED_WEATHERED_COPPER_GRATE。该材质在 Paper 26.2 Material 枚举中存在，代码逻辑与静态结构一致。,"src/main/java/top/lqsnow/blockracing/managers/Game.java (checkRedInventory/checkBlueInventory), src/main/java/top/lqsnow/blockracing/managers/Block.java (loadTargets)",无
715,WAXED_WEATHERED_COPPER_LANTERN,block,-1,涂蜡的锈蚀铜灯笼,,consistent,目标已禁用（score=-1）。中文显示“涂蜡的锈蚀铜灯笼”与 ID（Material.WAXED_WEATHERED_COPPER_LANTERN）一致。作为 block 类型目标，requirement 为空符合系统设计规范。,Game.runPer5Tick 每 5 tick 轮询 checkRedInventory / checkBlueInventory，检查在线队员背包与队伍共享箱是否持有 Material.WAXED_WEATHERED_COPPER_LANTERN。该材质在 Paper 26.2 Material 枚举中存在，代码逻辑与静态结构一致。,"src/main/java/top/lqsnow/blockracing/managers/Game.java (checkRedInventory/checkBlueInventory), src/main/java/top/lqsnow/blockracing/managers/Block.java (loadTargets)",无
716,WAXED_WEATHERED_COPPER_TRAPDOOR,block,-1,涂蜡的锈蚀铜活板门,,consistent,目标已禁用（score=-1）。中文显示“涂蜡的锈蚀铜活板门”与 ID（Material.WAXED_WEATHERED_COPPER_TRAPDOOR）一致。作为 block 类型目标，requirement 为空符合系统设计规范。,Game.runPer5Tick 每 5 tick 轮询 checkRedInventory / checkBlueInventory，检查在线队员背包与队伍共享箱是否持有 Material.WAXED_WEATHERED_COPPER_TRAPDOOR。该材质在 Paper 26.2 Material 枚举中存在，代码逻辑与静态结构一致。,"src/main/java/top/lqsnow/blockracing/managers/Game.java (checkRedInventory/checkBlueInventory), src/main/java/top/lqsnow/blockracing/managers/Block.java (loadTargets)",无
717,WAXED_WEATHERED_CUT_COPPER,block,-1,涂蜡的锈蚀切制铜块,,consistent,目标已禁用（score=-1）。中文显示“涂蜡的锈蚀切制铜块”与 ID（Material.WAXED_WEATHERED_CUT_COPPER）一致。作为 block 类型目标，requirement 为空符合系统设计规范。,Game.runPer5Tick 每 5 tick 轮询 checkRedInventory / checkBlueInventory，检查在线队员背包与队伍共享箱是否持有 Material.WAXED_WEATHERED_CUT_COPPER。该材质在 Paper 26.2 Material 枚举中存在，代码逻辑与静态结构一致。,"src/main/java/top/lqsnow/blockracing/managers/Game.java (checkRedInventory/checkBlueInventory), src/main/java/top/lqsnow/blockracing/managers/Block.java (loadTargets)",无
718,WAXED_WEATHERED_CUT_COPPER_SLAB,block,-1,涂蜡的锈蚀切制铜台阶,,consistent,目标已禁用（score=-1）。中文显示“涂蜡的锈蚀切制铜台阶”与 ID（Material.WAXED_WEATHERED_CUT_COPPER_SLAB）一致。作为 block 类型目标，requirement 为空符合系统设计规范。,Game.runPer5Tick 每 5 tick 轮询 checkRedInventory / checkBlueInventory，检查在线队员背包与队伍共享箱是否持有 Material.WAXED_WEATHERED_CUT_COPPER_SLAB。该材质在 Paper 26.2 Material 枚举中存在，代码逻辑与静态结构一致。,"src/main/java/top/lqsnow/blockracing/managers/Game.java (checkRedInventory/checkBlueInventory), src/main/java/top/lqsnow/blockracing/managers/Block.java (loadTargets)",无
719,WAXED_WEATHERED_CUT_COPPER_STAIRS,block,-1,涂蜡的锈蚀切制铜楼梯,,consistent,目标已禁用（score=-1）。中文显示“涂蜡的锈蚀切制铜楼梯”与 ID（Material.WAXED_WEATHERED_CUT_COPPER_STAIRS）一致。作为 block 类型目标，requirement 为空符合系统设计规范。,Game.runPer5Tick 每 5 tick 轮询 checkRedInventory / checkBlueInventory，检查在线队员背包与队伍共享箱是否持有 Material.WAXED_WEATHERED_CUT_COPPER_STAIRS。该材质在 Paper 26.2 Material 枚举中存在，代码逻辑与静态结构一致。,"src/main/java/top/lqsnow/blockracing/managers/Game.java (checkRedInventory/checkBlueInventory), src/main/java/top/lqsnow/blockracing/managers/Block.java (loadTargets)",无
720,WAXED_WEATHERED_LIGHTNING_ROD,block,-1,涂蜡的锈蚀避雷针,,consistent,目标已禁用（score=-1）。中文显示“涂蜡的锈蚀避雷针”与 ID（Material.WAXED_WEATHERED_LIGHTNING_ROD）一致。作为 block 类型目标，requirement 为空符合系统设计规范。,Game.runPer5Tick 每 5 tick 轮询 checkRedInventory / checkBlueInventory，检查在线队员背包与队伍共享箱是否持有 Material.WAXED_WEATHERED_LIGHTNING_ROD。该材质在 Paper 26.2 Material 枚举中存在，代码逻辑与静态结构一致。,"src/main/java/top/lqsnow/blockracing/managers/Game.java (checkRedInventory/checkBlueInventory), src/main/java/top/lqsnow/blockracing/managers/Block.java (loadTargets)",无
721,WEATHERED_CHISELED_COPPER,block,-1,锈蚀的雕纹铜块,,consistent,目标已禁用（score=-1）。中文显示“锈蚀的雕纹铜块”与 ID（Material.WEATHERED_CHISELED_COPPER）一致。作为 block 类型目标，requirement 为空符合系统设计规范。,Game.runPer5Tick 每 5 tick 轮询 checkRedInventory / checkBlueInventory，检查在线队员背包与队伍共享箱是否持有 Material.WEATHERED_CHISELED_COPPER。该材质在 Paper 26.2 Material 枚举中存在，代码逻辑与静态结构一致。,"src/main/java/top/lqsnow/blockracing/managers/Game.java (checkRedInventory/checkBlueInventory), src/main/java/top/lqsnow/blockracing/managers/Block.java (loadTargets)",无
722,WEATHERED_COPPER,block,-1,锈蚀的铜块,,consistent,目标已禁用（score=-1）。中文显示“锈蚀的铜块”与 ID（Material.WEATHERED_COPPER）一致。作为 block 类型目标，requirement 为空符合系统设计规范。,Game.runPer5Tick 每 5 tick 轮询 checkRedInventory / checkBlueInventory，检查在线队员背包与队伍共享箱是否持有 Material.WEATHERED_COPPER。该材质在 Paper 26.2 Material 枚举中存在，代码逻辑与静态结构一致。,"src/main/java/top/lqsnow/blockracing/managers/Game.java (checkRedInventory/checkBlueInventory), src/main/java/top/lqsnow/blockracing/managers/Block.java (loadTargets)",无
723,WEATHERED_COPPER_BARS,block,-1,锈蚀的铜栏杆,,consistent,目标已禁用（score=-1）。中文显示“锈蚀的铜栏杆”与 ID（Material.WEATHERED_COPPER_BARS）一致。作为 block 类型目标，requirement 为空符合系统设计规范。,Game.runPer5Tick 每 5 tick 轮询 checkRedInventory / checkBlueInventory，检查在线队员背包与队伍共享箱是否持有 Material.WEATHERED_COPPER_BARS。该材质在 Paper 26.2 Material 枚举中存在，代码逻辑与静态结构一致。,"src/main/java/top/lqsnow/blockracing/managers/Game.java (checkRedInventory/checkBlueInventory), src/main/java/top/lqsnow/blockracing/managers/Block.java (loadTargets)",无
724,WEATHERED_COPPER_BULB,block,-1,锈蚀的铜灯,,consistent,目标已禁用（score=-1）。中文显示“锈蚀的铜灯”与 ID（Material.WEATHERED_COPPER_BULB）一致。作为 block 类型目标，requirement 为空符合系统设计规范。,Game.runPer5Tick 每 5 tick 轮询 checkRedInventory / checkBlueInventory，检查在线队员背包与队伍共享箱是否持有 Material.WEATHERED_COPPER_BULB。该材质在 Paper 26.2 Material 枚举中存在，代码逻辑与静态结构一致。,"src/main/java/top/lqsnow/blockracing/managers/Game.java (checkRedInventory/checkBlueInventory), src/main/java/top/lqsnow/blockracing/managers/Block.java (loadTargets)",无
725,WEATHERED_COPPER_CHAIN,block,-1,锈蚀的铜链,,consistent,目标已禁用（score=-1）。中文显示“锈蚀的铜链”与 ID（Material.WEATHERED_COPPER_CHAIN）一致。作为 block 类型目标，requirement 为空符合系统设计规范。,Game.runPer5Tick 每 5 tick 轮询 checkRedInventory / checkBlueInventory，检查在线队员背包与队伍共享箱是否持有 Material.WEATHERED_COPPER_CHAIN。该材质在 Paper 26.2 Material 枚举中存在，代码逻辑与静态结构一致。,"src/main/java/top/lqsnow/blockracing/managers/Game.java (checkRedInventory/checkBlueInventory), src/main/java/top/lqsnow/blockracing/managers/Block.java (loadTargets)",无
726,WEATHERED_COPPER_CHEST,block,-1,锈蚀的铜箱子,,consistent,目标已禁用（score=-1）。中文显示“锈蚀的铜箱子”与 ID（Material.WEATHERED_COPPER_CHEST）一致。作为 block 类型目标，requirement 为空符合系统设计规范。,Game.runPer5Tick 每 5 tick 轮询 checkRedInventory / checkBlueInventory，检查在线队员背包与队伍共享箱是否持有 Material.WEATHERED_COPPER_CHEST。该材质在 Paper 26.2 Material 枚举中存在，代码逻辑与静态结构一致。,"src/main/java/top/lqsnow/blockracing/managers/Game.java (checkRedInventory/checkBlueInventory), src/main/java/top/lqsnow/blockracing/managers/Block.java (loadTargets)",无
727,WEATHERED_COPPER_DOOR,block,-1,锈蚀的铜门,,consistent,目标已禁用（score=-1）。中文显示“锈蚀的铜门”与 ID（Material.WEATHERED_COPPER_DOOR）一致。作为 block 类型目标，requirement 为空符合系统设计规范。,Game.runPer5Tick 每 5 tick 轮询 checkRedInventory / checkBlueInventory，检查在线队员背包与队伍共享箱是否持有 Material.WEATHERED_COPPER_DOOR。该材质在 Paper 26.2 Material 枚举中存在，代码逻辑与静态结构一致。,"src/main/java/top/lqsnow/blockracing/managers/Game.java (checkRedInventory/checkBlueInventory), src/main/java/top/lqsnow/blockracing/managers/Block.java (loadTargets)",无
728,WEATHERED_COPPER_GOLEM_STATUE,block,-1,锈蚀的铜傀儡像,,consistent,目标已禁用（score=-1）。中文显示“锈蚀的铜傀儡像”与 ID（Material.WEATHERED_COPPER_GOLEM_STATUE）一致。作为 block 类型目标，requirement 为空符合系统设计规范。,Game.runPer5Tick 每 5 tick 轮询 checkRedInventory / checkBlueInventory，检查在线队员背包与队伍共享箱是否持有 Material.WEATHERED_COPPER_GOLEM_STATUE。该材质在 Paper 26.2 Material 枚举中存在，代码逻辑与静态结构一致。,"src/main/java/top/lqsnow/blockracing/managers/Game.java (checkRedInventory/checkBlueInventory), src/main/java/top/lqsnow/blockracing/managers/Block.java (loadTargets)",无
729,WEATHERED_COPPER_GRATE,block,-1,锈蚀的铜格栅,,consistent,目标已禁用（score=-1）。中文显示“锈蚀的铜格栅”与 ID（Material.WEATHERED_COPPER_GRATE）一致。作为 block 类型目标，requirement 为空符合系统设计规范。,Game.runPer5Tick 每 5 tick 轮询 checkRedInventory / checkBlueInventory，检查在线队员背包与队伍共享箱是否持有 Material.WEATHERED_COPPER_GRATE。该材质在 Paper 26.2 Material 枚举中存在，代码逻辑与静态结构一致。,"src/main/java/top/lqsnow/blockracing/managers/Game.java (checkRedInventory/checkBlueInventory), src/main/java/top/lqsnow/blockracing/managers/Block.java (loadTargets)",无
730,WEATHERED_COPPER_LANTERN,block,-1,锈蚀的铜灯笼,,consistent,目标已禁用（score=-1）。中文显示“锈蚀的铜灯笼”与 ID（Material.WEATHERED_COPPER_LANTERN）一致。作为 block 类型目标，requirement 为空符合系统设计规范。,Game.runPer5Tick 每 5 tick 轮询 checkRedInventory / checkBlueInventory，检查在线队员背包与队伍共享箱是否持有 Material.WEATHERED_COPPER_LANTERN。该材质在 Paper 26.2 Material 枚举中存在，代码逻辑与静态结构一致。,"src/main/java/top/lqsnow/blockracing/managers/Game.java (checkRedInventory/checkBlueInventory), src/main/java/top/lqsnow/blockracing/managers/Block.java (loadTargets)",无
731,WEATHERED_COPPER_TRAPDOOR,block,-1,锈蚀的铜活板门,,consistent,目标已禁用（score=-1）。中文显示“锈蚀的铜活板门”与 ID（Material.WEATHERED_COPPER_TRAPDOOR）一致。作为 block 类型目标，requirement 为空符合系统设计规范。,Game.runPer5Tick 每 5 tick 轮询 checkRedInventory / checkBlueInventory，检查在线队员背包与队伍共享箱是否持有 Material.WEATHERED_COPPER_TRAPDOOR。该材质在 Paper 26.2 Material 枚举中存在，代码逻辑与静态结构一致。,"src/main/java/top/lqsnow/blockracing/managers/Game.java (checkRedInventory/checkBlueInventory), src/main/java/top/lqsnow/blockracing/managers/Block.java (loadTargets)",无
732,WEATHERED_CUT_COPPER,block,-1,锈蚀的切制铜块,,consistent,目标已禁用（score=-1）。中文显示“锈蚀的切制铜块”与 ID（Material.WEATHERED_CUT_COPPER）一致。作为 block 类型目标，requirement 为空符合系统设计规范。,Game.runPer5Tick 每 5 tick 轮询 checkRedInventory / checkBlueInventory，检查在线队员背包与队伍共享箱是否持有 Material.WEATHERED_CUT_COPPER。该材质在 Paper 26.2 Material 枚举中存在，代码逻辑与静态结构一致。,"src/main/java/top/lqsnow/blockracing/managers/Game.java (checkRedInventory/checkBlueInventory), src/main/java/top/lqsnow/blockracing/managers/Block.java (loadTargets)",无
733,WEATHERED_CUT_COPPER_SLAB,block,-1,锈蚀的切制铜台阶,,consistent,目标已禁用（score=-1）。中文显示“锈蚀的切制铜台阶”与 ID（Material.WEATHERED_CUT_COPPER_SLAB）一致。作为 block 类型目标，requirement 为空符合系统设计规范。,Game.runPer5Tick 每 5 tick 轮询 checkRedInventory / checkBlueInventory，检查在线队员背包与队伍共享箱是否持有 Material.WEATHERED_CUT_COPPER_SLAB。该材质在 Paper 26.2 Material 枚举中存在，代码逻辑与静态结构一致。,"src/main/java/top/lqsnow/blockracing/managers/Game.java (checkRedInventory/checkBlueInventory), src/main/java/top/lqsnow/blockracing/managers/Block.java (loadTargets)",无
734,WEATHERED_CUT_COPPER_STAIRS,block,-1,锈蚀的切制铜楼梯,,consistent,目标已禁用（score=-1）。中文显示“锈蚀的切制铜楼梯”与 ID（Material.WEATHERED_CUT_COPPER_STAIRS）一致。作为 block 类型目标，requirement 为空符合系统设计规范。,Game.runPer5Tick 每 5 tick 轮询 checkRedInventory / checkBlueInventory，检查在线队员背包与队伍共享箱是否持有 Material.WEATHERED_CUT_COPPER_STAIRS。该材质在 Paper 26.2 Material 枚举中存在，代码逻辑与静态结构一致。,"src/main/java/top/lqsnow/blockracing/managers/Game.java (checkRedInventory/checkBlueInventory), src/main/java/top/lqsnow/blockracing/managers/Block.java (loadTargets)",无
735,WEATHERED_LIGHTNING_ROD,block,-1,锈蚀的避雷针,,consistent,目标已禁用（score=-1）。中文显示“锈蚀的避雷针”与 ID（Material.WEATHERED_LIGHTNING_ROD）一致。作为 block 类型目标，requirement 为空符合系统设计规范。,Game.runPer5Tick 每 5 tick 轮询 checkRedInventory / checkBlueInventory，检查在线队员背包与队伍共享箱是否持有 Material.WEATHERED_LIGHTNING_ROD。该材质在 Paper 26.2 Material 枚举中存在，代码逻辑与静态结构一致。,"src/main/java/top/lqsnow/blockracing/managers/Game.java (checkRedInventory/checkBlueInventory), src/main/java/top/lqsnow/blockracing/managers/Block.java (loadTargets)",无
736,COLLECT_ALL_COPPER_VARIANTS,goal,20,获得所有可被涂蜡的方块的全部变种,"item:CHISELED_COPPER,COPPER_BARS,COPPER_BLOCK,COPPER_BULB,COPPER_CHAIN,COPPER_CHEST,COPPER_DOOR,COPPER_GOLEM_STATUE,COPPER_GRATE,COPPER_LANTERN,COPPER_TRAPDOOR,CUT_COPPER,CUT_COPPER_SLAB,CUT_COPPER_STAIRS,EXPOSED_CHISELED_COPPER,EXPOSED_COPPER,EXPOSED_COPPER_BARS,EXPOSED_COPPER_BULB,EXPOSED_COPPER_CHAIN,EXPOSED_COPPER_CHEST,EXPOSED_COPPER_DOOR,EXPOSED_COPPER_GOLEM_STATUE,EXPOSED_COPPER_GRATE,EXPOSED_COPPER_LANTERN,EXPOSED_COPPER_TRAPDOOR,EXPOSED_CUT_COPPER,EXPOSED_CUT_COPPER_SLAB,EXPOSED_CUT_COPPER_STAIRS,EXPOSED_LIGHTNING_ROD,LIGHTNING_ROD,OXIDIZED_CHISELED_COPPER,OXIDIZED_COPPER,OXIDIZED_COPPER_BARS,OXIDIZED_COPPER_BULB,OXIDIZED_COPPER_CHAIN,OXIDIZED_COPPER_CHEST,OXIDIZED_COPPER_DOOR,OXIDIZED_COPPER_GOLEM_STATUE,OXIDIZED_COPPER_GRATE,OXIDIZED_COPPER_LANTERN,OXIDIZED_COPPER_TRAPDOOR,OXIDIZED_CUT_COPPER,OXIDIZED_CUT_COPPER_SLAB,OXIDIZED_CUT_COPPER_STAIRS,OXIDIZED_LIGHTNING_ROD,WAXED_CHISELED_COPPER,WAXED_COPPER_BARS,WAXED_COPPER_BLOCK,WAXED_COPPER_BULB,WAXED_COPPER_CHAIN,WAXED_COPPER_CHEST,WAXED_COPPER_DOOR,WAXED_COPPER_GOLEM_STATUE,WAXED_COPPER_GRATE,WAXED_COPPER_LANTERN,WAXED_COPPER_TRAPDOOR,WAXED_CUT_COPPER,WAXED_CUT_COPPER_SLAB,WAXED_CUT_COPPER_STAIRS,WAXED_EXPOSED_CHISELED_COPPER,WAXED_EXPOSED_COPPER,WAXED_EXPOSED_COPPER_BARS,WAXED_EXPOSED_COPPER_BULB,WAXED_EXPOSED_COPPER_CHAIN,WAXED_EXPOSED_COPPER_CHEST,WAXED_EXPOSED_COPPER_DOOR,WAXED_EXPOSED_COPPER_GOLEM_STATUE,WAXED_EXPOSED_COPPER_GRATE,WAXED_EXPOSED_COPPER_LANTERN,WAXED_EXPOSED_COPPER_TRAPDOOR,WAXED_EXPOSED_CUT_COPPER,WAXED_EXPOSED_CUT_COPPER_SLAB,WAXED_EXPOSED_CUT_COPPER_STAIRS,WAXED_EXPOSED_LIGHTNING_ROD,WAXED_LIGHTNING_ROD,WAXED_OXIDIZED_CHISELED_COPPER,WAXED_OXIDIZED_COPPER,WAXED_OXIDIZED_COPPER_BARS,WAXED_OXIDIZED_COPPER_BULB,WAXED_OXIDIZED_COPPER_CHAIN,WAXED_OXIDIZED_COPPER_CHEST,WAXED_OXIDIZED_COPPER_DOOR,WAXED_OXIDIZED_COPPER_GOLEM_STATUE,WAXED_OXIDIZED_COPPER_GRATE,WAXED_OXIDIZED_COPPER_LANTERN,WAXED_OXIDIZED_COPPER_TRAPDOOR,WAXED_OXIDIZED_CUT_COPPER,WAXED_OXIDIZED_CUT_COPPER_SLAB,WAXED_OXIDIZED_CUT_COPPER_STAIRS,WAXED_OXIDIZED_LIGHTNING_ROD,WAXED_WEATHERED_CHISELED_COPPER,WAXED_WEATHERED_COPPER,WAXED_WEATHERED_COPPER_BARS,WAXED_WEATHERED_COPPER_BULB,WAXED_WEATHERED_COPPER_CHAIN,WAXED_WEATHERED_COPPER_CHEST,WAXED_WEATHERED_COPPER_DOOR,WAXED_WEATHERED_COPPER_GOLEM_STATUE,WAXED_WEATHERED_COPPER_GRATE,WAXED_WEATHERED_COPPER_LANTERN,WAXED_WEATHERED_COPPER_TRAPDOOR,WAXED_WEATHERED_CUT_COPPER,WAXED_WEATHERED_CUT_COPPER_SLAB,WAXED_WEATHERED_CUT_COPPER_STAIRS,WAXED_WEATHERED_LIGHTNING_ROD,WEATHERED_CHISELED_COPPER,WEATHERED_COPPER,WEATHERED_COPPER_BARS,WEATHERED_COPPER_BULB,WEATHERED_COPPER_CHAIN,WEATHERED_COPPER_CHEST,WEATHERED_COPPER_DOOR,WEATHERED_COPPER_GOLEM_STATUE,WEATHERED_COPPER_GRATE,WEATHERED_COPPER_LANTERN,WEATHERED_COPPER_TRAPDOOR,WEATHERED_CUT_COPPER,WEATHERED_CUT_COPPER_SLAB,WEATHERED_CUT_COPPER_STAIRS,WEATHERED_LIGHTNING_ROD",consistent,"中文要求“获得所有可被涂蜡的方块的全部变种”，requirement 指定了 item:CHISELED_COPPER,COPPER_BARS,COPPER_BLOCK,COPPER_BULB,COPPER_CHAIN,COPPER_CHEST,COPPER_DOOR,COPPER_GOLEM_STATUE,COPPER_GRATE,COPPER_LANTERN,COPPER_TRAPDOOR,CUT_COPPER,CUT_COPPER_SLAB,CUT_COPPER_STAIRS,EXPOSED_CHISELED_COPPER,EXPOSED_COPPER,EXPOSED_COPPER_BARS,EXPOSED_COPPER_BULB,EXPOSED_COPPER_CHAIN,EXPOSED_COPPER_CHEST,EXPOSED_COPPER_DOOR,EXPOSED_COPPER_GOLEM_STATUE,EXPOSED_COPPER_GRATE,EXPOSED_COPPER_LANTERN,EXPOSED_COPPER_TRAPDOOR,EXPOSED_CUT_COPPER,EXPOSED_CUT_COPPER_SLAB,EXPOSED_CUT_COPPER_STAIRS,EXPOSED_LIGHTNING_ROD,LIGHTNING_ROD,OXIDIZED_CHISELED_COPPER,OXIDIZED_COPPER,OXIDIZED_COPPER_BARS,OXIDIZED_COPPER_BULB,OXIDIZED_COPPER_CHAIN,OXIDIZED_COPPER_CHEST,OXIDIZED_COPPER_DOOR,OXIDIZED_COPPER_GOLEM_STATUE,OXIDIZED_COPPER_GRATE,OXIDIZED_COPPER_LANTERN,OXIDIZED_COPPER_TRAPDOOR,OXIDIZED_CUT_COPPER,OXIDIZED_CUT_COPPER_SLAB,OXIDIZED_CUT_COPPER_STAIRS,OXIDIZED_LIGHTNING_ROD,WAXED_CHISELED_COPPER,WAXED_COPPER_BARS,WAXED_COPPER_BLOCK,WAXED_COPPER_BULB,WAXED_COPPER_CHAIN,WAXED_COPPER_CHEST,WAXED_COPPER_DOOR,WAXED_COPPER_GOLEM_STATUE,WAXED_COPPER_GRATE,WAXED_COPPER_LANTERN,WAXED_COPPER_TRAPDOOR,WAXED_CUT_COPPER,WAXED_CUT_COPPER_SLAB,WAXED_CUT_COPPER_STAIRS,WAXED_EXPOSED_CHISELED_COPPER,WAXED_EXPOSED_COPPER,WAXED_EXPOSED_COPPER_BARS,WAXED_EXPOSED_COPPER_BULB,WAXED_EXPOSED_COPPER_CHAIN,WAXED_EXPOSED_COPPER_CHEST,WAXED_EXPOSED_COPPER_DOOR,WAXED_EXPOSED_COPPER_GOLEM_STATUE,WAXED_EXPOSED_COPPER_GRATE,WAXED_EXPOSED_COPPER_LANTERN,WAXED_EXPOSED_COPPER_TRAPDOOR,WAXED_EXPOSED_CUT_COPPER,WAXED_EXPOSED_CUT_COPPER_SLAB,WAXED_EXPOSED_CUT_COPPER_STAIRS,WAXED_EXPOSED_LIGHTNING_ROD,WAXED_LIGHTNING_ROD,WAXED_OXIDIZED_CHISELED_COPPER,WAXED_OXIDIZED_COPPER,WAXED_OXIDIZED_COPPER_BARS,WAXED_OXIDIZED_COPPER_BULB,WAXED_OXIDIZED_COPPER_CHAIN,WAXED_OXIDIZED_COPPER_CHEST,WAXED_OXIDIZED_COPPER_DOOR,WAXED_OXIDIZED_COPPER_GOLEM_STATUE,WAXED_OXIDIZED_COPPER_GRATE,WAXED_OXIDIZED_COPPER_LANTERN,WAXED_OXIDIZED_COPPER_TRAPDOOR,WAXED_OXIDIZED_CUT_COPPER,WAXED_OXIDIZED_CUT_COPPER_SLAB,WAXED_OXIDIZED_CUT_COPPER_STAIRS,WAXED_OXIDIZED_LIGHTNING_ROD,WAXED_WEATHERED_CHISELED_COPPER,WAXED_WEATHERED_COPPER,WAXED_WEATHERED_COPPER_BARS,WAXED_WEATHERED_COPPER_BULB,WAXED_WEATHERED_COPPER_CHAIN,WAXED_WEATHERED_COPPER_CHEST,WAXED_WEATHERED_COPPER_DOOR,WAXED_WEATHERED_COPPER_GOLEM_STATUE,WAXED_WEATHERED_COPPER_GRATE,WAXED_WEATHERED_COPPER_LANTERN,WAXED_WEATHERED_COPPER_TRAPDOOR,WAXED_WEATHERED_CUT_COPPER,WAXED_WEATHERED_CUT_COPPER_SLAB,WAXED_WEATHERED_CUT_COPPER_STAIRS,WAXED_WEATHERED_LIGHTNING_ROD,WEATHERED_CHISELED_COPPER,WEATHERED_COPPER,WEATHERED_COPPER_BARS,WEATHERED_COPPER_BULB,WEATHERED_COPPER_CHAIN,WEATHERED_COPPER_CHEST,WEATHERED_COPPER_DOOR,WEATHERED_COPPER_GOLEM_STATUE,WEATHERED_COPPER_GRATE,WEATHERED_COPPER_LANTERN,WEATHERED_COPPER_TRAPDOOR,WEATHERED_CUT_COPPER,WEATHERED_CUT_COPPER_SLAB,WEATHERED_CUT_COPPER_STAIRS,WEATHERED_LIGHTNING_ROD（要求列表中所有物品及对应数量全部满足）。",Goal.sharedItemProgress 聚合队伍当前在线成员背包与队伍箱的物品数量映射，检查列表中每一项材质数量均满足要求即判定完成。,src/main/java/top/lqsnow/blockracing/managers/Goal.java (sharedItemProgress),无
737,OBTAIN_ANY_NAUTILUS_ARMOR,goal,2,获得任一一种鹦鹉螺铠甲,"item-unique:1:IRON_NAUTILUS_ARMOR,GOLDEN_NAUTILUS_ARMOR,DIAMOND_NAUTILUS_ARMOR,NETHERITE_NAUTILUS_ARMOR,COPPER_NAUTILUS_ARMOR",consistent,中文要求“获得任一一种鹦鹉螺铠甲”，requirement 指定 item-unique:1:...（要求候选列表中收集至少 1 种不同物品）。,Goal.sharedItemProgress 聚合队伍当前在线成员背包与队伍箱的物品材质集合，计算与候选集合的交集大小达到 1 即判定完成。,src/main/java/top/lqsnow/blockracing/managers/Goal.java (sharedItemProgress),无
738,SULFUR,block,1,硫黄,,consistent,中文显示“硫黄”与 ID（Material.SULFUR）一致。作为 block 类型目标，requirement 为空符合系统设计规范（物品收集类任务由 Material ID 驱动）。,Game.runPer5Tick 每 5 tick 轮询 checkRedInventory / checkBlueInventory，检查在线队员背包与队伍共享箱是否持有 Material.SULFUR。该材质在 Paper 26.2 Material 枚举中存在，代码逻辑与静态结构一致。,"src/main/java/top/lqsnow/blockracing/managers/Game.java (checkRedInventory/checkBlueInventory), src/main/java/top/lqsnow/blockracing/managers/Block.java (loadTargets)",无
739,CINNABAR,block,1,朱砂,,consistent,中文显示“朱砂”与 ID（Material.CINNABAR）一致。作为 block 类型目标，requirement 为空符合系统设计规范（物品收集类任务由 Material ID 驱动）。,Game.runPer5Tick 每 5 tick 轮询 checkRedInventory / checkBlueInventory，检查在线队员背包与队伍共享箱是否持有 Material.CINNABAR。该材质在 Paper 26.2 Material 枚举中存在，代码逻辑与静态结构一致。,"src/main/java/top/lqsnow/blockracing/managers/Game.java (checkRedInventory/checkBlueInventory), src/main/java/top/lqsnow/blockracing/managers/Block.java (loadTargets)",无
740,SULFUR_SPIKE,block,1,硫黄尖锥,,consistent,中文显示“硫黄尖锥”与 ID（Material.SULFUR_SPIKE）一致。作为 block 类型目标，requirement 为空符合系统设计规范（物品收集类任务由 Material ID 驱动）。,Game.runPer5Tick 每 5 tick 轮询 checkRedInventory / checkBlueInventory，检查在线队员背包与队伍共享箱是否持有 Material.SULFUR_SPIKE。该材质在 Paper 26.2 Material 枚举中存在，代码逻辑与静态结构一致。,"src/main/java/top/lqsnow/blockracing/managers/Game.java (checkRedInventory/checkBlueInventory), src/main/java/top/lqsnow/blockracing/managers/Block.java (loadTargets)",无
741,CHISELED_CINNABAR,block,2,雕纹朱砂,,consistent,中文显示“雕纹朱砂”与 ID（Material.CHISELED_CINNABAR）一致。作为 block 类型目标，requirement 为空符合系统设计规范（物品收集类任务由 Material ID 驱动）。,Game.runPer5Tick 每 5 tick 轮询 checkRedInventory / checkBlueInventory，检查在线队员背包与队伍共享箱是否持有 Material.CHISELED_CINNABAR。该材质在 Paper 26.2 Material 枚举中存在，代码逻辑与静态结构一致。,"src/main/java/top/lqsnow/blockracing/managers/Game.java (checkRedInventory/checkBlueInventory), src/main/java/top/lqsnow/blockracing/managers/Block.java (loadTargets)",无
742,CHISELED_SULFUR,block,2,雕纹硫黄,,consistent,中文显示“雕纹硫黄”与 ID（Material.CHISELED_SULFUR）一致。作为 block 类型目标，requirement 为空符合系统设计规范（物品收集类任务由 Material ID 驱动）。,Game.runPer5Tick 每 5 tick 轮询 checkRedInventory / checkBlueInventory，检查在线队员背包与队伍共享箱是否持有 Material.CHISELED_SULFUR。该材质在 Paper 26.2 Material 枚举中存在，代码逻辑与静态结构一致。,"src/main/java/top/lqsnow/blockracing/managers/Game.java (checkRedInventory/checkBlueInventory), src/main/java/top/lqsnow/blockracing/managers/Block.java (loadTargets)",无
743,CINNABAR_BRICK_SLAB,block,2,朱砂砖台阶,,consistent,中文显示“朱砂砖台阶”与 ID（Material.CINNABAR_BRICK_SLAB）一致。作为 block 类型目标，requirement 为空符合系统设计规范（物品收集类任务由 Material ID 驱动）。,Game.runPer5Tick 每 5 tick 轮询 checkRedInventory / checkBlueInventory，检查在线队员背包与队伍共享箱是否持有 Material.CINNABAR_BRICK_SLAB。该材质在 Paper 26.2 Material 枚举中存在，代码逻辑与静态结构一致。,"src/main/java/top/lqsnow/blockracing/managers/Game.java (checkRedInventory/checkBlueInventory), src/main/java/top/lqsnow/blockracing/managers/Block.java (loadTargets)",无
744,CINNABAR_BRICK_STAIRS,block,2,朱砂砖楼梯,,consistent,中文显示“朱砂砖楼梯”与 ID（Material.CINNABAR_BRICK_STAIRS）一致。作为 block 类型目标，requirement 为空符合系统设计规范（物品收集类任务由 Material ID 驱动）。,Game.runPer5Tick 每 5 tick 轮询 checkRedInventory / checkBlueInventory，检查在线队员背包与队伍共享箱是否持有 Material.CINNABAR_BRICK_STAIRS。该材质在 Paper 26.2 Material 枚举中存在，代码逻辑与静态结构一致。,"src/main/java/top/lqsnow/blockracing/managers/Game.java (checkRedInventory/checkBlueInventory), src/main/java/top/lqsnow/blockracing/managers/Block.java (loadTargets)",无
745,CINNABAR_BRICK_WALL,block,2,朱砂砖墙,,consistent,中文显示“朱砂砖墙”与 ID（Material.CINNABAR_BRICK_WALL）一致。作为 block 类型目标，requirement 为空符合系统设计规范（物品收集类任务由 Material ID 驱动）。,Game.runPer5Tick 每 5 tick 轮询 checkRedInventory / checkBlueInventory，检查在线队员背包与队伍共享箱是否持有 Material.CINNABAR_BRICK_WALL。该材质在 Paper 26.2 Material 枚举中存在，代码逻辑与静态结构一致。,"src/main/java/top/lqsnow/blockracing/managers/Game.java (checkRedInventory/checkBlueInventory), src/main/java/top/lqsnow/blockracing/managers/Block.java (loadTargets)",无
746,CINNABAR_BRICKS,block,2,朱砂砖,,consistent,中文显示“朱砂砖”与 ID（Material.CINNABAR_BRICKS）一致。作为 block 类型目标，requirement 为空符合系统设计规范（物品收集类任务由 Material ID 驱动）。,Game.runPer5Tick 每 5 tick 轮询 checkRedInventory / checkBlueInventory，检查在线队员背包与队伍共享箱是否持有 Material.CINNABAR_BRICKS。该材质在 Paper 26.2 Material 枚举中存在，代码逻辑与静态结构一致。,"src/main/java/top/lqsnow/blockracing/managers/Game.java (checkRedInventory/checkBlueInventory), src/main/java/top/lqsnow/blockracing/managers/Block.java (loadTargets)",无
747,CINNABAR_SLAB,block,2,朱砂台阶,,consistent,中文显示“朱砂台阶”与 ID（Material.CINNABAR_SLAB）一致。作为 block 类型目标，requirement 为空符合系统设计规范（物品收集类任务由 Material ID 驱动）。,Game.runPer5Tick 每 5 tick 轮询 checkRedInventory / checkBlueInventory，检查在线队员背包与队伍共享箱是否持有 Material.CINNABAR_SLAB。该材质在 Paper 26.2 Material 枚举中存在，代码逻辑与静态结构一致。,"src/main/java/top/lqsnow/blockracing/managers/Game.java (checkRedInventory/checkBlueInventory), src/main/java/top/lqsnow/blockracing/managers/Block.java (loadTargets)",无
748,CINNABAR_STAIRS,block,2,朱砂楼梯,,consistent,中文显示“朱砂楼梯”与 ID（Material.CINNABAR_STAIRS）一致。作为 block 类型目标，requirement 为空符合系统设计规范（物品收集类任务由 Material ID 驱动）。,Game.runPer5Tick 每 5 tick 轮询 checkRedInventory / checkBlueInventory，检查在线队员背包与队伍共享箱是否持有 Material.CINNABAR_STAIRS。该材质在 Paper 26.2 Material 枚举中存在，代码逻辑与静态结构一致。,"src/main/java/top/lqsnow/blockracing/managers/Game.java (checkRedInventory/checkBlueInventory), src/main/java/top/lqsnow/blockracing/managers/Block.java (loadTargets)",无
749,CINNABAR_WALL,block,2,朱砂墙,,consistent,中文显示“朱砂墙”与 ID（Material.CINNABAR_WALL）一致。作为 block 类型目标，requirement 为空符合系统设计规范（物品收集类任务由 Material ID 驱动）。,Game.runPer5Tick 每 5 tick 轮询 checkRedInventory / checkBlueInventory，检查在线队员背包与队伍共享箱是否持有 Material.CINNABAR_WALL。该材质在 Paper 26.2 Material 枚举中存在，代码逻辑与静态结构一致。,"src/main/java/top/lqsnow/blockracing/managers/Game.java (checkRedInventory/checkBlueInventory), src/main/java/top/lqsnow/blockracing/managers/Block.java (loadTargets)",无
750,POLISHED_CINNABAR,block,2,磨制朱砂,,consistent,中文显示“磨制朱砂”与 ID（Material.POLISHED_CINNABAR）一致。作为 block 类型目标，requirement 为空符合系统设计规范（物品收集类任务由 Material ID 驱动）。,Game.runPer5Tick 每 5 tick 轮询 checkRedInventory / checkBlueInventory，检查在线队员背包与队伍共享箱是否持有 Material.POLISHED_CINNABAR。该材质在 Paper 26.2 Material 枚举中存在，代码逻辑与静态结构一致。,"src/main/java/top/lqsnow/blockracing/managers/Game.java (checkRedInventory/checkBlueInventory), src/main/java/top/lqsnow/blockracing/managers/Block.java (loadTargets)",无
751,POLISHED_CINNABAR_SLAB,block,2,磨制朱砂台阶,,consistent,中文显示“磨制朱砂台阶”与 ID（Material.POLISHED_CINNABAR_SLAB）一致。作为 block 类型目标，requirement 为空符合系统设计规范（物品收集类任务由 Material ID 驱动）。,Game.runPer5Tick 每 5 tick 轮询 checkRedInventory / checkBlueInventory，检查在线队员背包与队伍共享箱是否持有 Material.POLISHED_CINNABAR_SLAB。该材质在 Paper 26.2 Material 枚举中存在，代码逻辑与静态结构一致。,"src/main/java/top/lqsnow/blockracing/managers/Game.java (checkRedInventory/checkBlueInventory), src/main/java/top/lqsnow/blockracing/managers/Block.java (loadTargets)",无
752,POLISHED_CINNABAR_STAIRS,block,2,磨制朱砂楼梯,,consistent,中文显示“磨制朱砂楼梯”与 ID（Material.POLISHED_CINNABAR_STAIRS）一致。作为 block 类型目标，requirement 为空符合系统设计规范（物品收集类任务由 Material ID 驱动）。,Game.runPer5Tick 每 5 tick 轮询 checkRedInventory / checkBlueInventory，检查在线队员背包与队伍共享箱是否持有 Material.POLISHED_CINNABAR_STAIRS。该材质在 Paper 26.2 Material 枚举中存在，代码逻辑与静态结构一致。,"src/main/java/top/lqsnow/blockracing/managers/Game.java (checkRedInventory/checkBlueInventory), src/main/java/top/lqsnow/blockracing/managers/Block.java (loadTargets)",无
753,POLISHED_CINNABAR_WALL,block,2,磨制朱砂墙,,consistent,中文显示“磨制朱砂墙”与 ID（Material.POLISHED_CINNABAR_WALL）一致。作为 block 类型目标，requirement 为空符合系统设计规范（物品收集类任务由 Material ID 驱动）。,Game.runPer5Tick 每 5 tick 轮询 checkRedInventory / checkBlueInventory，检查在线队员背包与队伍共享箱是否持有 Material.POLISHED_CINNABAR_WALL。该材质在 Paper 26.2 Material 枚举中存在，代码逻辑与静态结构一致。,"src/main/java/top/lqsnow/blockracing/managers/Game.java (checkRedInventory/checkBlueInventory), src/main/java/top/lqsnow/blockracing/managers/Block.java (loadTargets)",无
754,POLISHED_SULFUR,block,2,磨制硫黄,,consistent,中文显示“磨制硫黄”与 ID（Material.POLISHED_SULFUR）一致。作为 block 类型目标，requirement 为空符合系统设计规范（物品收集类任务由 Material ID 驱动）。,Game.runPer5Tick 每 5 tick 轮询 checkRedInventory / checkBlueInventory，检查在线队员背包与队伍共享箱是否持有 Material.POLISHED_SULFUR。该材质在 Paper 26.2 Material 枚举中存在，代码逻辑与静态结构一致。,"src/main/java/top/lqsnow/blockracing/managers/Game.java (checkRedInventory/checkBlueInventory), src/main/java/top/lqsnow/blockracing/managers/Block.java (loadTargets)",无
755,POLISHED_SULFUR_SLAB,block,2,磨制硫黄台阶,,consistent,中文显示“磨制硫黄台阶”与 ID（Material.POLISHED_SULFUR_SLAB）一致。作为 block 类型目标，requirement 为空符合系统设计规范（物品收集类任务由 Material ID 驱动）。,Game.runPer5Tick 每 5 tick 轮询 checkRedInventory / checkBlueInventory，检查在线队员背包与队伍共享箱是否持有 Material.POLISHED_SULFUR_SLAB。该材质在 Paper 26.2 Material 枚举中存在，代码逻辑与静态结构一致。,"src/main/java/top/lqsnow/blockracing/managers/Game.java (checkRedInventory/checkBlueInventory), src/main/java/top/lqsnow/blockracing/managers/Block.java (loadTargets)",无
756,POLISHED_SULFUR_STAIRS,block,2,磨制硫黄楼梯,,consistent,中文显示“磨制硫黄楼梯”与 ID（Material.POLISHED_SULFUR_STAIRS）一致。作为 block 类型目标，requirement 为空符合系统设计规范（物品收集类任务由 Material ID 驱动）。,Game.runPer5Tick 每 5 tick 轮询 checkRedInventory / checkBlueInventory，检查在线队员背包与队伍共享箱是否持有 Material.POLISHED_SULFUR_STAIRS。该材质在 Paper 26.2 Material 枚举中存在，代码逻辑与静态结构一致。,"src/main/java/top/lqsnow/blockracing/managers/Game.java (checkRedInventory/checkBlueInventory), src/main/java/top/lqsnow/blockracing/managers/Block.java (loadTargets)",无
757,POLISHED_SULFUR_WALL,block,2,磨制硫黄墙,,consistent,中文显示“磨制硫黄墙”与 ID（Material.POLISHED_SULFUR_WALL）一致。作为 block 类型目标，requirement 为空符合系统设计规范（物品收集类任务由 Material ID 驱动）。,Game.runPer5Tick 每 5 tick 轮询 checkRedInventory / checkBlueInventory，检查在线队员背包与队伍共享箱是否持有 Material.POLISHED_SULFUR_WALL。该材质在 Paper 26.2 Material 枚举中存在，代码逻辑与静态结构一致。,"src/main/java/top/lqsnow/blockracing/managers/Game.java (checkRedInventory/checkBlueInventory), src/main/java/top/lqsnow/blockracing/managers/Block.java (loadTargets)",无
758,SULFUR_BRICK_SLAB,block,2,硫黄砖台阶,,consistent,中文显示“硫黄砖台阶”与 ID（Material.SULFUR_BRICK_SLAB）一致。作为 block 类型目标，requirement 为空符合系统设计规范（物品收集类任务由 Material ID 驱动）。,Game.runPer5Tick 每 5 tick 轮询 checkRedInventory / checkBlueInventory，检查在线队员背包与队伍共享箱是否持有 Material.SULFUR_BRICK_SLAB。该材质在 Paper 26.2 Material 枚举中存在，代码逻辑与静态结构一致。,"src/main/java/top/lqsnow/blockracing/managers/Game.java (checkRedInventory/checkBlueInventory), src/main/java/top/lqsnow/blockracing/managers/Block.java (loadTargets)",无
759,SULFUR_BRICK_STAIRS,block,2,硫黄砖楼梯,,consistent,中文显示“硫黄砖楼梯”与 ID（Material.SULFUR_BRICK_STAIRS）一致。作为 block 类型目标，requirement 为空符合系统设计规范（物品收集类任务由 Material ID 驱动）。,Game.runPer5Tick 每 5 tick 轮询 checkRedInventory / checkBlueInventory，检查在线队员背包与队伍共享箱是否持有 Material.SULFUR_BRICK_STAIRS。该材质在 Paper 26.2 Material 枚举中存在，代码逻辑与静态结构一致。,"src/main/java/top/lqsnow/blockracing/managers/Game.java (checkRedInventory/checkBlueInventory), src/main/java/top/lqsnow/blockracing/managers/Block.java (loadTargets)",无
760,SULFUR_BRICK_WALL,block,2,硫黄砖墙,,consistent,中文显示“硫黄砖墙”与 ID（Material.SULFUR_BRICK_WALL）一致。作为 block 类型目标，requirement 为空符合系统设计规范（物品收集类任务由 Material ID 驱动）。,Game.runPer5Tick 每 5 tick 轮询 checkRedInventory / checkBlueInventory，检查在线队员背包与队伍共享箱是否持有 Material.SULFUR_BRICK_WALL。该材质在 Paper 26.2 Material 枚举中存在，代码逻辑与静态结构一致。,"src/main/java/top/lqsnow/blockracing/managers/Game.java (checkRedInventory/checkBlueInventory), src/main/java/top/lqsnow/blockracing/managers/Block.java (loadTargets)",无
761,SULFUR_BRICKS,block,2,硫黄砖,,consistent,中文显示“硫黄砖”与 ID（Material.SULFUR_BRICKS）一致。作为 block 类型目标，requirement 为空符合系统设计规范（物品收集类任务由 Material ID 驱动）。,Game.runPer5Tick 每 5 tick 轮询 checkRedInventory / checkBlueInventory，检查在线队员背包与队伍共享箱是否持有 Material.SULFUR_BRICKS。该材质在 Paper 26.2 Material 枚举中存在，代码逻辑与静态结构一致。,"src/main/java/top/lqsnow/blockracing/managers/Game.java (checkRedInventory/checkBlueInventory), src/main/java/top/lqsnow/blockracing/managers/Block.java (loadTargets)",无
762,SULFUR_SLAB,block,2,硫黄台阶,,consistent,中文显示“硫黄台阶”与 ID（Material.SULFUR_SLAB）一致。作为 block 类型目标，requirement 为空符合系统设计规范（物品收集类任务由 Material ID 驱动）。,Game.runPer5Tick 每 5 tick 轮询 checkRedInventory / checkBlueInventory，检查在线队员背包与队伍共享箱是否持有 Material.SULFUR_SLAB。该材质在 Paper 26.2 Material 枚举中存在，代码逻辑与静态结构一致。,"src/main/java/top/lqsnow/blockracing/managers/Game.java (checkRedInventory/checkBlueInventory), src/main/java/top/lqsnow/blockracing/managers/Block.java (loadTargets)",无
763,SULFUR_STAIRS,block,2,硫黄楼梯,,consistent,中文显示“硫黄楼梯”与 ID（Material.SULFUR_STAIRS）一致。作为 block 类型目标，requirement 为空符合系统设计规范（物品收集类任务由 Material ID 驱动）。,Game.runPer5Tick 每 5 tick 轮询 checkRedInventory / checkBlueInventory，检查在线队员背包与队伍共享箱是否持有 Material.SULFUR_STAIRS。该材质在 Paper 26.2 Material 枚举中存在，代码逻辑与静态结构一致。,"src/main/java/top/lqsnow/blockracing/managers/Game.java (checkRedInventory/checkBlueInventory), src/main/java/top/lqsnow/blockracing/managers/Block.java (loadTargets)",无
764,SULFUR_WALL,block,2,硫黄墙,,consistent,中文显示“硫黄墙”与 ID（Material.SULFUR_WALL）一致。作为 block 类型目标，requirement 为空符合系统设计规范（物品收集类任务由 Material ID 驱动）。,Game.runPer5Tick 每 5 tick 轮询 checkRedInventory / checkBlueInventory，检查在线队员背包与队伍共享箱是否持有 Material.SULFUR_WALL。该材质在 Paper 26.2 Material 枚举中存在，代码逻辑与静态结构一致。,"src/main/java/top/lqsnow/blockracing/managers/Game.java (checkRedInventory/checkBlueInventory), src/main/java/top/lqsnow/blockracing/managers/Block.java (loadTargets)",无
765,POTENT_SULFUR,block,3,烈性硫黄,,consistent,中文显示“烈性硫黄”与 ID（Material.POTENT_SULFUR）一致。作为 block 类型目标，requirement 为空符合系统设计规范（物品收集类任务由 Material ID 驱动）。,Game.runPer5Tick 每 5 tick 轮询 checkRedInventory / checkBlueInventory，检查在线队员背包与队伍共享箱是否持有 Material.POTENT_SULFUR。该材质在 Paper 26.2 Material 枚举中存在，代码逻辑与静态结构一致。,"src/main/java/top/lqsnow/blockracing/managers/Game.java (checkRedInventory/checkBlueInventory), src/main/java/top/lqsnow/blockracing/managers/Block.java (loadTargets)",无
